// SPDX-License-Identifier: Apache-2.0
#include "baby_monitor.h"

#include "esp_wifi.h"

#include <algorithm>
#include <cerrno>
#include <cctype>
#include <cstring>
#include <cstdlib>
#include <fcntl.h>
#include <sstream>
#include <new>

#include "esp_system.h"
#include "esp_heap_caps.h"
#include "esp_timer.h"
#include "esphome/components/audio/audio.h"
#include "esphome/components/network/util.h"
#include "esphome/components/display/display_color_utils.h"
#include "lwip/netdb.h"
#include "lwip/sockets.h"
#include "mbedtls/base64.h"
#include "mbedtls/md.h"

namespace esphome::baby_monitor {

static const char *const TAG = "baby_monitor";
static constexpr uint32_t RTSP_RETRY_INITIAL_MS = 2000;
static constexpr uint32_t RTSP_RETRY_MAX_MS = 30000;
static constexpr uint32_t RTSP_CONNECT_TIMEOUT_MS = 3000;
static constexpr uint32_t RTSP_SOCKET_TIMEOUT_MS = 3000;
static constexpr uint32_t RTSP_STATS_INTERVAL_MS = 5000;
static constexpr uint32_t NO_STREAM_PLACEHOLDER_GRACE_MS = 4000;
static constexpr size_t MAX_RTP_JPEG_SCAN = 96 * 1024;
static constexpr size_t MAX_INTERCHANGE_JPEG = 104 * 1024;
static constexpr size_t VIDEO_WIDTH = 320;
static constexpr size_t VIDEO_HEIGHT = 240;
static constexpr size_t VIDEO_FRAMEBUFFER_BYTES = VIDEO_WIDTH * VIDEO_HEIGHT * 2;
// v1.4.1-dev9: persistent internal/DMA staging buffer for LCD transfers.
// The QVGA framebuffer remains in PSRAM; only 16 rows are copied at a time
// into DMA-capable internal DRAM before draw_pixels_at().
static constexpr size_t LCD_DMA_STAGE_ROWS = 16;
static constexpr size_t LCD_DMA_STAGE_BYTES = VIDEO_WIDTH * LCD_DMA_STAGE_ROWS * 2;
static constexpr size_t VIDEO_QUEUE_DEPTH = 1;
static constexpr size_t AAC_PCM_MAX_BYTES = 16 * 1024;
// dev9 safety reserve after esp_aac_dec_open(). Below these values the prior
// dev7 run reached APIOverflowBuffer::enqueue_iov -> operator new[] -> abort.
static constexpr size_t AAC_INTERNAL_GUARD_FREE_BYTES = 32 * 1024;
static constexpr size_t AAC_INTERNAL_GUARD_LARGEST_BYTES = 16 * 1024;
static constexpr size_t AAC_DMA_GUARD_FREE_BYTES = 24 * 1024;
static constexpr size_t AAC_DMA_GUARD_LARGEST_BYTES = 8 * 1024;
static constexpr size_t AUDIO_QUEUE_DEPTH = 8;
static constexpr uint32_t AUDIO_WRITE_STALL_MS = 500;
// v1.4.1-dev9: keep the proven stack capacities from dev8, but request only
// the media-task stack storage from SPIRAM. The FreeRTOS TCB is always internal.
static constexpr uint32_t AUDIO_TASK_STACK_BYTES = 16 * 1024;
static constexpr uint32_t VIDEO_TASK_STACK_BYTES = 16 * 1024;
static constexpr uint32_t RTSP_TASK_STACK_BYTES = 24 * 1024;

// Private v1.0.0 visual variant: 320x240 RGB565 placeholder, RLE encoded.
static const uint16_t NO_STREAM_PLACEHOLDER_RLE[] = {
  0x0002, 0x3186,
  0x000e, 0x31a6,
  0x0006, 0x3186,
  0x000a, 0x31a6,
  0x0006, 0x3186,
  0x0006, 0x31a6,
  0x0007, 0x3186,
  0x0015, 0x31a6,
  0x0004, 0x3186,
  0x0015, 0x31a6,
  0x0003, 0x3186,
  0x0003, 0x31a6,
  0x0001, 0x3186,
  0x002c, 0x31a6,
  0x0001, 0x3186,
  0x003b, 0x31a6,
  0x000d, 0x3186,
  0x0004, 0x31a6,
  0x000b, 0x3186,
  0x0002, 0x31a6,
  0x0003, 0x3186,
  0x000d, 0x31a6,
  0x0007, 0x3186,
  0x0003, 0x31a6,
  0x000a, 0x3186,
  0x0001, 0x31a6,
  0x0008, 0x3186,
  0x001e, 0x31a6,
  0x0002, 0x3186,
  0x0002, 0x31a6,
  0x0005, 0x3186,
  0x000e, 0x31a6,
  0x0007, 0x3186,
  0x000a, 0x31a6,
  0x0005, 0x3186,
  0x0007, 0x31a6,
  0x0008, 0x3186,
  0x0013, 0x31a6,
  0x0004, 0x3186,
  0x0016, 0x31a6,
  0x0002, 0x3186,
  0x0003, 0x31a6,
  0x0001, 0x3186,
  0x0019, 0x31a6,
  0x0001, 0x3186,
  0x000f, 0x31a6,
  0x0001, 0x3186,
  0x003f, 0x31a6,
  0x0006, 0x3186,
  0x0001, 0x31a6,
  0x0005, 0x3186,
  0x0005, 0x31a6,
  0x000a, 0x3186,
  0x0002, 0x31a6,
  0x0003, 0x3186,
  0x000d, 0x31a6,
  0x0007, 0x3186,
  0x0002, 0x31a6,
  0x000b, 0x3186,
  0x0001, 0x31a6,
  0x0008, 0x3186,
  0x0003, 0x31a6,
  0x0001, 0x3186,
  0x0009, 0x31a6,
  0x0001, 0x3186,
  0x0005, 0x31a6,
  0x0001, 0x3186,
  0x0011, 0x31a6,
  0x0002, 0x3186,
  0x000e, 0x31a6,
  0x0007, 0x3186,
  0x000b, 0x31a6,
  0x0003, 0x3186,
  0x0009, 0x31a6,
  0x0007, 0x3186,
  0x003a, 0x31a6,
  0x0001, 0x3186,
  0x0064, 0x31a6,
  0x0005, 0x3186,
  0x0003, 0x31a6,
  0x0001, 0x3186,
  0x0005, 0x31a6,
  0x0001, 0x3186,
  0x0002, 0x31a6,
  0x0007, 0x3186,
  0x0002, 0x31a6,
  0x0003, 0x3186,
  0x000e, 0x31a6,
  0x0006, 0x3186,
  0x0003, 0x31a6,
  0x0002, 0x3186,
  0x0002, 0x31a6,
  0x0006, 0x3186,
  0x0001, 0x31a6,
  0x0009, 0x3186,
  0x000c, 0x31a6,
  0x0001, 0x3186,
  0x0017, 0x31a6,
  0x0002, 0x3186,
  0x000e, 0x31a6,
  0x0001, 0x3186,
  0x0002, 0x31a6,
  0x0002, 0x3186,
  0x000e, 0x31a6,
  0x0001, 0x3186,
  0x0009, 0x31a6,
  0x0007, 0x3186,
  0x0017, 0x31a6,
  0x0001, 0x3186,
  0x0088, 0x31a6,
  0x0005, 0x3186,
  0x000c, 0x31a6,
  0x0007, 0x3186,
  0x0002, 0x31a6,
  0x0004, 0x3186,
  0x000d, 0x31a6,
  0x0002, 0x3186,
  0x0001, 0x31a6,
  0x0003, 0x3186,
  0x0001, 0x31a6,
  0x0002, 0x3186,
  0x0002, 0x31a6,
  0x0008, 0x3186,
  0x0003, 0x31a6,
  0x0007, 0x3186,
  0x0024, 0x31a6,
  0x0002, 0x3186,
  0x002c, 0x31a6,
  0x0005, 0x3186,
  0x0018, 0x31a6,
  0x0001, 0x3186,
  0x008a, 0x31a6,
  0x0003, 0x3186,
  0x0006, 0x31a6,
  0x0001, 0x3186,
  0x0005, 0x31a6,
  0x000f, 0x3186,
  0x000b, 0x31a6,
  0x0006, 0x3186,
  0x0001, 0x31a6,
  0x0002, 0x3186,
  0x0003, 0x31a6,
  0x0007, 0x3186,
  0x0003, 0x31a6,
  0x0005, 0x3186,
  0x003e, 0x31a6,
  0x0001, 0x3186,
  0x0018, 0x31a6,
  0x0002, 0x3186,
  0x000a, 0x31a6,
  0x0001, 0x3186,
  0x0098, 0x31a6,
  0x0004, 0x3186,
  0x000b, 0x31a6,
  0x000a, 0x3186,
  0x0003, 0x31a6,
  0x0002, 0x3186,
  0x0005, 0x31a6,
  0x0002, 0x3186,
  0x0005, 0x31a6,
  0x0005, 0x3186,
  0x0005, 0x31a6,
  0x0008, 0x3186,
  0x0001, 0x31a6,
  0x0005, 0x3186,
  0x0004, 0x31a6,
  0x0002, 0x3186,
  0x000e, 0x31a6,
  0x0003, 0x3186,
  0x0010, 0x31a6,
  0x0001, 0x3186,
  0x0011, 0x31a6,
  0x0002, 0x3186,
  0x0004, 0x31a6,
  0x0003, 0x3186,
  0x0002, 0x31a6,
  0x0002, 0x3186,
  0x0013, 0x31a6,
  0x0002, 0x3186,
  0x0003, 0x31a6,
  0x0001, 0x3186,
  0x0005, 0x31a6,
  0x0002, 0x3186,
  0x000f, 0x31a6,
  0x0006, 0x3186,
  0x0021, 0x31a6,
  0x0001, 0x3186,
  0x0008, 0x31a6,
  0x0004, 0x3186,
  0x0057, 0x31a6,
  0x0002, 0x3186,
  0x000b, 0x31a6,
  0x000f, 0x3186,
  0x0001, 0x31a6,
  0x0003, 0x3186,
  0x0001, 0x31a6,
  0x0002, 0x3186,
  0x0004, 0x31a6,
  0x0005, 0x3186,
  0x0002, 0x31a6,
  0x000a, 0x3186,
  0x0001, 0x31a6,
  0x0007, 0x3186,
  0x0001, 0x31a6,
  0x0006, 0x3186,
  0x000c, 0x31a6,
  0x0004, 0x3186,
  0x000f, 0x31a6,
  0x0002, 0x3186,
  0x0011, 0x31a6,
  0x0002, 0x3186,
  0x0004, 0x31a6,
  0x0007, 0x3186,
  0x0010, 0x31a6,
  0x0005, 0x3186,
  0x0003, 0x31a6,
  0x0002, 0x3186,
  0x0002, 0x31a6,
  0x0004, 0x3186,
  0x0001, 0x31a6,
  0x0001, 0x3186,
  0x000a, 0x31a6,
  0x0002, 0x3186,
  0x0001, 0x31a6,
  0x0007, 0x3186,
  0x0019, 0x31a6,
  0x0001, 0x3186,
  0x0008, 0x31a6,
  0x0001, 0x3186,
  0x0006, 0x31a6,
  0x0008, 0x3186,
  0x004f, 0x31a6,
  0x0008, 0x3186,
  0x0008, 0x31a6,
  0x0015, 0x3186,
  0x0003, 0x31a6,
  0x0002, 0x3186,
  0x0001, 0x31a6,
  0x0001, 0x3186,
  0x0001, 0x31a6,
  0x0002, 0x3186,
  0x0001, 0x31a6,
  0x0018, 0x3186,
  0x0001, 0x31a6,
  0x0002, 0x3186,
  0x000c, 0x31a6,
  0x0003, 0x3186,
  0x0001, 0x31a6,
  0x0001, 0x3186,
  0x000e, 0x31a6,
  0x0002, 0x3186,
  0x0010, 0x31a6,
  0x0001, 0x3186,
  0x0006, 0x31a6,
  0x0009, 0x3186,
  0x000e, 0x31a6,
  0x0005, 0x3186,
  0x0002, 0x31a6,
  0x0007, 0x3186,
  0x0001, 0x31a6,
  0x0002, 0x3186,
  0x0001, 0x31a6,
  0x0002, 0x3186,
  0x0008, 0x31a6,
  0x0002, 0x3186,
  0x0004, 0x31a6,
  0x0003, 0x3186,
  0x0001, 0x31a6,
  0x0001, 0x3186,
  0x000c, 0x31a6,
  0x0002, 0x3186,
  0x0001, 0x31a6,
  0x0001, 0x3186,
  0x0016, 0x31a6,
  0x0004, 0x3186,
  0x0001, 0x31a6,
  0x0001, 0x3186,
  0x0001, 0x31a6,
  0x0002, 0x3186,
  0x0001, 0x31a6,
  0x0002, 0x3186,
  0x0003, 0x31a6,
  0x0002, 0x3186,
  0x000c, 0x31a6,
  0x0001, 0x3186,
  0x000f, 0x31a6,
  0x0002, 0x3186,
  0x0003, 0x31a6,
  0x0002, 0x3186,
  0x0001, 0x31a6,
  0x0001, 0x3186,
  0x0001, 0x31a6,
  0x0004, 0x3186,
  0x0001, 0x31a6,
  0x0002, 0x3186,
  0x001a, 0x31a6,
  0x0002, 0x3186,
  0x0001, 0x31a6,
  0x0006, 0x3186,
  0x0008, 0x31a6,
  0x0014, 0x3186,
  0x0002, 0x31a6,
  0x0023, 0x3186,
  0x000c, 0x31a6,
  0x0002, 0x3186,
  0x0003, 0x31a6,
  0x0005, 0x3186,
  0x0002, 0x31a6,
  0x0002, 0x3186,
  0x0005, 0x31a6,
  0x0002, 0x3186,
  0x0012, 0x31a6,
  0x0002, 0x3186,
  0x0004, 0x31a6,
  0x000a, 0x3186,
  0x000d, 0x31a6,
  0x0007, 0x3186,
  0x0001, 0x31a6,
  0x0003, 0x3186,
  0x0002, 0x31a6,
  0x0009, 0x3186,
  0x0003, 0x31a6,
  0x0001, 0x3186,
  0x0003, 0x31a6,
  0x0002, 0x3186,
  0x0005, 0x31a6,
  0x0002, 0x3186,
  0x0001, 0x31a6,
  0x0001, 0x3186,
  0x0007, 0x31a6,
  0x0001, 0x3186,
  0x0004, 0x31a6,
  0x0001, 0x3186,
  0x0002, 0x31a6,
  0x0001, 0x3186,
  0x0016, 0x31a6,
  0x0004, 0x3186,
  0x0003, 0x31a6,
  0x0002, 0x3186,
  0x0001, 0x31a6,
  0x0002, 0x3186,
  0x0003, 0x31a6,
  0x0002, 0x3186,
  0x001c, 0x31a6,
  0x0008, 0x3186,
  0x0003, 0x31a6,
  0x0006, 0x3186,
  0x0001, 0x31a6,
  0x0002, 0x3186,
  0x0012, 0x31a6,
  0x0002, 0x3186,
  0x0004, 0x31a6,
  0x0001, 0x3186,
  0x0001, 0x31a6,
  0x0006, 0x3186,
  0x0001, 0x31a6,
  0x0003, 0x3186,
  0x0005, 0x31a6,
  0x000d, 0x3186,
  0x0002, 0x31a6,
  0x0003, 0x3186,
  0x0001, 0x31a6,
  0x0025, 0x3186,
  0x0001, 0x31a6,
  0x0002, 0x3186,
  0x0009, 0x31a6,
  0x0001, 0x3186,
  0x0001, 0x31a6,
  0x0005, 0x3186,
  0x0005, 0x31a6,
  0x0002, 0x3186,
  0x0019, 0x31a6,
  0x0010, 0x3186,
  0x000b, 0x31a6,
  0x0005, 0x3186,
  0x0002, 0x31a6,
  0x0002, 0x3186,
  0x0002, 0x31a6,
  0x0002, 0x3186,
  0x0002, 0x31a6,
  0x000c, 0x3186,
  0x0004, 0x31a6,
  0x0002, 0x3186,
  0x0005, 0x31a6,
  0x0002, 0x3186,
  0x0001, 0x31a6,
  0x0001, 0x3186,
  0x0007, 0x31a6,
  0x0001, 0x3186,
  0x0001, 0x31a6,
  0x0002, 0x3186,
  0x0002, 0x31a6,
  0x0001, 0x3186,
  0x0019, 0x31a6,
  0x0002, 0x3186,
  0x0004, 0x31a6,
  0x0003, 0x3186,
  0x0002, 0x31a6,
  0x0001, 0x3186,
  0x0001, 0x31a6,
  0x0005, 0x3186,
  0x0001, 0x31a6,
  0x0009, 0x3186,
  0x0001, 0x31a6,
  0x0003, 0x3186,
  0x000e, 0x31a6,
  0x0008, 0x3186,
  0x0001, 0x31a6,
  0x0004, 0x3186,
  0x0001, 0x31a6,
  0x0001, 0x3186,
  0x0001, 0x31a6,
  0x0006, 0x3186,
  0x000e, 0x31a6,
  0x0002, 0x3186,
  0x0002, 0x31a6,
  0x0003, 0x3186,
  0x0003, 0x31a6,
  0x0004, 0x3186,
  0x0001, 0x31a6,
  0x0004, 0x3186,
  0x0001, 0x31a6,
  0x0003, 0x3186,
  0x0002, 0x31a6,
  0x000b, 0x3186,
  0x0002, 0x31a6,
  0x0003, 0x3186,
  0x0001, 0x31a6,
  0x0022, 0x3186,
  0x0004, 0x31a6,
  0x0002, 0x3186,
  0x0006, 0x31a6,
  0x0004, 0x3186,
  0x0001, 0x31a6,
  0x0003, 0x3186,
  0x0001, 0x31a6,
  0x0002, 0x3186,
  0x0002, 0x31a6,
  0x0002, 0x3186,
  0x0001, 0x31a6,
  0x0001, 0x3186,
  0x0001, 0x31a6,
  0x0001, 0x3186,
  0x0014, 0x31a6,
  0x0002, 0x3186,
  0x0001, 0x31a6,
  0x0011, 0x3186,
  0x0006, 0x31a6,
  0x0002, 0x3186,
  0x0001, 0x31a6,
  0x0004, 0x3186,
  0x0001, 0x31a6,
  0x0002, 0x3186,
  0x0001, 0x31a6,
  0x0002, 0x3186,
  0x0002, 0x31a6,
  0x0001, 0x3186,
  0x0003, 0x31a6,
  0x0002, 0x3186,
  0x0001, 0x31a6,
  0x0009, 0x3186,
  0x0004, 0x31a6,
  0x0002, 0x3186,
  0x0001, 0x31a6,
  0x0008, 0x3186,
  0x0007, 0x31a6,
  0x0001, 0x3186,
  0x0001, 0x31a6,
  0x0002, 0x3186,
  0x0002, 0x31a6,
  0x0001, 0x3186,
  0x0001, 0x31a6,
  0x0003, 0x3186,
  0x001d, 0x31a6,
  0x001c, 0x3186,
  0x000b, 0x31a6,
  0x0004, 0x3186,
  0x0001, 0x31a6,
  0x0002, 0x3186,
  0x0001, 0x31a6,
  0x000f, 0x3186,
  0x0007, 0x31a6,
  0x0001, 0x3186,
  0x0004, 0x31a6,
  0x0002, 0x3186,
  0x0002, 0x31a6,
  0x0003, 0x3186,
  0x0001, 0x31a6,
  0x0011, 0x3186,
  0x0001, 0x31a6,
  0x000a, 0x3186,
  0x0005, 0x31a6,
  0x0023, 0x3186,
  0x0006, 0x31a6,
  0x0002, 0x3186,
  0x0004, 0x31a6,
  0x0003, 0x3186,
  0x0003, 0x31a6,
  0x0009, 0x3186,
  0x0003, 0x31a6,
  0x0002, 0x3186,
  0x0011, 0x31a6,
  0x0018, 0x3186,
  0x0002, 0x31a6,
  0x0001, 0x3186,
  0x0003, 0x31a6,
  0x0006, 0x3186,
  0x0001, 0x31a6,
  0x0004, 0x3186,
  0x0002, 0x31a6,
  0x0001, 0x3186,
  0x0004, 0x31a6,
  0x0007, 0x3186,
  0x0002, 0x31a6,
  0x0004, 0x3186,
  0x0004, 0x31a6,
  0x0004, 0x3186,
  0x0001, 0x31a6,
  0x0004, 0x3186,
  0x000a, 0x31a6,
  0x000c, 0x3186,
  0x0017, 0x31a6,
  0x001e, 0x3186,
  0x0009, 0x31a6,
  0x0006, 0x3186,
  0x0004, 0x31a6,
  0x0007, 0x3186,
  0x0001, 0x31a6,
  0x0007, 0x3186,
  0x0001, 0x31a6,
  0x0002, 0x3186,
  0x000e, 0x31a6,
  0x0023, 0x3186,
  0x0001, 0x31a6,
  0x0026, 0x3186,
  0x0003, 0x31a6,
  0x0002, 0x3186,
  0x0003, 0x31a6,
  0x0002, 0x3186,
  0x0007, 0x31a6,
  0x0006, 0x3186,
  0x0002, 0x31a6,
  0x0001, 0x3186,
  0x0002, 0x31a6,
  0x0001, 0x3186,
  0x0010, 0x31a6,
  0x0016, 0x3186,
  0x0001, 0x31a6,
  0x0002, 0x3186,
  0x0002, 0x31a6,
  0x0001, 0x3186,
  0x0001, 0x31a6,
  0x0001, 0x3186,
  0x0001, 0x31a6,
  0x0008, 0x3186,
  0x0004, 0x31a6,
  0x0002, 0x3186,
  0x0004, 0x31a6,
  0x0004, 0x3186,
  0x0001, 0x31a6,
  0x0003, 0x3186,
  0x0001, 0x31a6,
  0x0004, 0x3186,
  0x0004, 0x31a6,
  0x0006, 0x3186,
  0x000d, 0x31a6,
  0x000c, 0x3186,
  0x0017, 0x31a6,
  0x0016, 0x3186,
  0x0002, 0x31a6,
  0x0006, 0x3186,
  0x0009, 0x31a6,
  0x0007, 0x3186,
  0x0001, 0x31a6,
  0x0015, 0x3186,
  0x0009, 0x31a6,
  0x0003, 0x3186,
  0x0002, 0x31a6,
  0x0001, 0x3186,
  0x0001, 0x31a6,
  0x000a, 0x3186,
  0x0001, 0x31a6,
  0x0015, 0x3186,
  0x0001, 0x31a6,
  0x002b, 0x3186,
  0x0003, 0x31a6,
  0x0002, 0x3186,
  0x0006, 0x31a6,
  0x000a, 0x3186,
  0x0009, 0x31a6,
  0x0006, 0x3186,
  0x0003, 0x31a6,
  0x0003, 0x3186,
  0x0001, 0x31a6,
  0x0015, 0x3186,
  0x0005, 0x31a6,
  0x000d, 0x3186,
  0x0001, 0x31a6,
  0x0002, 0x3186,
  0x0005, 0x31a6,
  0x0007, 0x3186,
  0x0001, 0x31a6,
  0x0001, 0x3186,
  0x0002, 0x31a6,
  0x0002, 0x3186,
  0x0004, 0x31a6,
  0x0005, 0x3186,
  0x000d, 0x31a6,
  0x0007, 0x3186,
  0x0003, 0x31a6,
  0x0002, 0x3186,
  0x0015, 0x31a6,
  0x0001, 0x3186,
  0x0004, 0x31a6,
  0x001b, 0x3186,
  0x000d, 0x31a6,
  0x0003, 0x3186,
  0x0001, 0x31a6,
  0x0003, 0x3186,
  0x0001, 0x31a6,
  0x000b, 0x3186,
  0x0002, 0x31a6,
  0x0002, 0x3186,
  0x0001, 0x31a6,
  0x0001, 0x3186,
  0x0005, 0x31a6,
  0x0002, 0x3186,
  0x0001, 0x31a6,
  0x0005, 0x3186,
  0x0001, 0x31a6,
  0x0001, 0x3186,
  0x0001, 0x31a6,
  0x0003, 0x3186,
  0x0002, 0x31a6,
  0x0016, 0x3186,
  0x0001, 0x31a6,
  0x0004, 0x3186,
  0x0001, 0x31a6,
  0x002d, 0x3186,
  0x0006, 0x31a6,
  0x0002, 0x3186,
  0x0001, 0x31a6,
  0x0001, 0x3186,
  0x0001, 0x31a6,
  0x0008, 0x3186,
  0x0009, 0x31a6,
  0x000c, 0x3186,
  0x0002, 0x31a6,
  0x0012, 0x3186,
  0x0005, 0x31a6,
  0x0001, 0x3186,
  0x0001, 0x31a6,
  0x000f, 0x3186,
  0x0002, 0x31a6,
  0x0003, 0x3186,
  0x0002, 0x31a6,
  0x0001, 0x3186,
  0x0003, 0x31a6,
  0x0002, 0x3186,
  0x0002, 0x31a6,
  0x0004, 0x3186,
  0x0004, 0x31a6,
  0x0002, 0x3186,
  0x0003, 0x31a6,
  0x0002, 0x3186,
  0x000a, 0x31a6,
  0x0002, 0x3186,
  0x0003, 0x31a6,
  0x0002, 0x3186,
  0x0001, 0x31a6,
  0x0002, 0x3186,
  0x001f, 0x31a6,
  0x0002, 0x3186,
  0x0001, 0x31a6,
  0x0002, 0x3186,
  0x0001, 0x31a6,
  0x000d, 0x3186,
  0x0002, 0x31a6,
  0x0004, 0x3186,
  0x000e, 0x31a6,
  0x0006, 0x3186,
  0x0001, 0x31a6,
  0x0005, 0x3186,
  0x0004, 0x31a6,
  0x0002, 0x3186,
  0x0003, 0x31a6,
  0x0002, 0x3186,
  0x0002, 0x31a6,
  0x0001, 0x3186,
  0x0005, 0x31a6,
  0x0002, 0x3186,
  0x0001, 0x31a6,
  0x0004, 0x3186,
  0x0001, 0x31a6,
  0x0003, 0x3186,
  0x0003, 0x31a6,
  0x0017, 0x3186,
  0x0002, 0x31a6,
  0x0001, 0x3186,
  0x0001, 0x31a6,
  0x0022, 0x3186,
  0x0001, 0x31a6,
  0x0006, 0x3186,
  0x0003, 0x31a6,
  0x0004, 0x3186,
  0x0001, 0x31a6,
  0x0002, 0x3186,
  0x0002, 0x31a6,
  0x0002, 0x3186,
  0x0004, 0x31a6,
  0x0001, 0x3186,
  0x0001, 0x31a6,
  0x0004, 0x3186,
  0x0009, 0x31a6,
  0x0026, 0x3186,
  0x0001, 0x31a6,
  0x0017, 0x3186,
  0x0002, 0x31a6,
  0x000f, 0x3186,
  0x0001, 0x31a6,
  0x0006, 0x3186,
  0x0008, 0x31a6,
  0x0008, 0x3186,
  0x0002, 0x31a6,
  0x0005, 0x3186,
  0x001b, 0x31a6,
  0x0001, 0x3186,
  0x0001, 0x31a6,
  0x000e, 0x3186,
  0x0001, 0x31a6,
  0x0005, 0x3186,
  0x0001, 0x31a6,
  0x0001, 0x3186,
  0x000d, 0x31a6,
  0x0003, 0x3186,
  0x0006, 0x31a6,
  0x0005, 0x3186,
  0x0002, 0x31a6,
  0x0002, 0x3186,
  0x0008, 0x31a6,
  0x0004, 0x3186,
  0x0002, 0x31a6,
  0x0007, 0x3186,
  0x0002, 0x31a6,
  0x0002, 0x3186,
  0x0004, 0x31a6,
  0x0016, 0x3186,
  0x0001, 0x31a6,
  0x0001, 0x3186,
  0x0003, 0x31a6,
  0x0027, 0x3186,
  0x0004, 0x31a6,
  0x0003, 0x3186,
  0x0001, 0x31a6,
  0x0003, 0x3186,
  0x0001, 0x31a6,
  0x000d, 0x3186,
  0x0009, 0x31a6,
  0x0022, 0x3186,
  0x0001, 0x31a6,
  0x0005, 0x3186,
  0x0001, 0x31a6,
  0x0026, 0x3186,
  0x0001, 0x31a6,
  0x0003, 0x3186,
  0x0001, 0x31a6,
  0x0003, 0x3186,
  0x0001, 0x31a6,
  0x0001, 0x3186,
  0x0001, 0x31a6,
  0x0001, 0x3186,
  0x0001, 0x31a6,
  0x0001, 0x3186,
  0x0001, 0x31a6,
  0x0003, 0x3186,
  0x0003, 0x31a6,
  0x0003, 0x3186,
  0x0001, 0x31a6,
  0x0005, 0x3186,
  0x001d, 0x31a6,
  0x000e, 0x3186,
  0x0001, 0x31a6,
  0x0005, 0x3186,
  0x000f, 0x31a6,
  0x0003, 0x3186,
  0x0006, 0x31a6,
  0x0002, 0x3186,
  0x0005, 0x31a6,
  0x0002, 0x3186,
  0x0008, 0x31a6,
  0x0003, 0x3186,
  0x0001, 0x31a6,
  0x0009, 0x3186,
  0x0002, 0x31a6,
  0x0002, 0x3186,
  0x0006, 0x31a6,
  0x0014, 0x3186,
  0x0001, 0x31a6,
  0x0001, 0x3186,
  0x0001, 0x31a6,
  0x0023, 0x3186,
  0x0002, 0x31a6,
  0x0007, 0x3186,
  0x0001, 0x31a6,
  0x000b, 0x3186,
  0x0002, 0x31a6,
  0x0002, 0x3186,
  0x0001, 0x31a6,
  0x0005, 0x3186,
  0x0009, 0x31a6,
  0x0007, 0x3186,
  0x0001, 0x31a6,
  0x001a, 0x3186,
  0x0001, 0x31a6,
  0x0016, 0x3186,
  0x0001, 0x31a6,
  0x0003, 0x3186,
  0x0001, 0x31a6,
  0x0011, 0x3186,
  0x0005, 0x31a6,
  0x0003, 0x3186,
  0x0001, 0x31a6,
  0x0003, 0x3186,
  0x0001, 0x31a6,
  0x0001, 0x3186,
  0x0002, 0x31a6,
  0x0002, 0x3186,
  0x0003, 0x31a6,
  0x0003, 0x3186,
  0x0024, 0x31a6,
  0x0003, 0x3186,
  0x0003, 0x31a6,
  0x0002, 0x3186,
  0x0006, 0x31a6,
  0x0007, 0x3186,
  0x0008, 0x31a6,
  0x0001, 0x3186,
  0x0002, 0x31a6,
  0x0002, 0x3186,
  0x0017, 0x31a6,
  0x0001, 0x3186,
  0x0006, 0x31a6,
  0x0003, 0x3186,
  0x0001, 0x31a6,
  0x0005, 0x3186,
  0x000b, 0x31a6,
  0x0013, 0x3186,
  0x0003, 0x31a6,
  0x002c, 0x3186,
  0x0001, 0x31a6,
  0x0005, 0x3186,
  0x0001, 0x31a6,
  0x0005, 0x3186,
  0x0001, 0x31a6,
  0x0009, 0x3186,
  0x0009, 0x31a6,
  0x0002, 0x3186,
  0x0001, 0x31a6,
  0x001f, 0x3186,
  0x0002, 0x31a6,
  0x0011, 0x3186,
  0x0001, 0x31a6,
  0x0001, 0x3186,
  0x0003, 0x31a6,
  0x0001, 0x3186,
  0x0001, 0x31a6,
  0x0001, 0x3186,
  0x0001, 0x31a6,
  0x000e, 0x3186,
  0x0001, 0x31a6,
  0x0004, 0x3186,
  0x0003, 0x31a6,
  0x0001, 0x3186,
  0x0002, 0x31a6,
  0x0002, 0x3186,
  0x0001, 0x31a6,
  0x0002, 0x3186,
  0x0003, 0x31a6,
  0x0003, 0x3186,
  0x003a, 0x31a6,
  0x0004, 0x3186,
  0x000b, 0x31a6,
  0x0002, 0x3186,
  0x0001, 0x31a6,
  0x0001, 0x3186,
  0x001f, 0x31a6,
  0x0002, 0x3186,
  0x0002, 0x31a6,
  0x0002, 0x3186,
  0x000b, 0x31a6,
  0x0013, 0x3186,
  0x0003, 0x31a6,
  0x0030, 0x3186,
  0x0005, 0x31a6,
  0x0004, 0x3186,
  0x0001, 0x31a6,
  0x0001, 0x3186,
  0x0001, 0x31a6,
  0x0007, 0x3186,
  0x0008, 0x31a6,
  0x0007, 0x3186,
  0x0001, 0x31a6,
  0x001a, 0x3186,
  0x0003, 0x31a6,
  0x0002, 0x3186,
  0x0003, 0x31a6,
  0x000b, 0x3186,
  0x0001, 0x31a6,
  0x0001, 0x3186,
  0x0002, 0x31a6,
  0x0018, 0x3186,
  0x0001, 0x31a6,
  0x0007, 0x3186,
  0x0052, 0x31a6,
  0x0002, 0x3186,
  0x0001, 0x31a6,
  0x0001, 0x3186,
  0x0018, 0x31a6,
  0x0003, 0x3186,
  0x0003, 0x31a6,
  0x0003, 0x3186,
  0x0002, 0x31a6,
  0x0002, 0x3186,
  0x0008, 0x31a6,
  0x0018, 0x3186,
  0x0002, 0x31a6,
  0x002f, 0x3186,
  0x0002, 0x31a6,
  0x0002, 0x3186,
  0x0001, 0x31a6,
  0x0003, 0x3186,
  0x0001, 0x31a6,
  0x0001, 0x3186,
  0x0002, 0x31a6,
  0x0007, 0x3186,
  0x0008, 0x31a6,
  0x0023, 0x3186,
  0x0002, 0x31a6,
  0x0010, 0x3186,
  0x0001, 0x31a6,
  0x0001, 0x3186,
  0x0002, 0x31a6,
  0x0012, 0x3186,
  0x0001, 0x31a6,
  0x0005, 0x3186,
  0x0001, 0x31a6,
  0x0002, 0x3186,
  0x0001, 0x31a6,
  0x0005, 0x3186,
  0x003c, 0x31a6,
  0x0002, 0x3186,
  0x0002, 0x31a6,
  0x0002, 0x3186,
  0x000c, 0x31a6,
  0x0001, 0x3186,
  0x001e, 0x31a6,
  0x0003, 0x3186,
  0x0001, 0x31a6,
  0x0004, 0x3186,
  0x000e, 0x31a6,
  0x0006, 0x3186,
  0x0001, 0x31a6,
  0x004a, 0x3186,
  0x0001, 0x31a6,
  0x0009, 0x3186,
  0x0008, 0x31a6,
  0x0026, 0x3186,
  0x0001, 0x31a6,
  0x0003, 0x3186,
  0x0001, 0x31a6,
  0x0009, 0x3186,
  0x0008, 0x31a6,
  0x000f, 0x3186,
  0x0001, 0x31a6,
  0x000e, 0x3186,
  0x0038, 0x31a6,
  0x0002, 0x3186,
  0x0002, 0x31a6,
  0x0002, 0x3186,
  0x0002, 0x31a6,
  0x0003, 0x3186,
  0x0003, 0x31a6,
  0x0009, 0x3186,
  0x000f, 0x31a6,
  0x0001, 0x3186,
  0x000e, 0x31a6,
  0x0009, 0x3186,
  0x000d, 0x31a6,
  0x0003, 0x3186,
  0x0005, 0x31a6,
  0x0048, 0x3186,
  0x0001, 0x31a6,
  0x0006, 0x3186,
  0x0001, 0x31a6,
  0x0003, 0x3186,
  0x0008, 0x31a6,
  0x0004, 0x3186,
  0x0003, 0x31a6,
  0x001d, 0x3186,
  0x0005, 0x31a6,
  0x0003, 0x3186,
  0x0002, 0x31a6,
  0x0002, 0x3186,
  0x000b, 0x31a6,
  0x0001, 0x3186,
  0x0001, 0x31a6,
  0x000f, 0x3186,
  0x0001, 0x31a6,
  0x0006, 0x3186,
  0x0001, 0x31a6,
  0x0005, 0x3186,
  0x0004, 0x31a6,
  0x0001, 0x3186,
  0x0001, 0x31a6,
  0x0001, 0x3186,
  0x003a, 0x31a6,
  0x0002, 0x3186,
  0x0012, 0x31a6,
  0x0001, 0x3186,
  0x001c, 0x31a6,
  0x0003, 0x3186,
  0x0011, 0x31a6,
  0x0001, 0x3186,
  0x0005, 0x31a6,
  0x000c, 0x3186,
  0x0001, 0x31a6,
  0x0034, 0x3186,
  0x0001, 0x31a6,
  0x0002, 0x3186,
  0x0006, 0x31a6,
  0x0005, 0x3186,
  0x0001, 0x31a6,
  0x0003, 0x3186,
  0x0008, 0x31a6,
  0x000d, 0x3186,
  0x0001, 0x31a5,
  0x0014, 0x3186,
  0x0001, 0x31a6,
  0x0003, 0x3186,
  0x0001, 0x31a6,
  0x0003, 0x3186,
  0x0001, 0x31a6,
  0x0002, 0x3186,
  0x000c, 0x31a6,
  0x0010, 0x3186,
  0x0002, 0x31a6,
  0x0010, 0x3186,
  0x0009, 0x31a6,
  0x0002, 0x3186,
  0x0002, 0x31a6,
  0x0003, 0x3186,
  0x002f, 0x31a6,
  0x0004, 0x3186,
  0x0003, 0x31a6,
  0x0002, 0x3186,
  0x0003, 0x31a6,
  0x0002, 0x3186,
  0x0028, 0x31a6,
  0x0001, 0x3186,
  0x0010, 0x31a6,
  0x0002, 0x3186,
  0x0005, 0x31a6,
  0x000c, 0x3186,
  0x0001, 0x31a6,
  0x0002, 0x3186,
  0x0001, 0x31a6,
  0x0001, 0x3186,
  0x0001, 0x31a6,
  0x0018, 0x3186,
  0x0001, 0x31a6,
  0x0001, 0x3186,
  0x0002, 0x31a6,
  0x0006, 0x3186,
  0x0001, 0x31a6,
  0x000c, 0x3186,
  0x0001, 0x31a6,
  0x0002, 0x3186,
  0x0003, 0x31a6,
  0x000a, 0x3186,
  0x0007, 0x31a6,
  0x000d, 0x3186,
  0x0001, 0x31a5,
  0x0010, 0x3186,
  0x0001, 0x31a6,
  0x0003, 0x3186,
  0x0001, 0x31a6,
  0x0007, 0x3186,
  0x0001, 0x31a6,
  0x0002, 0x3186,
  0x000c, 0x31a6,
  0x0010, 0x3186,
  0x0002, 0x31a6,
  0x0010, 0x3186,
  0x0006, 0x31a6,
  0x0004, 0x3186,
  0x0003, 0x31a6,
  0x0003, 0x3186,
  0x001d, 0x31a6,
  0x0001, 0x3186,
  0x0004, 0x31a6,
  0x0001, 0x3186,
  0x0007, 0x31a6,
  0x0003, 0x3186,
  0x0001, 0x31a6,
  0x0005, 0x3186,
  0x0003, 0x31a6,
  0x0006, 0x3186,
  0x0001, 0x31a6,
  0x0003, 0x3186,
  0x001f, 0x31a6,
  0x0004, 0x3186,
  0x0012, 0x31a6,
  0x0003, 0x3186,
  0x0003, 0x31a6,
  0x0001, 0x3186,
  0x0001, 0x31a6,
  0x0004, 0x3186,
  0x0001, 0x31a6,
  0x0007, 0x3186,
  0x0001, 0x31a6,
  0x001d, 0x3186,
  0x0001, 0x31a6,
  0x0001, 0x3186,
  0x0002, 0x31a6,
  0x0004, 0x3186,
  0x0003, 0x31a6,
  0x0011, 0x3186,
  0x0001, 0x31a6,
  0x000a, 0x3186,
  0x0007, 0x31a6,
  0x0002, 0x3186,
  0x0002, 0x31a6,
  0x0002, 0x3186,
  0x0001, 0x31a6,
  0x0017, 0x3186,
  0x0001, 0x31a6,
  0x000e, 0x3186,
  0x000b, 0x31a6,
  0x0006, 0x3186,
  0x0001, 0x31a6,
  0x0005, 0x3186,
  0x0001, 0x31a6,
  0x0004, 0x3186,
  0x0002, 0x31a6,
  0x000f, 0x3186,
  0x0001, 0x31a6,
  0x0001, 0x3186,
  0x0002, 0x31a6,
  0x0001, 0x3186,
  0x0001, 0x31a6,
  0x0008, 0x3186,
  0x0020, 0x31a6,
  0x0001, 0x3186,
  0x0004, 0x31a6,
  0x0001, 0x3186,
  0x0007, 0x31a6,
  0x0003, 0x3186,
  0x0004, 0x31a6,
  0x0002, 0x3186,
  0x0002, 0x31a6,
  0x0007, 0x3186,
  0x0001, 0x31a6,
  0x0003, 0x3186,
  0x000c, 0x31a6,
  0x0001, 0x3186,
  0x0009, 0x31a6,
  0x0001, 0x3186,
  0x0002, 0x31a6,
  0x0001, 0x3186,
  0x0004, 0x31a6,
  0x0006, 0x3186,
  0x000c, 0x31a6,
  0x0002, 0x3186,
  0x0003, 0x31a6,
  0x0003, 0x3186,
  0x0005, 0x31a6,
  0x0009, 0x3186,
  0x0002, 0x31a6,
  0x0021, 0x3186,
  0x0003, 0x31a6,
  0x0013, 0x3186,
  0x0002, 0x31a6,
  0x0002, 0x3186,
  0x0002, 0x31a6,
  0x0009, 0x3186,
  0x0007, 0x31a6,
  0x0002, 0x3186,
  0x0002, 0x31a6,
  0x0023, 0x3186,
  0x0001, 0x31a6,
  0x0006, 0x3186,
  0x000a, 0x31a6,
  0x0006, 0x3186,
  0x0001, 0x31a6,
  0x0005, 0x3186,
  0x0001, 0x31a6,
  0x0001, 0x3186,
  0x0001, 0x31a6,
  0x0002, 0x3186,
  0x0002, 0x31a6,
  0x000f, 0x3186,
  0x0001, 0x31a6,
  0x0001, 0x3186,
  0x0002, 0x31a6,
  0x000a, 0x3186,
  0x0004, 0x31a6,
  0x0001, 0x3186,
  0x0007, 0x31a6,
  0x0002, 0x3186,
  0x001f, 0x31a6,
  0x0003, 0x3186,
  0x0002, 0x31a6,
  0x0002, 0x3186,
  0x0004, 0x31a6,
  0x0002, 0x3186,
  0x0001, 0x31a6,
  0x0005, 0x3186,
  0x000f, 0x31a6,
  0x0002, 0x3186,
  0x000e, 0x31a6,
  0x000a, 0x3186,
  0x000b, 0x31a6,
  0x0001, 0x3186,
  0x0001, 0x31a6,
  0x0005, 0x3186,
  0x0007, 0x31a6,
  0x0006, 0x3186,
  0x0002, 0x31a6,
  0x003a, 0x3186,
  0x0004, 0x31a6,
  0x0008, 0x3186,
  0x0001, 0x31a6,
  0x0001, 0x3186,
  0x0006, 0x31a6,
  0x0002, 0x3186,
  0x0002, 0x31a6,
  0x0023, 0x3186,
  0x0001, 0x31a6,
  0x0006, 0x3186,
  0x000b, 0x31a6,
  0x0009, 0x3186,
  0x0002, 0x31a6,
  0x0001, 0x3186,
  0x0002, 0x31a6,
  0x0013, 0x3186,
  0x0002, 0x31a6,
  0x000c, 0x3186,
  0x0001, 0x31a6,
  0x0001, 0x3186,
  0x0002, 0x31a6,
  0x0002, 0x3186,
  0x0004, 0x31a6,
  0x0004, 0x3186,
  0x0024, 0x31a6,
  0x0002, 0x3186,
  0x0001, 0x31a6,
  0x0002, 0x3186,
  0x0001, 0x31a6,
  0x0008, 0x3186,
  0x000f, 0x31a6,
  0x0002, 0x3186,
  0x000e, 0x31a6,
  0x000a, 0x3186,
  0x000c, 0x31a6,
  0x0006, 0x3186,
  0x0007, 0x31a6,
  0x0001, 0x3186,
  0x0001, 0x31a6,
  0x0001, 0x3186,
  0x0001, 0x31a6,
  0x0002, 0x3186,
  0x0002, 0x31a6,
  0x0005, 0x3186,
  0x0002, 0x31a6,
  0x0010, 0x3186,
  0x0001, 0x31a5,
  0x0022, 0x3186,
  0x0007, 0x31a6,
  0x0005, 0x3186,
  0x0001, 0x31a6,
  0x0001, 0x3186,
  0x0006, 0x31a6,
  0x0002, 0x3186,
  0x0002, 0x31a6,
  0x0002, 0x3186,
  0x0001, 0x31a6,
  0x0012, 0x3186,
  0x0001, 0x31a6,
  0x000d, 0x3186,
  0x0001, 0x31a6,
  0x0006, 0x3186,
  0x000b, 0x31a6,
  0x0008, 0x3186,
  0x0003, 0x31a6,
  0x0001, 0x3186,
  0x0002, 0x31a6,
  0x0021, 0x3186,
  0x000b, 0x31a6,
  0x0003, 0x3186,
  0x0021, 0x31a6,
  0x0001, 0x31a5,
  0x0007, 0x3186,
  0x0001, 0x31a6,
  0x0008, 0x3186,
  0x000f, 0x31a6,
  0x0002, 0x3186,
  0x0007, 0x31a6,
  0x0002, 0x3186,
  0x0006, 0x31a6,
  0x0008, 0x3186,
  0x000d, 0x31a6,
  0x000a, 0x3186,
  0x0003, 0x31a6,
  0x0006, 0x3186,
  0x0002, 0x31a6,
  0x0004, 0x3186,
  0x0002, 0x31a6,
  0x0011, 0x3186,
  0x0001, 0x31a5,
  0x0006, 0x3186,
  0x0001, 0x31a6,
  0x0003, 0x3186,
  0x0004, 0x31a6,
  0x0012, 0x3186,
  0x0009, 0x31a6,
  0x0006, 0x3186,
  0x0007, 0x31a6,
  0x0003, 0x3186,
  0x0005, 0x31a6,
  0x0011, 0x3186,
  0x0001, 0x31a6,
  0x000d, 0x3186,
  0x0001, 0x31a6,
  0x0006, 0x3186,
  0x000c, 0x31a6,
  0x0007, 0x3186,
  0x0003, 0x31a6,
  0x0001, 0x3186,
  0x0001, 0x31a6,
  0x0021, 0x3186,
  0x000d, 0x31a6,
  0x0001, 0x3186,
  0x0001, 0x31a6,
  0x0002, 0x3186,
  0x001f, 0x31a6,
  0x0011, 0x3186,
  0x0017, 0x31a6,
  0x0003, 0x3186,
  0x0004, 0x31a6,
  0x000a, 0x3186,
  0x000d, 0x31a6,
  0x000b, 0x3186,
  0x0003, 0x31a6,
  0x0001, 0x3186,
  0x0001, 0x31a6,
  0x0004, 0x3186,
  0x0001, 0x31a6,
  0x0003, 0x3186,
  0x0002, 0x31a6,
  0x0034, 0x3186,
  0x0003, 0x31a6,
  0x000b, 0x3186,
  0x0007, 0x31a6,
  0x0026, 0x3186,
  0x0002, 0x31a6,
  0x0006, 0x3186,
  0x000d, 0x31a6,
  0x0006, 0x3186,
  0x0001, 0x31a6,
  0x001d, 0x3186,
  0x0001, 0x31a6,
  0x0001, 0x3186,
  0x0001, 0x31a6,
  0x0006, 0x3186,
  0x0001, 0x31a6,
  0x0002, 0x3186,
  0x0002, 0x31a6,
  0x0005, 0x3186,
  0x0001, 0x31a6,
  0x0002, 0x3186,
  0x0001, 0x31a6,
  0x000a, 0x3186,
  0x0019, 0x31a6,
  0x0007, 0x3186,
  0x0001, 0x31a6,
  0x0007, 0x3186,
  0x000d, 0x31a6,
  0x0001, 0x3186,
  0x0009, 0x31a6,
  0x0007, 0x3186,
  0x0001, 0x31a6,
  0x000a, 0x3186,
  0x000a, 0x31a6,
  0x0008, 0x3186,
  0x0001, 0x31a6,
  0x0004, 0x3186,
  0x0002, 0x31a6,
  0x0010, 0x3186,
  0x0001, 0x31a6,
  0x0001, 0x3186,
  0x0004, 0x31a6,
  0x0014, 0x3186,
  0x0001, 0x31a6,
  0x0017, 0x3186,
  0x0002, 0x31a6,
  0x0005, 0x3186,
  0x0001, 0x31a6,
  0x000a, 0x3186,
  0x0002, 0x31a6,
  0x0018, 0x3186,
  0x0003, 0x31a6,
  0x0002, 0x3186,
  0x0002, 0x31a6,
  0x0001, 0x3186,
  0x0001, 0x31a6,
  0x0001, 0x3186,
  0x0001, 0x31a6,
  0x0003, 0x3186,
  0x0002, 0x31a6,
  0x0005, 0x3186,
  0x000f, 0x31a6,
  0x0006, 0x3186,
  0x0004, 0x31a6,
  0x000a, 0x3186,
  0x0001, 0x31a6,
  0x0005, 0x3186,
  0x0003, 0x31a6,
  0x0002, 0x3186,
  0x0001, 0x31a6,
  0x000c, 0x3186,
  0x0004, 0x31a6,
  0x0012, 0x3186,
  0x001a, 0x31a6,
  0x0001, 0x3186,
  0x0006, 0x31a6,
  0x0009, 0x3186,
  0x0017, 0x31a6,
  0x0012, 0x3186,
  0x000a, 0x31a6,
  0x000d, 0x3186,
  0x0001, 0x31a6,
  0x0013, 0x3186,
  0x0005, 0x31a6,
  0x0001, 0x3186,
  0x0002, 0x31a6,
  0x000e, 0x3186,
  0x0002, 0x31a6,
  0x0014, 0x3186,
  0x0001, 0x31a6,
  0x0002, 0x3186,
  0x0001, 0x31a6,
  0x0007, 0x3186,
  0x0001, 0x31a6,
  0x000a, 0x3186,
  0x0002, 0x31a6,
  0x0012, 0x3186,
  0x0001, 0x31a6,
  0x0004, 0x3186,
  0x0002, 0x31a6,
  0x0004, 0x3186,
  0x0001, 0x31a6,
  0x0002, 0x3186,
  0x0002, 0x31a6,
  0x0004, 0x3186,
  0x0005, 0x31a6,
  0x0003, 0x3186,
  0x000e, 0x31a6,
  0x0006, 0x3186,
  0x0004, 0x31a6,
  0x0015, 0x3186,
  0x0001, 0x31a6,
  0x0002, 0x3186,
  0x0001, 0x31a6,
  0x000b, 0x3186,
  0x0002, 0x31a6,
  0x0012, 0x3186,
  0x0022, 0x31a6,
  0x0001, 0x3186,
  0x0002, 0x31a6,
  0x0005, 0x3186,
  0x0017, 0x31a6,
  0x0002, 0x3186,
  0x0005, 0x31a6,
  0x000a, 0x3186,
  0x0006, 0x31a6,
  0x0002, 0x3186,
  0x0004, 0x31a6,
  0x000c, 0x3186,
  0x0001, 0x31a6,
  0x0012, 0x3186,
  0x0008, 0x31a6,
  0x000f, 0x3186,
  0x0002, 0x31a6,
  0x001c, 0x3186,
  0x0001, 0x31a6,
  0x000a, 0x3186,
  0x0005, 0x31a6,
  0x0011, 0x3186,
  0x0008, 0x31a6,
  0x0002, 0x3186,
  0x0002, 0x31a6,
  0x0003, 0x3186,
  0x0001, 0x31a6,
  0x0004, 0x3186,
  0x0003, 0x31a6,
  0x0002, 0x3186,
  0x0003, 0x31a6,
  0x0003, 0x3186,
  0x000c, 0x31a6,
  0x0006, 0x3186,
  0x0001, 0x31a6,
  0x0002, 0x3186,
  0x0001, 0x31a6,
  0x0019, 0x3186,
  0x0001, 0x31a6,
  0x0007, 0x3186,
  0x0002, 0x31a6,
  0x0001, 0x3186,
  0x0002, 0x31a6,
  0x0002, 0x3186,
  0x0001, 0x31a6,
  0x000d, 0x3186,
  0x0027, 0x31a6,
  0x0002, 0x3186,
  0x0001, 0x31a6,
  0x0002, 0x3186,
  0x0016, 0x31a6,
  0x0001, 0x3186,
  0x0002, 0x31a6,
  0x0002, 0x3186,
  0x0003, 0x31a6,
  0x0009, 0x3186,
  0x0001, 0x31a6,
  0x0001, 0x3186,
  0x0005, 0x31a6,
  0x0006, 0x3186,
  0x0001, 0x31a6,
  0x001e, 0x3186,
  0x0008, 0x31a6,
  0x000f, 0x3186,
  0x0002, 0x31a6,
  0x001a, 0x3186,
  0x0001, 0x31a6,
  0x000d, 0x3186,
  0x0004, 0x31a6,
  0x0011, 0x3186,
  0x0009, 0x31a6,
  0x000c, 0x3186,
  0x0002, 0x31a6,
  0x0002, 0x3186,
  0x0002, 0x31a6,
  0x0002, 0x3186,
  0x0001, 0x31a6,
  0x0001, 0x3186,
  0x000c, 0x31a6,
  0x0020, 0x3186,
  0x0001, 0x31a6,
  0x0002, 0x3186,
  0x0001, 0x31a6,
  0x0006, 0x3186,
  0x0006, 0x31a6,
  0x000f, 0x3186,
  0x0027, 0x31a6,
  0x0005, 0x3186,
  0x0017, 0x31a6,
  0x0001, 0x3186,
  0x0002, 0x31a6,
  0x0002, 0x3186,
  0x0003, 0x31a6,
  0x0002, 0x3186,
  0x0001, 0x31a6,
  0x0008, 0x3186,
  0x0004, 0x31a6,
  0x0007, 0x3186,
  0x0001, 0x31a6,
  0x001e, 0x3186,
  0x0007, 0x31a6,
  0x0010, 0x3186,
  0x0002, 0x31a6,
  0x001a, 0x3186,
  0x0001, 0x31a6,
  0x0004, 0x3186,
  0x0001, 0x31a6,
  0x000a, 0x3186,
  0x0002, 0x31a6,
  0x0012, 0x3186,
  0x0008, 0x31a6,
  0x0004, 0x3186,
  0x0001, 0x31a6,
  0x0007, 0x3186,
  0x0006, 0x31a6,
  0x0002, 0x3186,
  0x000f, 0x31a6,
  0x0013, 0x3186,
  0x0002, 0x31a6,
  0x0014, 0x3186,
  0x0006, 0x31a6,
  0x0010, 0x3186,
  0x0025, 0x31a6,
  0x0006, 0x3186,
  0x0010, 0x31a6,
  0x0001, 0x3186,
  0x0009, 0x31a6,
  0x0002, 0x3186,
  0x0005, 0x31a6,
  0x000b, 0x3186,
  0x0003, 0x31a6,
  0x0001, 0x3186,
  0x0001, 0x31a6,
  0x0001, 0x3186,
  0x0001, 0x31a6,
  0x0001, 0x3186,
  0x0002, 0x31a6,
  0x001e, 0x3186,
  0x0007, 0x31a6,
  0x0002, 0x3186,
  0x0001, 0x31a6,
  0x004d, 0x3186,
  0x000c, 0x31a6,
  0x0008, 0x3186,
  0x0002, 0x31a6,
  0x0001, 0x3186,
  0x0002, 0x31a6,
  0x0003, 0x3186,
  0x0001, 0x31a6,
  0x0002, 0x3186,
  0x0003, 0x31a6,
  0x0001, 0x3186,
  0x0008, 0x31a6,
  0x0013, 0x3186,
  0x0003, 0x31a6,
  0x0014, 0x3186,
  0x0006, 0x31a6,
  0x0011, 0x3186,
  0x0027, 0x31a6,
  0x0002, 0x3186,
  0x0010, 0x31a6,
  0x0002, 0x3186,
  0x0001, 0x31a6,
  0x0003, 0x3186,
  0x0003, 0x31a6,
  0x0003, 0x3186,
  0x0003, 0x31a6,
  0x000a, 0x3186,
  0x0001, 0x31a6,
  0x0002, 0x3186,
  0x0003, 0x31a6,
  0x0002, 0x3186,
  0x0002, 0x31a6,
  0x0023, 0x3186,
  0x0005, 0x31a6,
  0x0052, 0x3186,
  0x0001, 0x31a6,
  0x0001, 0x3186,
  0x0006, 0x31a6,
  0x0015, 0x3186,
  0x0003, 0x31a6,
  0x0001, 0x3186,
  0x0002, 0x31a6,
  0x0001, 0x3186,
  0x0005, 0x31a6,
  0x0013, 0x3186,
  0x0002, 0x31a6,
  0x0018, 0x3186,
  0x0003, 0x31a6,
  0x0011, 0x3186,
  0x001d, 0x31a6,
  0x0001, 0x3186,
  0x0001, 0x31a5,
  0x0016, 0x31a6,
  0x0002, 0x3186,
  0x0002, 0x31a6,
  0x000c, 0x3186,
  0x0003, 0x31a6,
  0x0001, 0x3186,
  0x0002, 0x31a6,
  0x0002, 0x3186,
  0x000b, 0x31a6,
  0x0002, 0x3186,
  0x0002, 0x31a6,
  0x0023, 0x3186,
  0x0003, 0x31a6,
  0x0006, 0x3186,
  0x0001, 0x31a6,
  0x0001, 0x3186,
  0x0002, 0x31a6,
  0x0026, 0x3186,
  0x0003, 0x31a6,
  0x0004, 0x3186,
  0x0001, 0x31a6,
  0x001a, 0x3186,
  0x0001, 0x31a6,
  0x0002, 0x3186,
  0x0009, 0x31a6,
  0x0013, 0x3186,
  0x0001, 0x31a6,
  0x0003, 0x3186,
  0x0002, 0x31a6,
  0x0001, 0x3186,
  0x0005, 0x31a6,
  0x002d, 0x3186,
  0x000a, 0x31a6,
  0x0008, 0x3186,
  0x0024, 0x31a6,
  0x0004, 0x3186,
  0x000f, 0x31a6,
  0x0002, 0x3186,
  0x0002, 0x31a6,
  0x0001, 0x3186,
  0x0001, 0x31a6,
  0x0008, 0x3186,
  0x0013, 0x31a6,
  0x0003, 0x3186,
  0x0005, 0x31a6,
  0x0001, 0x3186,
  0x0001, 0x31a6,
  0x001f, 0x3186,
  0x0003, 0x31a6,
  0x0006, 0x3186,
  0x0005, 0x31a6,
  0x0026, 0x3186,
  0x0002, 0x31a6,
  0x0004, 0x3186,
  0x0004, 0x31a6,
  0x0016, 0x3186,
  0x0002, 0x31a6,
  0x0003, 0x3186,
  0x0004, 0x31a6,
  0x0005, 0x3186,
  0x0001, 0x31a6,
  0x0002, 0x3186,
  0x0001, 0x31a6,
  0x000e, 0x3186,
  0x0001, 0x31a6,
  0x0003, 0x3186,
  0x0001, 0x31a6,
  0x0003, 0x3186,
  0x0004, 0x31a6,
  0x0013, 0x3186,
  0x0002, 0x31a6,
  0x0016, 0x3186,
  0x0003, 0x31a6,
  0x0002, 0x3186,
  0x0003, 0x31a6,
  0x0002, 0x3186,
  0x0001, 0x31a6,
  0x0009, 0x3186,
  0x0024, 0x31a6,
  0x0004, 0x3186,
  0x0014, 0x31a6,
  0x0009, 0x3186,
  0x0006, 0x31a6,
  0x0002, 0x3186,
  0x000b, 0x31a6,
  0x0001, 0x3186,
  0x0001, 0x31a6,
  0x0001, 0x3186,
  0x0006, 0x31a6,
  0x0022, 0x3186,
  0x0001, 0x31a6,
  0x0007, 0x3186,
  0x0001, 0x31a6,
  0x000f, 0x3186,
  0x0001, 0x31a6,
  0x000a, 0x3186,
  0x0001, 0x31a6,
  0x0002, 0x3186,
  0x0001, 0x31a6,
  0x000b, 0x3186,
  0x0011, 0x31a6,
  0x0001, 0x3186,
  0x0001, 0x31a6,
  0x000d, 0x3186,
  0x0002, 0x31a6,
  0x0003, 0x3186,
  0x0002, 0x31a6,
  0x0001, 0x3186,
  0x0001, 0x31a6,
  0x0004, 0x3186,
  0x0002, 0x31a6,
  0x000b, 0x3186,
  0x0001, 0x31a6,
  0x0005, 0x3186,
  0x0001, 0x31a6,
  0x0006, 0x3186,
  0x0002, 0x31a6,
  0x0016, 0x3186,
  0x0002, 0x31a6,
  0x001b, 0x3186,
  0x0003, 0x31a6,
  0x0002, 0x3186,
  0x0001, 0x31a6,
  0x0008, 0x3186,
  0x0021, 0x31a6,
  0x0004, 0x3186,
  0x0002, 0x31a6,
  0x0002, 0x3186,
  0x0014, 0x31a6,
  0x0008, 0x3186,
  0x0007, 0x31a6,
  0x0002, 0x3186,
  0x000d, 0x31a6,
  0x0003, 0x3186,
  0x0004, 0x31a6,
  0x0022, 0x3186,
  0x0001, 0x31a6,
  0x0004, 0x3186,
  0x0001, 0x31a6,
  0x0002, 0x3186,
  0x0001, 0x31a6,
  0x001a, 0x3186,
  0x0001, 0x31a6,
  0x0002, 0x3186,
  0x0001, 0x31a6,
  0x000b, 0x3186,
  0x0012, 0x31a6,
  0x000f, 0x3186,
  0x0001, 0x31a6,
  0x0003, 0x3186,
  0x0002, 0x31a6,
  0x0006, 0x3186,
  0x0001, 0x31a6,
  0x0009, 0x3186,
  0x0002, 0x31a6,
  0x000e, 0x3186,
  0x0002, 0x31a6,
  0x0016, 0x3186,
  0x0002, 0x31a6,
  0x001a, 0x3186,
  0x0002, 0x31a6,
  0x000c, 0x3186,
  0x0003, 0x31a6,
  0x0001, 0x3186,
  0x001e, 0x31a6,
  0x0005, 0x3186,
  0x0001, 0x31a6,
  0x0002, 0x3186,
  0x0022, 0x31a6,
  0x0003, 0x3186,
  0x000b, 0x31a6,
  0x0006, 0x3186,
  0x0001, 0x31a6,
  0x0024, 0x3186,
  0x0002, 0x31a6,
  0x0003, 0x3186,
  0x0006, 0x31a6,
  0x0026, 0x3186,
  0x0010, 0x31a6,
  0x0001, 0x3186,
  0x0001, 0x31a6,
  0x0010, 0x3186,
  0x0005, 0x31a6,
  0x000f, 0x3186,
  0x0001, 0x31a6,
  0x0006, 0x3186,
  0x0001, 0x31a6,
  0x000a, 0x3186,
  0x0001, 0x31a6,
  0x0017, 0x3186,
  0x0001, 0x31a6,
  0x0018, 0x3186,
  0x0001, 0x31a6,
  0x0002, 0x3186,
  0x0002, 0x31a6,
  0x0004, 0x3186,
  0x0003, 0x31a6,
  0x0005, 0x3186,
  0x0024, 0x31a6,
  0x0003, 0x3186,
  0x0024, 0x31a6,
  0x0004, 0x3186,
  0x000a, 0x31a6,
  0x0007, 0x3186,
  0x0001, 0x31a6,
  0x0024, 0x3186,
  0x0002, 0x31a6,
  0x0002, 0x3186,
  0x0008, 0x31a6,
  0x0005, 0x3186,
  0x0001, 0x31a6,
  0x000c, 0x3186,
  0x0003, 0x31a6,
  0x000e, 0x3186,
  0x0009, 0x31a6,
  0x0001, 0x31a5,
  0x0008, 0x31a6,
  0x0001, 0x3186,
  0x0001, 0x31a6,
  0x0010, 0x3186,
  0x0001, 0x31a6,
  0x0003, 0x3186,
  0x0001, 0x31a6,
  0x000f, 0x3186,
  0x0001, 0x31a6,
  0x0006, 0x3186,
  0x0001, 0x31a6,
  0x003b, 0x3186,
  0x0001, 0x31a6,
  0x0002, 0x3186,
  0x0003, 0x31a6,
  0x000c, 0x3186,
  0x0010, 0x31a6,
  0x0002, 0x3186,
  0x0011, 0x31a6,
  0x0002, 0x3186,
  0x0022, 0x31a6,
  0x0004, 0x3186,
  0x0002, 0x31a6,
  0x0001, 0x3186,
  0x000a, 0x31a6,
  0x0007, 0x3186,
  0x0001, 0x31a6,
  0x0024, 0x3186,
  0x0003, 0x31a6,
  0x0001, 0x3186,
  0x0003, 0x31a6,
  0x0001, 0x3186,
  0x0004, 0x31a6,
  0x0005, 0x3186,
  0x0001, 0x31a6,
  0x0009, 0x3186,
  0x0004, 0x31a6,
  0x0013, 0x3186,
  0x0003, 0x31a6,
  0x0002, 0x3186,
  0x000b, 0x31a6,
  0x0001, 0x3186,
  0x0001, 0x31a6,
  0x0003, 0x3186,
  0x0001, 0x31a6,
  0x000b, 0x3186,
  0x0001, 0x31a6,
  0x0057, 0x3186,
  0x0005, 0x31a6,
  0x000c, 0x3186,
  0x0010, 0x31a6,
  0x0002, 0x3186,
  0x0035, 0x31a6,
  0x0004, 0x3186,
  0x000d, 0x31a6,
  0x0004, 0x3186,
  0x0005, 0x31a6,
  0x0023, 0x3186,
  0x0005, 0x31a6,
  0x0001, 0x3186,
  0x0005, 0x31a6,
  0x0011, 0x3186,
  0x0002, 0x31a6,
  0x0014, 0x3186,
  0x0004, 0x31a6,
  0x0001, 0x3186,
  0x000d, 0x31a6,
  0x0003, 0x3186,
  0x0001, 0x31a6,
  0x0001, 0x3186,
  0x0001, 0x31a6,
  0x0003, 0x3186,
  0x0002, 0x31a6,
  0x0002, 0x3186,
  0x0002, 0x31a6,
  0x0003, 0x3186,
  0x0002, 0x31a6,
  0x0007, 0x3186,
  0x0001, 0x31a6,
  0x0007, 0x3186,
  0x0007, 0x31a6,
  0x0003, 0x3186,
  0x0001, 0x31a6,
  0x000a, 0x3186,
  0x0001, 0x31a6,
  0x002e, 0x3186,
  0x0006, 0x31a6,
  0x0002, 0x3186,
  0x0003, 0x31a6,
  0x0005, 0x3186,
  0x0011, 0x31a6,
  0x0002, 0x3186,
  0x0002, 0x31a6,
  0x0001, 0x3186,
  0x0010, 0x31a6,
  0x0001, 0x3186,
  0x0021, 0x31a6,
  0x0001, 0x3186,
  0x0013, 0x31a6,
  0x0003, 0x3186,
  0x0003, 0x31a6,
  0x0003, 0x3186,
  0x0001, 0x31a6,
  0x0020, 0x3186,
  0x0004, 0x31a6,
  0x0001, 0x3186,
  0x0002, 0x31a6,
  0x0013, 0x3186,
  0x0009, 0x31a6,
  0x0006, 0x3186,
  0x0003, 0x31a6,
  0x0003, 0x3186,
  0x0007, 0x31a6,
  0x0003, 0x3186,
  0x0002, 0x31a6,
  0x0002, 0x3186,
  0x0002, 0x31a6,
  0x0001, 0x3186,
  0x0003, 0x31a6,
  0x0006, 0x3186,
  0x0003, 0x31a6,
  0x0003, 0x3186,
  0x0004, 0x31a6,
  0x0005, 0x3186,
  0x0001, 0x31a6,
  0x0009, 0x3186,
  0x0001, 0x31a6,
  0x0002, 0x3186,
  0x0005, 0x31a6,
  0x0006, 0x3186,
  0x0001, 0x31a6,
  0x0002, 0x3186,
  0x0001, 0x31a6,
  0x0037, 0x3186,
  0x0002, 0x31a6,
  0x000b, 0x3186,
  0x0001, 0x31a6,
  0x0003, 0x3186,
  0x0010, 0x31a6,
  0x0004, 0x3186,
  0x0045, 0x31a6,
  0x0002, 0x3186,
  0x0002, 0x31a6,
  0x0004, 0x3186,
  0x0001, 0x31a6,
  0x001a, 0x3186,
  0x0001, 0x31a6,
  0x001e, 0x3186,
  0x000a, 0x31a6,
  0x0001, 0x3186,
  0x0001, 0x31a6,
  0x000f, 0x3186,
  0x0001, 0x31a6,
  0x0002, 0x3186,
  0x0001, 0x31a6,
  0x0002, 0x3186,
  0x0001, 0x31a6,
  0x0002, 0x3186,
  0x0002, 0x31a6,
  0x0002, 0x3186,
  0x0001, 0x31a6,
  0x0001, 0x3186,
  0x000a, 0x31a6,
  0x0004, 0x3186,
  0x0004, 0x31a6,
  0x000d, 0x3186,
  0x0003, 0x31a6,
  0x0002, 0x3186,
  0x0006, 0x31a6,
  0x0002, 0x3186,
  0x0002, 0x31a6,
  0x0009, 0x3186,
  0x0001, 0x31a6,
  0x0004, 0x3186,
  0x0001, 0x31a6,
  0x000d, 0x3186,
  0x0001, 0x31a6,
  0x001f, 0x3186,
  0x0003, 0x31a6,
  0x0007, 0x3186,
  0x0003, 0x31a6,
  0x0003, 0x3186,
  0x0011, 0x31a6,
  0x0004, 0x3186,
  0x0012, 0x31a6,
  0x0001, 0x3186,
  0x0004, 0x31a6,
  0x0001, 0x3186,
  0x0031, 0x31a6,
  0x0002, 0x3186,
  0x0001, 0x31a6,
  0x0013, 0x3186,
  0x0001, 0x31a6,
  0x0003, 0x3186,
  0x0001, 0x31a6,
  0x0011, 0x3186,
  0x0001, 0x31a6,
  0x000d, 0x3186,
  0x000e, 0x31a6,
  0x0002, 0x3186,
  0x0002, 0x31a6,
  0x000b, 0x3186,
  0x0001, 0x31a6,
  0x0004, 0x3186,
  0x0001, 0x31a6,
  0x0002, 0x3186,
  0x0001, 0x31a6,
  0x0001, 0x3186,
  0x0002, 0x31a6,
  0x0002, 0x3186,
  0x0002, 0x31a6,
  0x0001, 0x3186,
  0x0007, 0x31a6,
  0x0002, 0x3186,
  0x0003, 0x31a6,
  0x0002, 0x3186,
  0x0005, 0x31a6,
  0x000b, 0x3186,
  0x0006, 0x31a6,
  0x0001, 0x3186,
  0x0008, 0x31a6,
  0x000f, 0x3186,
  0x0001, 0x31a6,
  0x000d, 0x3186,
  0x0001, 0x31a6,
  0x001d, 0x3186,
  0x0002, 0x31a6,
  0x0004, 0x3186,
  0x0001, 0x31a6,
  0x0006, 0x3186,
  0x0002, 0x31a6,
  0x0003, 0x3186,
  0x004d, 0x31a6,
  0x0003, 0x3186,
  0x0002, 0x31a6,
  0x0001, 0x3186,
  0x000f, 0x31a6,
  0x0014, 0x3186,
  0x0001, 0x31a6,
  0x0003, 0x3186,
  0x0001, 0x31a6,
  0x001c, 0x3186,
  0x0010, 0x31a6,
  0x0013, 0x3186,
  0x0007, 0x31a6,
  0x0002, 0x3186,
  0x0002, 0x31a6,
  0x0001, 0x3186,
  0x0007, 0x31a6,
  0x0002, 0x3186,
  0x0003, 0x31a6,
  0x0002, 0x3186,
  0x0005, 0x31a6,
  0x0008, 0x3186,
  0x0001, 0x31a6,
  0x0002, 0x3186,
  0x0001, 0x31a6,
  0x0003, 0x3186,
  0x0002, 0x31a6,
  0x0001, 0x3186,
  0x0008, 0x31a6,
  0x0013, 0x3186,
  0x0001, 0x31a6,
  0x0003, 0x3186,
  0x0002, 0x31a6,
  0x0001, 0x3186,
  0x0001, 0x31a6,
  0x002e, 0x3186,
  0x0001, 0x31a6,
  0x0003, 0x3186,
  0x0014, 0x31a6,
  0x0001, 0x3186,
  0x0038, 0x31a6,
  0x0003, 0x3186,
  0x0012, 0x31a6,
  0x0015, 0x3186,
  0x0001, 0x31a6,
  0x001f, 0x3186,
  0x0001, 0x31a6,
  0x0001, 0x3186,
  0x000f, 0x31a6,
  0x0012, 0x3186,
  0x000b, 0x31a6,
  0x0001, 0x3186,
  0x0007, 0x31a6,
  0x0002, 0x3186,
  0x0004, 0x31a6,
  0x0001, 0x3186,
  0x0008, 0x31a6,
  0x0002, 0x3186,
  0x0002, 0x31a6,
  0x0007, 0x3186,
  0x000a, 0x31a6,
  0x0002, 0x3186,
  0x0002, 0x31a6,
  0x0005, 0x3186,
  0x0001, 0x31a6,
  0x0012, 0x3186,
  0x0001, 0x31a6,
  0x0003, 0x3186,
  0x0001, 0x31a6,
  0x002e, 0x3186,
  0x0014, 0x31a6,
  0x0004, 0x3186,
  0x0035, 0x31a6,
  0x0002, 0x3186,
  0x0013, 0x31a6,
  0x0011, 0x3186,
  0x0003, 0x31a6,
  0x0003, 0x3186,
  0x0001, 0x31a6,
  0x0022, 0x3186,
  0x0009, 0x31a6,
  0x0017, 0x3186,
  0x0016, 0x31a6,
  0x0002, 0x3186,
  0x0002, 0x31a6,
  0x0003, 0x3186,
  0x0002, 0x31a6,
  0x000c, 0x3186,
  0x0009, 0x31a6,
  0x0003, 0x3186,
  0x0001, 0x31a6,
  0x0006, 0x3186,
  0x0001, 0x31a6,
  0x000c, 0x3186,
  0x0001, 0x31a6,
  0x0009, 0x3186,
  0x0001, 0x31a6,
  0x002e, 0x3186,
  0x0014, 0x31a6,
  0x0004, 0x3186,
  0x0038, 0x31a6,
  0x0002, 0x3186,
  0x0010, 0x31a6,
  0x0011, 0x3186,
  0x0003, 0x31a6,
  0x0002, 0x3186,
  0x0001, 0x31a6,
  0x000c, 0x3186,
  0x0002, 0x31a6,
  0x0015, 0x3186,
  0x0009, 0x31a6,
  0x0005, 0x3186,
  0x0001, 0x31a6,
  0x0012, 0x3186,
  0x0015, 0x31a6,
  0x0002, 0x3186,
  0x0001, 0x31a6,
  0x0004, 0x3186,
  0x0001, 0x31a6,
  0x000b, 0x3186,
  0x000b, 0x31a6,
  0x0002, 0x3186,
  0x0001, 0x31a6,
  0x0014, 0x3186,
  0x0001, 0x31a6,
  0x0006, 0x3186,
  0x0002, 0x31a6,
  0x0030, 0x3186,
  0x0014, 0x31a6,
  0x0004, 0x3186,
  0x004a, 0x31a6,
  0x0013, 0x3186,
  0x0001, 0x31a6,
  0x0002, 0x3186,
  0x0001, 0x31a6,
  0x001e, 0x3186,
  0x0001, 0x31a6,
  0x0002, 0x3186,
  0x000d, 0x31a6,
  0x0013, 0x3186,
  0x0001, 0x31a6,
  0x0002, 0x3186,
  0x000f, 0x31a6,
  0x0001, 0x3186,
  0x0003, 0x31a6,
  0x0001, 0x3186,
  0x0002, 0x31a6,
  0x0002, 0x3186,
  0x0002, 0x31a6,
  0x0004, 0x3186,
  0x0001, 0x31a6,
  0x0008, 0x3186,
  0x0001, 0x31a6,
  0x0002, 0x3186,
  0x000c, 0x31a6,
  0x000e, 0x3186,
  0x0001, 0x31a6,
  0x0004, 0x3186,
  0x0007, 0x31a6,
  0x0001, 0x3186,
  0x0002, 0x31a6,
  0x0030, 0x3186,
  0x0068, 0x31a6,
  0x0002, 0x3186,
  0x0001, 0x31a6,
  0x0002, 0x3186,
  0x0001, 0x31a6,
  0x0003, 0x3186,
  0x0002, 0x31a6,
  0x0003, 0x3186,
  0x0002, 0x31a6,
  0x000d, 0x3186,
  0x0001, 0x31a6,
  0x0011, 0x3186,
  0x0001, 0x31a6,
  0x0005, 0x3186,
  0x0009, 0x31a6,
  0x0013, 0x3186,
  0x0003, 0x31a6,
  0x0001, 0x3186,
  0x0005, 0x31a6,
  0x0002, 0x3186,
  0x0002, 0x31a6,
  0x0004, 0x3186,
  0x0002, 0x31a6,
  0x0003, 0x3186,
  0x0001, 0x31a6,
  0x0004, 0x3186,
  0x0002, 0x31a6,
  0x0008, 0x3186,
  0x0001, 0x31a6,
  0x0007, 0x3186,
  0x0004, 0x31a6,
  0x0001, 0x3186,
  0x0001, 0x31a6,
  0x0001, 0x3186,
  0x0001, 0x31a6,
  0x0013, 0x3186,
  0x0001, 0x31a6,
  0x0001, 0x3186,
  0x0001, 0x31a6,
  0x0004, 0x3186,
  0x000a, 0x31a6,
  0x002e, 0x3186,
  0x0050, 0x31a6,
  0x0002, 0x3186,
  0x0002, 0x31a6,
  0x0001, 0x3186,
  0x000f, 0x31a6,
  0x0003, 0x3186,
  0x0001, 0x31a6,
  0x000b, 0x3186,
  0x0006, 0x31a6,
  0x0024, 0x3186,
  0x0002, 0x31a6,
  0x0004, 0x3186,
  0x0005, 0x31a6,
  0x0011, 0x3186,
  0x0008, 0x31a6,
  0x0004, 0x3186,
  0x0001, 0x31a6,
  0x0003, 0x3186,
  0x0003, 0x31a6,
  0x0008, 0x3186,
  0x0004, 0x31a6,
  0x0003, 0x3186,
  0x0001, 0x31a6,
  0x0002, 0x3186,
  0x0001, 0x31a6,
  0x0004, 0x3186,
  0x0001, 0x31a6,
  0x0002, 0x3186,
  0x0006, 0x31a6,
  0x0001, 0x3186,
  0x0002, 0x31a6,
  0x0009, 0x3186,
  0x0001, 0x31a6,
  0x000e, 0x3186,
  0x0002, 0x31a6,
  0x0002, 0x3186,
  0x0003, 0x31a6,
  0x0001, 0x3186,
  0x0003, 0x31a6,
  0x002f, 0x3186,
  0x004f, 0x31a6,
  0x0004, 0x3186,
  0x0001, 0x31a6,
  0x0004, 0x3186,
  0x000a, 0x31a6,
  0x0004, 0x3186,
  0x0001, 0x31a6,
  0x0002, 0x3186,
  0x0001, 0x31a6,
  0x0003, 0x3186,
  0x0001, 0x31a6,
  0x0004, 0x3186,
  0x0003, 0x31a6,
  0x0001, 0x3186,
  0x0002, 0x31a6,
  0x0007, 0x3186,
  0x0001, 0x31a6,
  0x001c, 0x3186,
  0x0002, 0x31a6,
  0x0003, 0x3186,
  0x0005, 0x31a6,
  0x0012, 0x3186,
  0x0008, 0x31a6,
  0x0004, 0x3186,
  0x0001, 0x31a6,
  0x0003, 0x3186,
  0x0003, 0x31a6,
  0x0005, 0x3186,
  0x0007, 0x31a6,
  0x0003, 0x3186,
  0x0001, 0x31a6,
  0x0002, 0x3186,
  0x0001, 0x31a6,
  0x0004, 0x3186,
  0x0001, 0x31a6,
  0x0003, 0x3186,
  0x0003, 0x31a6,
  0x0001, 0x3186,
  0x0005, 0x31a6,
  0x000a, 0x3186,
  0x0001, 0x31a6,
  0x0001, 0x3186,
  0x0001, 0x31a6,
  0x000f, 0x3186,
  0x0004, 0x31a6,
  0x0003, 0x3186,
  0x0001, 0x31a6,
  0x000d, 0x3186,
  0x0002, 0x31a6,
  0x0007, 0x3186,
  0x0002, 0x31a6,
  0x0015, 0x3186,
  0x004e, 0x31a6,
  0x000a, 0x3186,
  0x000a, 0x31a6,
  0x0003, 0x3186,
  0x0003, 0x31a6,
  0x0005, 0x3186,
  0x0001, 0x31a6,
  0x0003, 0x3186,
  0x0007, 0x31a6,
  0x001e, 0x3186,
  0x0001, 0x31a6,
  0x0004, 0x3186,
  0x0002, 0x31a6,
  0x0001, 0x3186,
  0x0001, 0x31a6,
  0x0002, 0x3186,
  0x0005, 0x31a6,
  0x0012, 0x3186,
  0x000a, 0x31a6,
  0x000a, 0x3186,
  0x0001, 0x31a6,
  0x0002, 0x3186,
  0x0008, 0x31a6,
  0x0003, 0x3186,
  0x0001, 0x31a6,
  0x0001, 0x3186,
  0x0002, 0x31a6,
  0x0004, 0x3186,
  0x0001, 0x31a6,
  0x0003, 0x3186,
  0x0009, 0x31a6,
  0x000a, 0x3186,
  0x0001, 0x31a6,
  0x0010, 0x3186,
  0x0003, 0x31a6,
  0x0006, 0x3186,
  0x0003, 0x31a6,
  0x0008, 0x3186,
  0x0002, 0x31a6,
  0x0002, 0x3186,
  0x0002, 0x31a6,
  0x0005, 0x3186,
  0x0002, 0x31a6,
  0x0015, 0x3186,
  0x000d, 0x31a6,
  0x0004, 0x3186,
  0x003d, 0x31a6,
  0x0005, 0x3186,
  0x0003, 0x31a6,
  0x0002, 0x3186,
  0x0012, 0x31a6,
  0x0007, 0x3186,
  0x0005, 0x31a6,
  0x0004, 0x3186,
  0x0002, 0x31a6,
  0x001a, 0x3186,
  0x0001, 0x31a6,
  0x0004, 0x3186,
  0x0002, 0x31a6,
  0x0001, 0x3186,
  0x0001, 0x31a6,
  0x0003, 0x3186,
  0x0003, 0x31a6,
  0x0005, 0x3186,
  0x0004, 0x31a6,
  0x0004, 0x3186,
  0x0002, 0x31a6,
  0x0005, 0x3186,
  0x0009, 0x31a6,
  0x000a, 0x3186,
  0x0001, 0x31a6,
  0x0002, 0x3186,
  0x000f, 0x31a6,
  0x0004, 0x3186,
  0x0001, 0x31a6,
  0x0001, 0x3186,
  0x0009, 0x31a6,
  0x0002, 0x3186,
  0x0002, 0x31a6,
  0x0023, 0x3186,
  0x0001, 0x31a6,
  0x0001, 0x3186,
  0x0002, 0x31a6,
  0x0007, 0x3186,
  0x0002, 0x31a6,
  0x0001, 0x3186,
  0x0009, 0x31a6,
  0x0013, 0x3186,
  0x0002, 0x31a6,
  0x0002, 0x3186,
  0x0002, 0x31a6,
  0x0001, 0x3186,
  0x0002, 0x31a6,
  0x0002, 0x3186,
  0x0004, 0x31a6,
  0x0001, 0x3186,
  0x0041, 0x31a6,
  0x0004, 0x3186,
  0x0001, 0x31a6,
  0x0001, 0x3186,
  0x0001, 0x31a6,
  0x0002, 0x3186,
  0x0013, 0x31a6,
  0x0006, 0x3186,
  0x0003, 0x31a6,
  0x0004, 0x3186,
  0x0005, 0x31a6,
  0x0019, 0x3186,
  0x0001, 0x31a6,
  0x0004, 0x3186,
  0x0004, 0x31a6,
  0x001a, 0x3186,
  0x0008, 0x31a6,
  0x0002, 0x3186,
  0x0001, 0x31a6,
  0x0009, 0x3186,
  0x0002, 0x31a6,
  0x0002, 0x3186,
  0x000d, 0x31a6,
  0x0004, 0x3186,
  0x0001, 0x31a6,
  0x0001, 0x3186,
  0x0003, 0x31a6,
  0x0003, 0x3186,
  0x0003, 0x31a6,
  0x0002, 0x3186,
  0x0002, 0x31a6,
  0x0023, 0x3186,
  0x0001, 0x31a6,
  0x0002, 0x3186,
  0x0001, 0x31a6,
  0x000a, 0x3186,
  0x000b, 0x31a6,
  0x0001, 0x3186,
  0x0002, 0x31a6,
  0x0002, 0x3186,
  0x0001, 0x31a6,
  0x0008, 0x3186,
  0x0001, 0x31a6,
  0x0002, 0x3186,
  0x0002, 0x31a6,
  0x0002, 0x3186,
  0x0003, 0x31a6,
  0x000a, 0x3186,
  0x0004, 0x31a6,
  0x0001, 0x3186,
  0x000e, 0x31a6,
  0x0002, 0x3186,
  0x002b, 0x31a6,
  0x0009, 0x3186,
  0x000e, 0x31a6,
  0x0002, 0x3186,
  0x0001, 0x31a6,
  0x0008, 0x3186,
  0x0001, 0x31a6,
  0x0006, 0x3186,
  0x0006, 0x31a6,
  0x0020, 0x3186,
  0x0004, 0x31a6,
  0x0016, 0x3186,
  0x0001, 0x31a6,
  0x0002, 0x3186,
  0x0009, 0x31a6,
  0x000d, 0x3186,
  0x000f, 0x31a6,
  0x0002, 0x3186,
  0x0005, 0x31a6,
  0x0003, 0x3186,
  0x0003, 0x31a6,
  0x0003, 0x3186,
  0x0002, 0x31a6,
  0x0024, 0x3186,
  0x0002, 0x31a6,
  0x000e, 0x3186,
  0x0006, 0x31a6,
  0x0006, 0x3186,
  0x0001, 0x31a6,
  0x000d, 0x3186,
  0x0001, 0x31a6,
  0x0001, 0x3186,
  0x0003, 0x31a6,
  0x0001, 0x3186,
  0x0002, 0x31a6,
  0x0007, 0x3186,
  0x0013, 0x31a6,
  0x0002, 0x3186,
  0x002a, 0x31a6,
  0x000a, 0x3186,
  0x000e, 0x31a6,
  0x000f, 0x3186,
  0x0001, 0x31a6,
  0x0002, 0x3186,
  0x0006, 0x31a6,
  0x0024, 0x3186,
  0x0002, 0x31a6,
  0x0005, 0x3186,
  0x0003, 0x31a6,
  0x000b, 0x3186,
  0x0002, 0x31a6,
  0x0002, 0x3186,
  0x0002, 0x31a6,
  0x0002, 0x3186,
  0x0005, 0x31a6,
  0x000d, 0x3186,
  0x000f, 0x31a6,
  0x0002, 0x3186,
  0x0007, 0x31a6,
  0x0001, 0x3186,
  0x000b, 0x31a6,
  0x000f, 0x3186,
  0x0004, 0x31a6,
  0x0009, 0x3186,
  0x0002, 0x31a6,
  0x0010, 0x3186,
  0x0009, 0x31a6,
  0x0017, 0x3186,
  0x0002, 0x31a6,
  0x0001, 0x3186,
  0x0002, 0x31a6,
  0x0001, 0x3186,
  0x0002, 0x31a6,
  0x0003, 0x3186,
  0x0010, 0x31a6,
  0x0001, 0x3186,
  0x0031, 0x31a6,
  0x0001, 0x3186,
  0x0002, 0x31a6,
  0x0004, 0x3186,
  0x0006, 0x31a6,
  0x0001, 0x3186,
  0x0005, 0x31a6,
  0x0003, 0x3186,
  0x0001, 0x31a6,
  0x0004, 0x3186,
  0x0001, 0x31a6,
  0x000b, 0x3186,
  0x0007, 0x31a6,
  0x0001, 0x3186,
  0x0003, 0x31a6,
  0x001c, 0x3186,
  0x0001, 0x31a6,
  0x0004, 0x3186,
  0x0001, 0x31a6,
  0x0013, 0x3186,
  0x0002, 0x31a6,
  0x0002, 0x3186,
  0x0001, 0x31a6,
  0x0001, 0x3186,
  0x0001, 0x31a5,
  0x0006, 0x31a6,
  0x000c, 0x3186,
  0x000e, 0x31a6,
  0x0002, 0x3186,
  0x0009, 0x31a6,
  0x0001, 0x3186,
  0x000b, 0x31a6,
  0x0003, 0x3186,
  0x0002, 0x31a6,
  0x000c, 0x3186,
  0x0002, 0x31a6,
  0x0009, 0x3186,
  0x0002, 0x31a6,
  0x000e, 0x3186,
  0x0001, 0x31a6,
  0x0003, 0x3186,
  0x000a, 0x31a6,
  0x0001, 0x3186,
  0x0001, 0x31a6,
  0x0005, 0x3186,
  0x0003, 0x31a6,
  0x0007, 0x3186,
  0x0001, 0x31a6,
  0x0002, 0x3186,
  0x0004, 0x31a6,
  0x0006, 0x3186,
  0x0002, 0x31a6,
  0x0001, 0x3186,
  0x000d, 0x31a6,
  0x0003, 0x3186,
  0x0018, 0x31a6,
  0x0003, 0x3186,
  0x0016, 0x31a6,
  0x0001, 0x3186,
  0x0002, 0x31a6,
  0x0001, 0x3186,
  0x0001, 0x31a6,
  0x0001, 0x3186,
  0x0006, 0x31a6,
  0x0001, 0x3186,
  0x0005, 0x31a6,
  0x000c, 0x3186,
  0x0001, 0x31a6,
  0x0003, 0x3186,
  0x0001, 0x31a6,
  0x0002, 0x3186,
  0x000c, 0x31a6,
  0x001e, 0x3186,
  0x0001, 0x31a6,
  0x0002, 0x3186,
  0x0001, 0x31a6,
  0x0012, 0x3186,
  0x000e, 0x31a6,
  0x0005, 0x3186,
  0x0001, 0x31a6,
  0x0007, 0x3186,
  0x000d, 0x31a6,
  0x0002, 0x3186,
  0x0001, 0x31a6,
  0x0001, 0x3186,
  0x0001, 0x31a6,
  0x0001, 0x3186,
  0x0007, 0x31a6,
  0x0002, 0x3186,
  0x000c, 0x31a6,
  0x0013, 0x3186,
  0x0002, 0x31a6,
  0x0017, 0x3186,
  0x0007, 0x31a6,
  0x0001, 0x3186,
  0x0002, 0x31a6,
  0x0001, 0x3186,
  0x0001, 0x31a6,
  0x0006, 0x3186,
  0x0001, 0x31a6,
  0x0002, 0x3186,
  0x0002, 0x31a6,
  0x0008, 0x3186,
  0x0002, 0x31a6,
  0x0006, 0x3186,
  0x0001, 0x31a6,
  0x0003, 0x3186,
  0x0003, 0x31a6,
  0x0001, 0x3186,
  0x0007, 0x31a6,
  0x0005, 0x3186,
  0x0001, 0x31a6,
  0x0003, 0x3186,
  0x0008, 0x31a6,
  0x0002, 0x3186,
  0x0001, 0x31a6,
  0x0001, 0x3186,
  0x0001, 0x31a6,
  0x0002, 0x3186,
  0x0005, 0x31a6,
  0x0004, 0x3186,
  0x0008, 0x31a6,
  0x0002, 0x3186,
  0x000b, 0x31a6,
  0x0002, 0x3186,
  0x0002, 0x31a6,
  0x0002, 0x3186,
  0x0007, 0x31a6,
  0x0002, 0x3186,
  0x0004, 0x31a6,
  0x0013, 0x3186,
  0x0009, 0x31a6,
  0x0002, 0x3186,
  0x0001, 0x31a6,
  0x0004, 0x3186,
  0x0001, 0x31a6,
  0x0002, 0x3186,
  0x0001, 0x31a6,
  0x0006, 0x3186,
  0x0001, 0x31a6,
  0x0011, 0x3186,
  0x0007, 0x31a6,
  0x0003, 0x3186,
  0x0001, 0x31a6,
  0x0009, 0x3186,
  0x000d, 0x31a6,
  0x000a, 0x3186,
  0x0001, 0x31a6,
  0x0002, 0x3186,
  0x000d, 0x31a6,
  0x0002, 0x3186,
  0x0001, 0x31a6,
  0x0001, 0x3186,
  0x0001, 0x31a6,
  0x0001, 0x3186,
  0x0005, 0x31a6,
  0x0001, 0x3186,
  0x0002, 0x31a6,
  0x0001, 0x3186,
  0x000c, 0x31a6,
  0x002b, 0x3186,
  0x0001, 0x31a6,
  0x0002, 0x3186,
  0x0004, 0x31a6,
  0x0006, 0x3186,
  0x0001, 0x31a6,
  0x0004, 0x3186,
  0x0006, 0x31a6,
  0x0014, 0x3186,
  0x0008, 0x31a6,
  0x0006, 0x3186,
  0x0004, 0x31a6,
  0x0002, 0x3186,
  0x0008, 0x31a6,
  0x0004, 0x3186,
  0x0001, 0x31a6,
  0x0003, 0x3186,
  0x0003, 0x31a6,
  0x0006, 0x3186,
  0x0007, 0x31a6,
  0x0003, 0x3186,
  0x000a, 0x31a6,
  0x0002, 0x3186,
  0x0001, 0x31a6,
  0x0002, 0x3186,
  0x000b, 0x31a6,
  0x0017, 0x3186,
  0x0008, 0x31a6,
  0x0002, 0x3186,
  0x0001, 0x31a6,
  0x0002, 0x3186,
  0x0001, 0x31a6,
  0x0019, 0x3186,
  0x0001, 0x31a6,
  0x0003, 0x3186,
  0x0004, 0x31a6,
  0x0006, 0x3186,
  0x0001, 0x31a6,
  0x0009, 0x3186,
  0x0002, 0x31a6,
  0x0001, 0x3186,
  0x000a, 0x31a6,
  0x0007, 0x3186,
  0x0001, 0x31a6,
  0x0001, 0x3186,
  0x0002, 0x31a6,
  0x0002, 0x3186,
  0x000c, 0x31a6,
  0x0003, 0x3186,
  0x0004, 0x31a6,
  0x0002, 0x3186,
  0x0003, 0x31a6,
  0x0001, 0x3186,
  0x000e, 0x31a6,
  0x0017, 0x3186,
  0x0001, 0x31a6,
  0x0019, 0x3186,
  0x0002, 0x31a6,
  0x0003, 0x3186,
  0x0001, 0x31a6,
  0x000a, 0x3186,
  0x0003, 0x31a6,
  0x0013, 0x3186,
  0x0003, 0x31a6,
  0x0003, 0x3186,
  0x0001, 0x31a6,
  0x0005, 0x3186,
  0x0001, 0x31a6,
  0x0003, 0x3186,
  0x0004, 0x31a6,
  0x0001, 0x3186,
  0x0002, 0x31a6,
  0x0001, 0x3186,
  0x0005, 0x31a6,
  0x0003, 0x3186,
  0x0003, 0x31a6,
  0x000c, 0x3186,
  0x0006, 0x31a6,
  0x0003, 0x3186,
  0x000a, 0x31a6,
  0x0005, 0x3186,
  0x000b, 0x31a6,
  0x0002, 0x3186,
  0x0001, 0x31a6,
  0x0012, 0x3186,
  0x0007, 0x31a6,
  0x0001, 0x3186,
  0x0006, 0x31a6,
  0x0004, 0x3186,
  0x0004, 0x31a6,
  0x0014, 0x3186,
  0x0001, 0x31a6,
  0x0002, 0x3186,
  0x0004, 0x31a6,
  0x0009, 0x3186,
  0x0001, 0x31a6,
  0x0005, 0x3186,
  0x0001, 0x31a6,
  0x0004, 0x3186,
  0x0009, 0x31a6,
  0x0006, 0x3186,
  0x0001, 0x31a6,
  0x0006, 0x3186,
  0x000b, 0x31a6,
  0x0007, 0x3186,
  0x0001, 0x31a6,
  0x0002, 0x3186,
  0x0003, 0x31a6,
  0x0001, 0x3186,
  0x0001, 0x31a6,
  0x0002, 0x3186,
  0x000b, 0x31a6,
  0x0018, 0x3186,
  0x0001, 0x31a6,
  0x0017, 0x3186,
  0x0004, 0x31a6,
  0x0005, 0x3186,
  0x0001, 0x31a6,
  0x0007, 0x3186,
  0x0001, 0x31a6,
  0x0015, 0x3186,
  0x0003, 0x31a6,
  0x0002, 0x3186,
  0x0002, 0x31a6,
  0x0009, 0x3186,
  0x0002, 0x31a6,
  0x0002, 0x3186,
  0x0006, 0x31a6,
  0x0002, 0x3186,
  0x0007, 0x31a6,
  0x0001, 0x3186,
  0x0001, 0x31a6,
  0x0009, 0x3186,
  0x0007, 0x31a6,
  0x0003, 0x3186,
  0x000a, 0x31a6,
  0x0002, 0x3186,
  0x0001, 0x31a6,
  0x0002, 0x3186,
  0x0006, 0x31a6,
  0x0002, 0x3186,
  0x0001, 0x31a6,
  0x0004, 0x3186,
  0x0001, 0x31a6,
  0x0012, 0x3186,
  0x000a, 0x31a6,
  0x0008, 0x3186,
  0x0003, 0x31a6,
  0x0002, 0x3186,
  0x0001, 0x31a6,
  0x0015, 0x3186,
  0x0003, 0x31a6,
  0x000a, 0x3186,
  0x0001, 0x31a6,
  0x0005, 0x3186,
  0x0001, 0x31a6,
  0x0004, 0x3186,
  0x0009, 0x31a6,
  0x0006, 0x3186,
  0x0001, 0x31a6,
  0x0004, 0x3186,
  0x000b, 0x31a6,
  0x0005, 0x3186,
  0x0001, 0x31a6,
  0x0003, 0x3186,
  0x0006, 0x31a6,
  0x0001, 0x3186,
  0x0001, 0x31a6,
  0x0001, 0x3186,
  0x0001, 0x31a5,
  0x0007, 0x31a6,
  0x0002, 0x3186,
  0x0002, 0x31a6,
  0x0018, 0x3186,
  0x0001, 0x31a6,
  0x0017, 0x3186,
  0x0003, 0x31a6,
  0x0009, 0x3186,
  0x0007, 0x31a6,
  0x0013, 0x3186,
  0x0002, 0x31a6,
  0x0002, 0x3186,
  0x0001, 0x31a6,
  0x000c, 0x3186,
  0x0002, 0x31a6,
  0x0002, 0x3186,
  0x0006, 0x31a6,
  0x0002, 0x3186,
  0x0005, 0x31a6,
  0x0003, 0x3186,
  0x0001, 0x31a6,
  0x0007, 0x3186,
  0x0001, 0x31a6,
  0x0001, 0x3186,
  0x0008, 0x31a6,
  0x0002, 0x3186,
  0x000d, 0x31a6,
  0x0002, 0x3186,
  0x0004, 0x31a6,
  0x0001, 0x3186,
  0x0001, 0x31a6,
  0x0002, 0x3186,
  0x0001, 0x31a6,
  0x0018, 0x3186,
  0x0006, 0x31a6,
  0x0007, 0x3186,
  0x0001, 0x31a6,
  0x0003, 0x3186,
  0x0003, 0x31a6,
  0x0002, 0x3186,
  0x0001, 0x31a6,
  0x0015, 0x3186,
  0x0002, 0x31a6,
  0x0003, 0x3186,
  0x0001, 0x31a6,
  0x0007, 0x3186,
  0x0001, 0x31a6,
  0x0009, 0x3186,
  0x000a, 0x31a6,
  0x0005, 0x3186,
  0x0002, 0x31a6,
  0x0004, 0x3186,
  0x0009, 0x31a6,
  0x000b, 0x3186,
  0x000f, 0x31a6,
  0x0004, 0x3186,
  0x0002, 0x31a6,
  0x001b, 0x3186,
  0x0001, 0x31a6,
  0x001e, 0x3186,
  0x0006, 0x31a6,
  0x0002, 0x3186,
  0x0002, 0x31a6,
  0x0012, 0x3186,
  0x0002, 0x31a6,
  0x0002, 0x3186,
  0x0002, 0x31a6,
  0x000b, 0x3186,
  0x0003, 0x31a6,
  0x0002, 0x3186,
  0x0001, 0x31a6,
  0x0003, 0x3186,
  0x0006, 0x31a6,
  0x0005, 0x3186,
  0x0001, 0x31a6,
  0x0006, 0x3186,
  0x001a, 0x31a6,
  0x0001, 0x3186,
  0x0003, 0x31a6,
  0x0001, 0x3186,
  0x0001, 0x31a6,
  0x0002, 0x3186,
  0x0003, 0x31a6,
  0x0018, 0x3186,
  0x0004, 0x31a6,
  0x0009, 0x3186,
  0x0001, 0x31a6,
  0x0003, 0x3186,
  0x0006, 0x31a6,
  0x0012, 0x3186,
  0x0001, 0x31a6,
  0x0002, 0x3186,
  0x0001, 0x31a6,
  0x0002, 0x3186,
  0x0003, 0x31a6,
  0x0007, 0x3186,
  0x0001, 0x31a6,
  0x0009, 0x3186,
  0x000a, 0x31a6,
  0x0004, 0x3186,
  0x0002, 0x31a6,
  0x000a, 0x3186,
  0x0003, 0x31a6,
  0x000a, 0x3186,
  0x0003, 0x31a6,
  0x0002, 0x3186,
  0x000b, 0x31a6,
  0x0009, 0x3186,
  0x0004, 0x31a6,
  0x0010, 0x3186,
  0x0004, 0x31a6,
  0x0001, 0x3186,
  0x0001, 0x31a6,
  0x0010, 0x3186,
  0x0001, 0x31a6,
  0x0003, 0x3186,
  0x0001, 0x31a6,
  0x0008, 0x3186,
  0x0003, 0x31a6,
  0x0003, 0x3186,
  0x0001, 0x31a6,
  0x0001, 0x3186,
  0x0001, 0x31a6,
  0x0012, 0x3186,
  0x0002, 0x31a6,
  0x0002, 0x3186,
  0x0002, 0x31a6,
  0x000b, 0x3186,
  0x0004, 0x31a6,
  0x000b, 0x3186,
  0x0002, 0x31a6,
  0x000e, 0x3186,
  0x0001, 0x31a6,
  0x0002, 0x3186,
  0x000b, 0x31a6,
  0x0001, 0x3186,
  0x000c, 0x31a6,
  0x0002, 0x3186,
  0x0001, 0x31a6,
  0x0004, 0x3186,
  0x0001, 0x31a6,
  0x0019, 0x3186,
  0x0003, 0x31a6,
  0x000c, 0x3186,
  0x0001, 0x31a6,
  0x0003, 0x3186,
  0x0003, 0x31a6,
  0x0011, 0x3186,
  0x0001, 0x31a6,
  0x0003, 0x3186,
  0x0003, 0x31a6,
  0x0003, 0x3186,
  0x0001, 0x31a6,
  0x0003, 0x3186,
  0x0001, 0x31a6,
  0x0006, 0x3186,
  0x0001, 0x31a6,
  0x0006, 0x3186,
  0x0009, 0x31a6,
  0x0004, 0x3186,
  0x0002, 0x31a6,
  0x0002, 0x3186,
  0x0002, 0x31a6,
  0x0006, 0x3186,
  0x0002, 0x31a6,
  0x0010, 0x3186,
  0x0002, 0x31a6,
  0x0003, 0x3186,
  0x0003, 0x31a6,
  0x0001, 0x3186,
  0x0003, 0x31a6,
  0x0007, 0x3186,
  0x0005, 0x31a6,
  0x0008, 0x3186,
  0x0001, 0x31a6,
  0x0006, 0x3186,
  0x0001, 0x31a6,
  0x0001, 0x3186,
  0x0003, 0x31a6,
  0x0015, 0x3186,
  0x0002, 0x31a6,
  0x0005, 0x3186,
  0x0001, 0x31a6,
  0x0002, 0x3186,
  0x0005, 0x31a6,
  0x0002, 0x3186,
  0x0002, 0x31a6,
  0x0010, 0x3186,
  0x0003, 0x31a6,
  0x0003, 0x3186,
  0x0003, 0x31a6,
  0x000b, 0x3186,
  0x0001, 0x31a6,
  0x000d, 0x3186,
  0x0002, 0x31a6,
  0x000d, 0x3186,
  0x0002, 0x31a6,
  0x0002, 0x3186,
  0x000b, 0x31a6,
  0x0001, 0x3186,
  0x000c, 0x31a6,
  0x0007, 0x3186,
  0x0001, 0x31a6,
  0x0017, 0x3186,
  0x0001, 0x31a6,
  0x0004, 0x3186,
  0x0002, 0x31a6,
  0x0003, 0x3186,
  0x0001, 0x31a6,
  0x0003, 0x3186,
  0x0002, 0x31a6,
  0x0001, 0x3186,
  0x0002, 0x31a6,
  0x0002, 0x3186,
  0x0004, 0x31a6,
  0x0014, 0x3186,
  0x0001, 0x31a6,
  0x0009, 0x3186,
  0x0001, 0x31a6,
  0x000d, 0x3186,
  0x000e, 0x31a6,
  0x0003, 0x3186,
  0x0003, 0x31a6,
  0x0003, 0x3186,
  0x0001, 0x31a6,
  0x0001, 0x3186,
  0x0002, 0x31a6,
  0x0012, 0x3186,
  0x0001, 0x31a6,
  0x0002, 0x3186,
  0x0007, 0x31a6,
  0x0007, 0x3186,
  0x0005, 0x31a6,
  0x0005, 0x3186,
  0x0001, 0x31a6,
  0x0008, 0x3186,
  0x0001, 0x31a6,
  0x0003, 0x3186,
  0x0002, 0x31a6,
  0x000f, 0x3186,
  0x0001, 0x31a6,
  0x0005, 0x3186,
  0x0002, 0x31a6,
  0x0007, 0x3186,
  0x0001, 0x31a6,
  0x0001, 0x3186,
  0x0002, 0x31a6,
  0x0001, 0x39e7,
  0x0001, 0x5289,
  0x0002, 0x52aa,
  0x0001, 0x4a49,
  0x0002, 0x31a6,
  0x0010, 0x3186,
  0x0001, 0x31a6,
  0x0004, 0x3186,
  0x0003, 0x31a6,
  0x0003, 0x3186,
  0x0001, 0x31a6,
  0x0007, 0x3186,
  0x0002, 0x31a6,
  0x0002, 0x3186,
  0x0001, 0x31a6,
  0x0006, 0x3186,
  0x0002, 0x31a6,
  0x0011, 0x3186,
  0x0001, 0x31a6,
  0x0002, 0x3186,
  0x000b, 0x31a6,
  0x0001, 0x3186,
  0x000c, 0x31a6,
  0x0007, 0x3186,
  0x0001, 0x31a6,
  0x0007, 0x3186,
  0x0001, 0x31a6,
  0x0014, 0x3186,
  0x0002, 0x31a6,
  0x0001, 0x3186,
  0x0001, 0x31a6,
  0x0003, 0x3186,
  0x0001, 0x31a6,
  0x0001, 0x3186,
  0x0008, 0x31a6,
  0x000c, 0x3186,
  0x0001, 0x31a6,
  0x000c, 0x3186,
  0x0001, 0x31a6,
  0x0012, 0x3186,
  0x0001, 0x31a6,
  0x0002, 0x3186,
  0x0018, 0x31a6,
  0x0001, 0x3186,
  0x0002, 0x31a6,
  0x0001, 0x3186,
  0x0001, 0x31a6,
  0x0013, 0x3186,
  0x0003, 0x31a6,
  0x0007, 0x3186,
  0x0002, 0x31a6,
  0x0002, 0x3186,
  0x000c, 0x31a6,
  0x0002, 0x3186,
  0x0002, 0x31a6,
  0x0001, 0x3186,
  0x0005, 0x31a6,
  0x0001, 0x3186,
  0x0001, 0x31a6,
  0x0002, 0x3186,
  0x0002, 0x31a6,
  0x0003, 0x3186,
  0x0003, 0x31a6,
  0x0004, 0x3186,
  0x0001, 0x31a6,
  0x0005, 0x3186,
  0x0001, 0x31a6,
  0x0001, 0x3186,
  0x0001, 0x31a6,
  0x0007, 0x3186,
  0x0002, 0x31a6,
  0x0002, 0x3186,
  0x0001, 0x39c7,
  0x0001, 0x632c,
  0x0001, 0x94b2,
  0x0001, 0x9cf3,
  0x0001, 0x9cd3,
  0x0001, 0x8430,
  0x0001, 0x52aa,
  0x0001, 0x39c6,
  0x0005, 0x3186,
  0x0001, 0x31a6,
  0x000d, 0x3186,
  0x0005, 0x31a6,
  0x0002, 0x3186,
  0x0003, 0x31a6,
  0x0003, 0x3186,
  0x0001, 0x31a6,
  0x0005, 0x3186,
  0x0003, 0x31a6,
  0x0019, 0x3186,
  0x000a, 0x31a6,
  0x0009, 0x3186,
  0x0007, 0x31a6,
  0x0007, 0x3186,
  0x0004, 0x31a6,
  0x0007, 0x3186,
  0x0002, 0x31a6,
  0x0010, 0x3186,
  0x0002, 0x31a6,
  0x0007, 0x3186,
  0x0008, 0x31a6,
  0x001a, 0x3186,
  0x0002, 0x31a6,
  0x0013, 0x3186,
  0x0019, 0x31a6,
  0x0003, 0x3186,
  0x0001, 0x31a6,
  0x0002, 0x3186,
  0x0001, 0x31a6,
  0x0011, 0x3186,
  0x0001, 0x31a6,
  0x0008, 0x3186,
  0x0001, 0x31a6,
  0x0003, 0x3186,
  0x0002, 0x31a6,
  0x0001, 0x3186,
  0x0008, 0x31a6,
  0x0002, 0x3186,
  0x0003, 0x31a6,
  0x0001, 0x3186,
  0x0003, 0x31a6,
  0x0003, 0x3186,
  0x0001, 0x31a6,
  0x0002, 0x3186,
  0x0003, 0x31a6,
  0x0002, 0x3186,
  0x0002, 0x31a6,
  0x000a, 0x3186,
  0x0001, 0x31a6,
  0x0006, 0x3186,
  0x0001, 0x31a6,
  0x0003, 0x3186,
  0x0003, 0x31a6,
  0x0001, 0x3186,
  0x0001, 0x52aa,
  0x0001, 0x9492,
  0x0001, 0x9cf3,
  0x0001, 0xa514,
  0x0002, 0x9cf3,
  0x0001, 0x8c71,
  0x0001, 0x5aca,
  0x0001, 0x31a6,
  0x0001, 0x3185,
  0x0011, 0x3186,
  0x0005, 0x31a6,
  0x0004, 0x3186,
  0x0002, 0x31a6,
  0x0006, 0x3186,
  0x0002, 0x31a6,
  0x0003, 0x3186,
  0x0001, 0x31a6,
  0x0001, 0x3186,
  0x0002, 0x31a6,
  0x0017, 0x3186,
  0x0008, 0x31a6,
  0x0002, 0x3186,
  0x0002, 0x31a6,
  0x0005, 0x3186,
  0x0004, 0x31a6,
  0x0001, 0x3186,
  0x0003, 0x31a6,
  0x0006, 0x3186,
  0x0003, 0x31a6,
  0x0007, 0x3186,
  0x0003, 0x31a6,
  0x0013, 0x3186,
  0x0001, 0x31a6,
  0x0001, 0x3186,
  0x0002, 0x31a6,
  0x0002, 0x3186,
  0x0008, 0x31a6,
  0x0002, 0x3186,
  0x0003, 0x31a6,
  0x0010, 0x3186,
  0x0002, 0x31a6,
  0x0003, 0x3186,
  0x0002, 0x31a6,
  0x0005, 0x3186,
  0x0001, 0x31a6,
  0x000d, 0x3186,
  0x0019, 0x31a6,
  0x0003, 0x3186,
  0x0001, 0x31a6,
  0x001d, 0x3186,
  0x0001, 0x31a6,
  0x0003, 0x3186,
  0x0002, 0x31a6,
  0x0002, 0x3186,
  0x000c, 0x31a6,
  0x0001, 0x3186,
  0x0003, 0x31a6,
  0x0003, 0x3186,
  0x0001, 0x31a6,
  0x0001, 0x3186,
  0x0002, 0x31a6,
  0x0018, 0x3186,
  0x0001, 0x31a6,
  0x0002, 0x3186,
  0x0004, 0x31a6,
  0x0001, 0x738e,
  0x0001, 0x9cf3,
  0x0002, 0xa514,
  0x0001, 0x9cf3,
  0x0001, 0xa514,
  0x0001, 0x9cf3,
  0x0001, 0x9492,
  0x0001, 0x5acb,
  0x0001, 0x31a6,
  0x000e, 0x3186,
  0x0001, 0x31a6,
  0x0002, 0x3186,
  0x0001, 0x31a6,
  0x0006, 0x3186,
  0x0002, 0x31a6,
  0x0001, 0x3186,
  0x0001, 0x31a6,
  0x0005, 0x3186,
  0x0001, 0x31a6,
  0x0020, 0x3186,
  0x0008, 0x31a6,
  0x000a, 0x3186,
  0x0005, 0x31a6,
  0x0006, 0x3186,
  0x0005, 0x31a6,
  0x0008, 0x3186,
  0x0003, 0x31a6,
  0x0013, 0x3186,
  0x000d, 0x31a6,
  0x0003, 0x3186,
  0x0002, 0x31a6,
  0x0004, 0x3186,
  0x0001, 0x31a6,
  0x0017, 0x3186,
  0x0001, 0x31a6,
  0x0008, 0x3186,
  0x0001, 0x31a6,
  0x0005, 0x3186,
  0x0012, 0x31a6,
  0x0001, 0x3186,
  0x0004, 0x31a6,
  0x0017, 0x3186,
  0x0001, 0x31a6,
  0x000e, 0x3186,
  0x0002, 0x31a6,
  0x0004, 0x3186,
  0x0006, 0x31a6,
  0x0002, 0x3186,
  0x0002, 0x31a6,
  0x0004, 0x3186,
  0x0003, 0x31a6,
  0x0010, 0x3186,
  0x0001, 0x31a6,
  0x0008, 0x3186,
  0x0001, 0x31a6,
  0x0007, 0x3186,
  0x0002, 0x31a6,
  0x0001, 0x73ae,
  0x0007, 0xa514,
  0x0001, 0x94b2,
  0x0001, 0x52aa,
  0x0001, 0x31a6,
  0x0001, 0x3186,
  0x0001, 0x31a6,
  0x000e, 0x3186,
  0x0001, 0x31a6,
  0x0006, 0x3186,
  0x0001, 0x31a6,
  0x0025, 0x3186,
  0x0001, 0x31a6,
  0x0004, 0x3186,
  0x000a, 0x31a6,
  0x0001, 0x3186,
  0x0001, 0x31a6,
  0x0005, 0x3186,
  0x0005, 0x31a6,
  0x0006, 0x3186,
  0x0002, 0x31a6,
  0x0005, 0x3186,
  0x0002, 0x31a6,
  0x0005, 0x3186,
  0x0002, 0x31a6,
  0x0013, 0x3186,
  0x000e, 0x31a6,
  0x0002, 0x3186,
  0x0007, 0x31a6,
  0x0002, 0x3186,
  0x0002, 0x31a6,
  0x0013, 0x3186,
  0x0001, 0x31a6,
  0x0006, 0x3186,
  0x0001, 0x31a6,
  0x0001, 0x3186,
  0x0001, 0x31a6,
  0x0005, 0x3186,
  0x0012, 0x31a6,
  0x0001, 0x3186,
  0x0007, 0x31a6,
  0x0014, 0x3186,
  0x0001, 0x31a6,
  0x000a, 0x3186,
  0x0003, 0x31a6,
  0x0001, 0x3186,
  0x0001, 0x31a6,
  0x0001, 0x3186,
  0x0004, 0x31a6,
  0x0002, 0x3186,
  0x0009, 0x31a6,
  0x0003, 0x3186,
  0x0001, 0x31a6,
  0x0002, 0x3186,
  0x0003, 0x31a6,
  0x000a, 0x3186,
  0x0001, 0x31a6,
  0x0002, 0x3186,
  0x0002, 0x31a6,
  0x0005, 0x3186,
  0x0002, 0x31a6,
  0x000a, 0x3186,
  0x0001, 0x5acb,
  0x0001, 0x9492,
  0x0001, 0xa513,
  0x0006, 0xa514,
  0x0001, 0x9cf3,
  0x0001, 0x528a,
  0x0002, 0x31a6,
  0x0004, 0x3186,
  0x0001, 0x31a6,
  0x0008, 0x3186,
  0x0008, 0x31a6,
  0x0002, 0x3186,
  0x0007, 0x31a6,
  0x0006, 0x3186,
  0x0001, 0x31a6,
  0x0002, 0x3186,
  0x0001, 0x31a6,
  0x0012, 0x3186,
  0x0010, 0x31a6,
  0x0003, 0x3186,
  0x0001, 0x31a6,
  0x0005, 0x3186,
  0x0004, 0x31a6,
  0x0003, 0x3186,
  0x0004, 0x31a6,
  0x0002, 0x3186,
  0x0006, 0x31a6,
  0x0017, 0x3186,
  0x000e, 0x31a6,
  0x0003, 0x3186,
  0x0003, 0x31a6,
  0x0001, 0x3186,
  0x0005, 0x31a6,
  0x0004, 0x3186,
  0x0002, 0x31a6,
  0x0003, 0x3186,
  0x0001, 0x31a6,
  0x0007, 0x3186,
  0x0002, 0x31a6,
  0x0003, 0x3186,
  0x0001, 0x31a6,
  0x0007, 0x3186,
  0x0002, 0x31a6,
  0x0002, 0x3186,
  0x0001, 0x31a6,
  0x0002, 0x3186,
  0x0015, 0x31a6,
  0x0009, 0x3186,
  0x0001, 0x31a6,
  0x001b, 0x3186,
  0x0001, 0x31a6,
  0x000b, 0x3186,
  0x0004, 0x31a6,
  0x0002, 0x3186,
  0x0004, 0x31a6,
  0x0001, 0x3186,
  0x0004, 0x31a6,
  0x000e, 0x3186,
  0x0001, 0x31a6,
  0x0006, 0x3186,
  0x0003, 0x31a6,
  0x0004, 0x3186,
  0x0004, 0x31a6,
  0x0003, 0x3186,
  0x0001, 0x6b4d,
  0x0001, 0x9cd3,
  0x0002, 0xa514,
  0x0002, 0xa513,
  0x0003, 0xa514,
  0x0001, 0x9cf3,
  0x0001, 0x52aa,
  0x0001, 0x31a6,
  0x0003, 0x3186,
  0x0002, 0x31a6,
  0x0008, 0x3186,
  0x000a, 0x31a6,
  0x0001, 0x3186,
  0x0005, 0x31a6,
  0x0004, 0x3186,
  0x0001, 0x31a6,
  0x0018, 0x3186,
  0x0002, 0x31a6,
  0x0001, 0x3186,
  0x0002, 0x31a6,
  0x0002, 0x3186,
  0x0003, 0x31a6,
  0x0002, 0x3186,
  0x0005, 0x31a6,
  0x0008, 0x3186,
  0x0003, 0x31a6,
  0x0003, 0x3186,
  0x0001, 0x31a6,
  0x0004, 0x3186,
  0x0005, 0x31a6,
  0x0001, 0x3186,
  0x0001, 0x31a6,
  0x0015, 0x3186,
  0x0001, 0x31a6,
  0x0004, 0x3186,
  0x000b, 0x31a6,
  0x0002, 0x3186,
  0x0009, 0x31a6,
  0x0013, 0x3186,
  0x0002, 0x31a6,
  0x000b, 0x3186,
  0x000f, 0x31a6,
  0x0004, 0x3186,
  0x0005, 0x31a6,
  0x000d, 0x3186,
  0x0001, 0x31a6,
  0x001c, 0x3186,
  0x0001, 0x31a6,
  0x0008, 0x3186,
  0x0001, 0x31a6,
  0x0005, 0x3186,
  0x0003, 0x31a6,
  0x0001, 0x3186,
  0x0006, 0x31a6,
  0x000f, 0x3186,
  0x0001, 0x31a6,
  0x0007, 0x3186,
  0x0002, 0x31a6,
  0x0004, 0x3186,
  0x0005, 0x31a6,
  0x0002, 0x3186,
  0x0001, 0x31a6,
  0x0001, 0x738e,
  0x0001, 0x9cf3,
  0x0001, 0xa514,
  0x0002, 0xa513,
  0x0002, 0xa514,
  0x0001, 0xa513,
  0x0001, 0xa514,
  0x0001, 0x9cd3,
  0x0001, 0x52aa,
  0x0001, 0x31a6,
  0x0002, 0x3186,
  0x0001, 0x31a6,
  0x0009, 0x3186,
  0x0001, 0x31a6,
  0x0002, 0x3186,
  0x0004, 0x31a6,
  0x0002, 0x3186,
  0x0007, 0x31a6,
  0x0001, 0x3186,
  0x0003, 0x31a6,
  0x0008, 0x3186,
  0x0003, 0x31a6,
  0x000e, 0x3186,
  0x0002, 0x31a6,
  0x0005, 0x3186,
  0x0003, 0x31a6,
  0x0002, 0x3186,
  0x0004, 0x31a6,
  0x0002, 0x3186,
  0x0001, 0x31a6,
  0x0004, 0x3186,
  0x0005, 0x31a6,
  0x0003, 0x3186,
  0x0001, 0x31a6,
  0x0002, 0x3186,
  0x0001, 0x31a6,
  0x0004, 0x3186,
  0x0002, 0x31a6,
  0x0001, 0x3186,
  0x0001, 0x31a6,
  0x0015, 0x3186,
  0x0001, 0x31a6,
  0x0004, 0x3186,
  0x0001, 0x31a6,
  0x0002, 0x3186,
  0x0001, 0x31a6,
  0x0002, 0x3186,
  0x0005, 0x31a6,
  0x0003, 0x3186,
  0x0009, 0x31a6,
  0x0014, 0x3186,
  0x0001, 0x31a6,
  0x000a, 0x3186,
  0x0004, 0x31a6,
  0x0002, 0x3186,
  0x0009, 0x31a6,
  0x0001, 0x3186,
  0x0001, 0x31a6,
  0x0002, 0x3186,
  0x0005, 0x31a6,
  0x001d, 0x3186,
  0x0001, 0x31a6,
  0x0013, 0x3186,
  0x0001, 0x31a6,
  0x0003, 0x3186,
  0x0001, 0x31a6,
  0x0003, 0x3186,
  0x0002, 0x31a6,
  0x0004, 0x3186,
  0x0004, 0x31a6,
  0x0003, 0x3186,
  0x0001, 0x31a6,
  0x0011, 0x3186,
  0x0001, 0x31a6,
  0x0001, 0x3186,
  0x0004, 0x31a6,
  0x0005, 0x3186,
  0x0005, 0x31a6,
  0x0001, 0x39c6,
  0x0001, 0x6b6d,
  0x0001, 0x94b2,
  0x0002, 0xa513,
  0x0005, 0xa514,
  0x0001, 0x9492,
  0x0001, 0x5aca,
  0x0001, 0x39c6,
  0x0001, 0x31a6,
  0x000a, 0x3186,
  0x0001, 0x31a6,
  0x0002, 0x3186,
  0x0002, 0x31a6,
  0x0004, 0x3186,
  0x0015, 0x31a6,
  0x0005, 0x3186,
  0x0001, 0x31a6,
  0x000a, 0x3186,
  0x0003, 0x31a6,
  0x0003, 0x3186,
  0x0009, 0x31a6,
  0x0002, 0x3186,
  0x0001, 0x31a6,
  0x0004, 0x3186,
  0x0005, 0x31a6,
  0x0003, 0x3186,
  0x0004, 0x31a6,
  0x0004, 0x3186,
  0x0003, 0x31a6,
  0x0012, 0x3186,
  0x0001, 0x31a6,
  0x000f, 0x3186,
  0x0001, 0x31a6,
  0x0005, 0x3186,
  0x000a, 0x31a6,
  0x0016, 0x3186,
  0x0001, 0x31a6,
  0x0008, 0x3186,
  0x0004, 0x31a6,
  0x0004, 0x3186,
  0x0006, 0x31a6,
  0x0005, 0x3186,
  0x0006, 0x31a6,
  0x0009, 0x3186,
  0x0001, 0x31a6,
  0x0021, 0x3186,
  0x0002, 0x31a6,
  0x000a, 0x3186,
  0x0002, 0x31a6,
  0x0005, 0x3186,
  0x0004, 0x31a6,
  0x0001, 0x3186,
  0x0001, 0x31a6,
  0x0002, 0x3186,
  0x0002, 0x31a6,
  0x000e, 0x3186,
  0x0002, 0x31a6,
  0x0001, 0x3186,
  0x0001, 0x31a6,
  0x0001, 0x3186,
  0x0002, 0x31a6,
  0x0007, 0x3186,
  0x0002, 0x31a6,
  0x0002, 0x3186,
  0x0001, 0x31a6,
  0x0001, 0x632c,
  0x0001, 0x9cd2,
  0x0001, 0xa513,
  0x0005, 0xa514,
  0x0001, 0x9cf3,
  0x0001, 0x9491,
  0x0001, 0x5aeb,
  0x0001, 0x39c7,
  0x0007, 0x3186,
  0x0001, 0x31a6,
  0x0002, 0x3186,
  0x0005, 0x31a6,
  0x0003, 0x3186,
  0x0001, 0x31a6,
  0x0001, 0x4a69,
  0x0001, 0x632c,
  0x0001, 0x6b4d,
  0x0001, 0x6b6d,
  0x0006, 0x6b4d,
  0x0002, 0x6b4c,
  0x000e, 0x6b4d,
  0x0001, 0x630c,
  0x0001, 0x4a49,
  0x000a, 0x3186,
  0x000d, 0x31a6,
  0x0003, 0x3186,
  0x0001, 0x31a6,
  0x0004, 0x3186,
  0x0005, 0x31a6,
  0x0003, 0x3186,
  0x0004, 0x31a6,
  0x0016, 0x3186,
  0x0001, 0x31a6,
  0x0002, 0x3186,
  0x0002, 0x31a6,
  0x0004, 0x3186,
  0x0001, 0x31a6,
  0x0003, 0x3186,
  0x0001, 0x31a6,
  0x0005, 0x3186,
  0x0001, 0x31a6,
  0x0002, 0x3186,
  0x0001, 0x31a6,
  0x0002, 0x3186,
  0x0007, 0x31a6,
  0x000f, 0x3186,
  0x0002, 0x31a6,
  0x0010, 0x3186,
  0x0005, 0x31a6,
  0x0004, 0x3186,
  0x0005, 0x31a6,
  0x0006, 0x3186,
  0x0004, 0x31a6,
  0x0005, 0x3186,
  0x0001, 0x31a6,
  0x0005, 0x3186,
  0x0001, 0x31a6,
  0x0003, 0x3186,
  0x0001, 0x31a6,
  0x0010, 0x3186,
  0x0001, 0x31a6,
  0x0009, 0x3186,
  0x0002, 0x31a6,
  0x0001, 0x3186,
  0x0001, 0x31a6,
  0x000b, 0x3186,
  0x0002, 0x31a6,
  0x0002, 0x3186,
  0x0005, 0x31a6,
  0x0007, 0x3186,
  0x0002, 0x31a6,
  0x0008, 0x3186,
  0x0001, 0x31a6,
  0x0002, 0x3186,
  0x0004, 0x31a6,
  0x0001, 0x3186,
  0x0001, 0x31a6,
  0x0001, 0x3186,
  0x0004, 0x31a6,
  0x0004, 0x3186,
  0x0003, 0x31a6,
  0x0003, 0x3186,
  0x0001, 0x39c7,
  0x0001, 0x6b4d,
  0x0001, 0x9cd3,
  0x0004, 0xa513,
  0x0003, 0xa514,
  0x0001, 0x9492,
  0x0001, 0x5acb,
  0x0001, 0x31a6,
  0x0009, 0x3186,
  0x0008, 0x31a6,
  0x0001, 0x632c,
  0x0001, 0x8430,
  0x0001, 0x9cd3,
  0x0001, 0x9cf3,
  0x0001, 0xa513,
  0x0001, 0xa514,
  0x0009, 0x9cf3,
  0x0002, 0xa513,
  0x0005, 0x9cf3,
  0x0001, 0xa514,
  0x0001, 0x9cf3,
  0x0002, 0xa514,
  0x0001, 0x9cf3,
  0x0001, 0x9cd2,
  0x0001, 0x8430,
  0x0001, 0x6b4d,
  0x0002, 0x31a6,
  0x0007, 0x3186,
  0x0004, 0x31a6,
  0x0002, 0x3186,
  0x0006, 0x31a6,
  0x0003, 0x3186,
  0x000c, 0x31a6,
  0x0002, 0x3186,
  0x0007, 0x31a6,
  0x0016, 0x3186,
  0x0002, 0x31a6,
  0x0002, 0x3186,
  0x0003, 0x31a6,
  0x0002, 0x3186,
  0x0003, 0x31a6,
  0x0004, 0x3186,
  0x0001, 0x31a6,
  0x0002, 0x3186,
  0x0001, 0x31a6,
  0x0002, 0x3186,
  0x0007, 0x31a6,
  0x0014, 0x3186,
  0x0003, 0x31a6,
  0x000a, 0x3186,
  0x0008, 0x31a6,
  0x0003, 0x3186,
  0x0005, 0x31a6,
  0x0004, 0x3186,
  0x0004, 0x31a6,
  0x0001, 0x3186,
  0x0002, 0x31a6,
  0x0007, 0x3186,
  0x0001, 0x31a6,
  0x0002, 0x3186,
  0x0002, 0x31a6,
  0x000c, 0x3186,
  0x0001, 0x31a6,
  0x0001, 0x3186,
  0x0001, 0x31a6,
  0x0002, 0x3186,
  0x0001, 0x31a6,
  0x0009, 0x3186,
  0x0002, 0x31a6,
  0x0001, 0x3186,
  0x0001, 0x31a6,
  0x0002, 0x3186,
  0x0001, 0x31a6,
  0x0004, 0x3186,
  0x0002, 0x31a6,
  0x0003, 0x3186,
  0x0007, 0x31a6,
  0x0008, 0x3186,
  0x0001, 0x31a6,
  0x0009, 0x3186,
  0x0001, 0x31a6,
  0x0009, 0x3186,
  0x0002, 0x31a6,
  0x0006, 0x3186,
  0x0003, 0x31a6,
  0x0002, 0x3186,
  0x0002, 0x31a6,
  0x0001, 0x39e7,
  0x0001, 0x6b4d,
  0x0001, 0x94b2,
  0x0001, 0x9cf3,
  0x0002, 0xa513,
  0x0004, 0xa514,
  0x0001, 0x9492,
  0x0001, 0x52aa,
  0x0001, 0x31a6,
  0x0001, 0x3186,
  0x0002, 0x31a6,
  0x0004, 0x3186,
  0x0004, 0x31a6,
  0x0001, 0x3186,
  0x0003, 0x31a6,
  0x0001, 0x6b4d,
  0x0001, 0x9cd3,
  0x0004, 0x9cf3,
  0x0001, 0xa514,
  0x0003, 0x9cf3,
  0x0002, 0xa514,
  0x0002, 0xa513,
  0x0002, 0xa514,
  0x0002, 0xa513,
  0x0001, 0xa514,
  0x0003, 0x9cf3,
  0x0004, 0xa514,
  0x0005, 0x9cf3,
  0x0001, 0x6b6d,
  0x0001, 0x31a6,
  0x0003, 0x3186,
  0x0001, 0x31a6,
  0x0001, 0x3186,
  0x0001, 0x31a6,
  0x0004, 0x3186,
  0x0001, 0x31a6,
  0x0003, 0x3186,
  0x0001, 0x31a6,
  0x0003, 0x3186,
  0x0001, 0x31a6,
  0x0003, 0x3186,
  0x0007, 0x31a6,
  0x0003, 0x3186,
  0x000b, 0x31a6,
  0x0001, 0x3186,
  0x0002, 0x31a6,
  0x000d, 0x3186,
  0x0001, 0x31a6,
  0x0003, 0x3186,
  0x0001, 0x31a6,
  0x0002, 0x3186,
  0x0001, 0x31a6,
  0x0002, 0x3186,
  0x0003, 0x31a6,
  0x0003, 0x3186,
  0x000a, 0x31a6,
  0x0003, 0x3186,
  0x0007, 0x31a6,
  0x0019, 0x3186,
  0x0002, 0x31a6,
  0x0005, 0x3186,
  0x0008, 0x31a6,
  0x0003, 0x3186,
  0x0005, 0x31a6,
  0x0004, 0x3186,
  0x0004, 0x31a6,
  0x000e, 0x3186,
  0x0001, 0x31a6,
  0x000c, 0x3186,
  0x0001, 0x31a6,
  0x000b, 0x3186,
  0x0005, 0x31a6,
  0x0001, 0x3186,
  0x0001, 0x31a6,
  0x0002, 0x3186,
  0x0001, 0x31a6,
  0x000c, 0x3186,
  0x0005, 0x31a6,
  0x0003, 0x3186,
  0x0001, 0x31a6,
  0x0002, 0x3186,
  0x0002, 0x31a6,
  0x0013, 0x3186,
  0x0002, 0x31a6,
  0x0002, 0x3186,
  0x000c, 0x31a6,
  0x0001, 0x39c7,
  0x0001, 0x6b4c,
  0x0001, 0x9cd3,
  0x0001, 0xa513,
  0x0005, 0xa514,
  0x0001, 0xa4f3,
  0x0001, 0x94b2,
  0x0001, 0x52aa,
  0x0001, 0x31a6,
  0x0005, 0x3186,
  0x0008, 0x31a6,
  0x0001, 0x528a,
  0x0001, 0x94b2,
  0x0002, 0xa514,
  0x0002, 0x9cf3,
  0x0001, 0x9d13,
  0x0004, 0xa513,
  0x0006, 0xa514,
  0x0002, 0xa513,
  0x0001, 0xa514,
  0x0001, 0x9cf3,
  0x0002, 0xa513,
  0x0002, 0xa514,
  0x0005, 0x9cf3,
  0x0001, 0xa513,
  0x0001, 0xa514,
  0x0001, 0x9cf3,
  0x0001, 0x528a,
  0x0005, 0x3186,
  0x0003, 0x31a6,
  0x0002, 0x3186,
  0x0001, 0x31a6,
  0x000a, 0x3186,
  0x0008, 0x31a6,
  0x0003, 0x3186,
  0x000c, 0x31a6,
  0x0001, 0x3186,
  0x0001, 0x31a6,
  0x0006, 0x3186,
  0x0006, 0x31a6,
  0x0001, 0x3186,
  0x0001, 0x31a6,
  0x0006, 0x3186,
  0x0007, 0x31a6,
  0x0001, 0x3186,
  0x0001, 0x31a6,
  0x0001, 0x3186,
  0x000a, 0x31a6,
  0x0002, 0x3186,
  0x0007, 0x31a6,
  0x0019, 0x3186,
  0x0002, 0x31a6,
  0x0002, 0x3186,
  0x000c, 0x31a6,
  0x0006, 0x3186,
  0x0001, 0x31a6,
  0x0001, 0x3186,
  0x0001, 0x31a6,
  0x0002, 0x3186,
  0x0007, 0x31a6,
  0x0003, 0x3186,
  0x0005, 0x31a6,
  0x000d, 0x3186,
  0x0001, 0x31a6,
  0x0003, 0x3186,
  0x0001, 0x31a6,
  0x0004, 0x3186,
  0x0004, 0x31a6,
  0x0004, 0x3186,
  0x0008, 0x31a6,
  0x0008, 0x3186,
  0x0002, 0x31a6,
  0x0001, 0x3186,
  0x0006, 0x31a6,
  0x0004, 0x3186,
  0x0005, 0x31a6,
  0x0002, 0x3186,
  0x0005, 0x31a6,
  0x0001, 0x3186,
  0x0001, 0x31a6,
  0x0001, 0x3186,
  0x0004, 0x31a6,
  0x0002, 0x3186,
  0x0013, 0x31a6,
  0x0001, 0x39c6,
  0x0001, 0x6b6d,
  0x0001, 0x9cf3,
  0x0001, 0xa513,
  0x0004, 0xa514,
  0x0001, 0xa513,
  0x0001, 0xa514,
  0x0001, 0x9cf3,
  0x0001, 0x4a69,
  0x0006, 0x3186,
  0x0006, 0x31a6,
  0x0001, 0x3a07,
  0x0001, 0x8c51,
  0x0001, 0x9cf3,
  0x0003, 0xa514,
  0x0001, 0x9cf3,
  0x0003, 0xa513,
  0x0001, 0xa514,
  0x0001, 0xa513,
  0x0006, 0xa514,
  0x0002, 0xa513,
  0x0002, 0xa514,
  0x0002, 0xa513,
  0x0002, 0xa514,
  0x0001, 0x9cf3,
  0x0003, 0xa514,
  0x0002, 0xa513,
  0x0002, 0x9cf3,
  0x0001, 0x8c71,
  0x0001, 0x39e7,
  0x0001, 0x31a6,
  0x0003, 0x3186,
  0x0003, 0x31a6,
  0x0002, 0x3186,
  0x0001, 0x31a6,
  0x0007, 0x3186,
  0x0007, 0x31a6,
  0x0002, 0x3186,
  0x0011, 0x31a6,
  0x0001, 0x3185,
  0x0006, 0x31a6,
  0x0003, 0x3186,
  0x0006, 0x31a6,
  0x0002, 0x3186,
  0x0001, 0x31a6,
  0x0002, 0x3186,
  0x0005, 0x31a6,
  0x0004, 0x3186,
  0x0014, 0x31a6,
  0x001a, 0x3186,
  0x000f, 0x31a6,
  0x000b, 0x3186,
  0x000e, 0x31a6,
  0x000f, 0x3186,
  0x000a, 0x31a6,
  0x0005, 0x3186,
  0x000b, 0x31a6,
  0x000a, 0x3186,
  0x0001, 0x31a6,
  0x0002, 0x3186,
  0x0002, 0x31a6,
  0x0001, 0x3186,
  0x0008, 0x31a6,
  0x0002, 0x3186,
  0x0007, 0x31a6,
  0x0004, 0x3186,
  0x0001, 0x31a6,
  0x0003, 0x3186,
  0x0014, 0x31a6,
  0x0001, 0x39c6,
  0x0001, 0x73ae,
  0x0001, 0x9cf3,
  0x0001, 0xa4f3,
  0x0003, 0xa513,
  0x0003, 0xa514,
  0x0001, 0x9cf3,
  0x0001, 0x4a69,
  0x0003, 0x3186,
  0x0002, 0x31a6,
  0x0002, 0x3186,
  0x0003, 0x31a6,
  0x0001, 0x39c7,
  0x0001, 0x73ae,
  0x0001, 0x9cf3,
  0x0002, 0xa513,
  0x0006, 0xa514,
  0x0002, 0xa513,
  0x000d, 0xa514,
  0x0001, 0x9cf3,
  0x0004, 0xa514,
  0x0001, 0xa513,
  0x0004, 0x9cf3,
  0x0001, 0x73ae,
  0x0001, 0x31a6,
  0x0003, 0x3186,
  0x0003, 0x31a6,
  0x000c, 0x3186,
  0x0003, 0x31a6,
  0x0006, 0x3186,
  0x000e, 0x31a6,
  0x0001, 0x3186,
  0x0003, 0x31a6,
  0x0006, 0x3186,
  0x0007, 0x31a6,
  0x000e, 0x3186,
  0x0001, 0x31a6,
  0x0001, 0x3186,
  0x0012, 0x31a6,
  0x0013, 0x3186,
  0x0004, 0x31a6,
  0x0003, 0x3186,
  0x0001, 0x31a6,
  0x0002, 0x3186,
  0x0001, 0x31a6,
  0x0003, 0x3186,
  0x0009, 0x31a6,
  0x0002, 0x3186,
  0x0001, 0x31a6,
  0x0008, 0x3186,
  0x0009, 0x31a6,
  0x0002, 0x3186,
  0x0003, 0x31a6,
  0x0002, 0x3186,
  0x0001, 0x31a6,
  0x000d, 0x3186,
  0x0005, 0x31a6,
  0x000a, 0x3186,
  0x000a, 0x31a6,
  0x0002, 0x3186,
  0x0002, 0x31a6,
  0x000a, 0x3186,
  0x0009, 0x31a6,
  0x0002, 0x3186,
  0x0007, 0x31a6,
  0x0004, 0x3186,
  0x0001, 0x31a6,
  0x0003, 0x3186,
  0x0010, 0x31a6,
  0x0001, 0x3186,
  0x0004, 0x31a6,
  0x0001, 0x31c6,
  0x0001, 0x738d,
  0x0001, 0x9cd2,
  0x0002, 0xa513,
  0x0003, 0xa514,
  0x0002, 0xa513,
  0x0001, 0x9492,
  0x0001, 0x528a,
  0x0004, 0x31a6,
  0x0003, 0x3186,
  0x0001, 0x31a6,
  0x0001, 0x39c6,
  0x0001, 0x632c,
  0x0001, 0x94b2,
  0x0003, 0xa513,
  0x0006, 0xa514,
  0x0002, 0xa513,
  0x000b, 0xa514,
  0x0001, 0x9cf3,
  0x0006, 0xa514,
  0x0005, 0x9cf3,
  0x0001, 0x94b2,
  0x0001, 0x630c,
  0x0001, 0x39c7,
  0x0006, 0x31a6,
  0x0007, 0x3186,
  0x0002, 0x31a6,
  0x0002, 0x3186,
  0x0002, 0x31a6,
  0x0003, 0x3186,
  0x0017, 0x31a6,
  0x0004, 0x3186,
  0x0009, 0x31a6,
  0x0008, 0x3186,
  0x0001, 0x31a6,
  0x0004, 0x3186,
  0x0001, 0x31a6,
  0x0002, 0x3186,
  0x0007, 0x31a6,
  0x0001, 0x3186,
  0x000d, 0x31a6,
  0x000e, 0x3186,
  0x0005, 0x31a6,
  0x0003, 0x3186,
  0x0001, 0x31a6,
  0x0002, 0x3186,
  0x000b, 0x31a6,
  0x0001, 0x31a5,
  0x0006, 0x31a6,
  0x0004, 0x3186,
  0x000a, 0x31a6,
  0x0003, 0x3186,
  0x0006, 0x31a6,
  0x0009, 0x3186,
  0x0001, 0x31a6,
  0x0002, 0x3186,
  0x0007, 0x31a6,
  0x0009, 0x3186,
  0x000e, 0x31a6,
  0x0001, 0x3186,
  0x0003, 0x31a6,
  0x0003, 0x3186,
  0x0001, 0x31a6,
  0x0004, 0x3186,
  0x0004, 0x31a6,
  0x0001, 0x3186,
  0x000c, 0x31a6,
  0x0002, 0x3186,
  0x0012, 0x31a6,
  0x0004, 0x3186,
  0x0003, 0x31a6,
  0x0001, 0x3186,
  0x0001, 0x3185,
  0x0001, 0x31a6,
  0x0001, 0x738d,
  0x0001, 0x9cd3,
  0x0004, 0xa514,
  0x0002, 0xa513,
  0x0001, 0xa514,
  0x0001, 0x9492,
  0x0001, 0x5acb,
  0x0001, 0x39c7,
  0x0005, 0x3186,
  0x0001, 0x31a6,
  0x0001, 0x4a69,
  0x0001, 0x8c51,
  0x0002, 0xa513,
  0x0010, 0xa514,
  0x0002, 0xa513,
  0x0009, 0xa514,
  0x0006, 0x9cf3,
  0x0001, 0xa514,
  0x0001, 0x8c71,
  0x0001, 0x528a,
  0x0006, 0x31a6,
  0x0007, 0x3186,
  0x0020, 0x31a6,
  0x0004, 0x3186,
  0x0009, 0x31a6,
  0x0001, 0x3186,
  0x0002, 0x31a6,
  0x0004, 0x3186,
  0x0004, 0x31a6,
  0x0003, 0x3186,
  0x0015, 0x31a6,
  0x0009, 0x3186,
  0x0002, 0x31a6,
  0x0004, 0x3186,
  0x0007, 0x31a6,
  0x0002, 0x3186,
  0x0016, 0x31a6,
  0x0004, 0x3186,
  0x0002, 0x31a6,
  0x0002, 0x3186,
  0x000e, 0x31a6,
  0x0009, 0x3186,
  0x0006, 0x31a6,
  0x0003, 0x3186,
  0x0001, 0x31a6,
  0x0007, 0x3186,
  0x000e, 0x31a6,
  0x000e, 0x3186,
  0x0001, 0x31a6,
  0x0004, 0x3186,
  0x0008, 0x31a6,
  0x0002, 0x3186,
  0x0016, 0x31a6,
  0x0009, 0x3186,
  0x0001, 0x31a6,
  0x0001, 0x39c7,
  0x0001, 0x6b6d,
  0x0001, 0x9cf3,
  0x0003, 0xa514,
  0x0001, 0xa513,
  0x0003, 0xa514,
  0x0001, 0x8c71,
  0x0001, 0x52aa,
  0x0001, 0x31a6,
  0x0002, 0x3186,
  0x0002, 0x31a6,
  0x0001, 0x4228,
  0x0001, 0x7bef,
  0x0001, 0x9cf3,
  0x0002, 0xa513,
  0x0010, 0xa514,
  0x0002, 0xa513,
  0x0008, 0xa514,
  0x0006, 0x9cf3,
  0x0003, 0xa514,
  0x0001, 0x8410,
  0x0001, 0x4228,
  0x0003, 0x31a6,
  0x0001, 0x3186,
  0x0002, 0x31a6,
  0x0003, 0x3186,
  0x000e, 0x31a6,
  0x0001, 0x3186,
  0x0015, 0x31a6,
  0x0008, 0x3186,
  0x0004, 0x31a6,
  0x0002, 0x3186,
  0x0001, 0x31a6,
  0x0004, 0x3186,
  0x000d, 0x31a6,
  0x0005, 0x3186,
  0x0008, 0x31a6,
  0x0001, 0x3186,
  0x0001, 0x31a6,
  0x0007, 0x3186,
  0x0001, 0x31a6,
  0x0006, 0x3186,
  0x0004, 0x31a6,
  0x0001, 0x3186,
  0x0003, 0x31a6,
  0x0001, 0x3186,
  0x0017, 0x31a6,
  0x0002, 0x3186,
  0x0002, 0x31a6,
  0x0005, 0x3186,
  0x000a, 0x31a6,
  0x0001, 0x3186,
  0x0001, 0x31a6,
  0x0001, 0x3186,
  0x0001, 0x31a6,
  0x0008, 0x3186,
  0x0006, 0x31a6,
  0x0003, 0x3186,
  0x0001, 0x31a6,
  0x0006, 0x3186,
  0x0006, 0x31a6,
  0x0002, 0x3186,
  0x0006, 0x31a6,
  0x0007, 0x3186,
  0x0001, 0x31a6,
  0x0004, 0x3186,
  0x0001, 0x31a6,
  0x0002, 0x3186,
  0x0001, 0x31a6,
  0x0003, 0x3186,
  0x0009, 0x31a6,
  0x0006, 0x3186,
  0x0002, 0x31a6,
  0x0002, 0x3186,
  0x0010, 0x31a6,
  0x0004, 0x3186,
  0x0001, 0x39c6,
  0x0001, 0x39e7,
  0x0003, 0x31a6,
  0x0001, 0x39c7,
  0x0001, 0x6b2c,
  0x0001, 0x9cd2,
  0x0002, 0xa514,
  0x0002, 0xa513,
  0x0002, 0xa514,
  0x0001, 0xa513,
  0x0001, 0x8c71,
  0x0001, 0x52aa,
  0x0001, 0x31a6,
  0x0001, 0x3186,
  0x0002, 0x31a6,
  0x0001, 0x4a69,
  0x0001, 0x94b2,
  0x0001, 0xa513,
  0x0002, 0xa514,
  0x0001, 0x9cf3,
  0x0003, 0xa513,
  0x0006, 0xa514,
  0x0002, 0xa513,
  0x0002, 0xa514,
  0x0002, 0xa513,
  0x0008, 0xa514,
  0x0006, 0xa513,
  0x0002, 0xa514,
  0x0002, 0xa513,
  0x0002, 0x9cf3,
  0x0001, 0x8430,
  0x0002, 0x7bcf,
  0x0002, 0x7bef,
  0x000e, 0x7bcf,
  0x0001, 0x7bce,
  0x0001, 0x630c,
  0x0001, 0x4207,
  0x0001, 0x31a6,
  0x0003, 0x3186,
  0x0014, 0x31a6,
  0x000a, 0x3186,
  0x0005, 0x31a6,
  0x0002, 0x3186,
  0x0001, 0x31a6,
  0x0002, 0x3186,
  0x0008, 0x31a6,
  0x000a, 0x3186,
  0x0003, 0x31a6,
  0x0001, 0x3186,
  0x0004, 0x31a6,
  0x0002, 0x3186,
  0x0001, 0x31a6,
  0x0009, 0x3186,
  0x0001, 0x31a6,
  0x0002, 0x3186,
  0x0007, 0x31a6,
  0x0005, 0x3186,
  0x0014, 0x31a6,
  0x0002, 0x3186,
  0x0003, 0x31a6,
  0x0004, 0x3186,
  0x000c, 0x31a6,
  0x0002, 0x3186,
  0x0001, 0x31a6,
  0x0007, 0x3186,
  0x0001, 0x31a6,
  0x0003, 0x3186,
  0x0003, 0x31a6,
  0x0001, 0x3186,
  0x0002, 0x31a6,
  0x0002, 0x3186,
  0x0001, 0x31a6,
  0x0003, 0x3186,
  0x0001, 0x31a6,
  0x0007, 0x3186,
  0x0003, 0x31a6,
  0x0004, 0x3186,
  0x0002, 0x31a6,
  0x0004, 0x3186,
  0x0001, 0x31a6,
  0x0009, 0x3186,
  0x000e, 0x31a6,
  0x0003, 0x3186,
  0x0002, 0x31a6,
  0x0002, 0x3186,
  0x000e, 0x31a6,
  0x0002, 0x3186,
  0x0002, 0x31a6,
  0x0001, 0x39e7,
  0x0001, 0x632c,
  0x0001, 0x8c50,
  0x0001, 0x8430,
  0x0001, 0x4228,
  0x0003, 0x3186,
  0x0001, 0x39c6,
  0x0001, 0x632c,
  0x0001, 0x9cd3,
  0x0001, 0xa514,
  0x0002, 0xa513,
  0x0002, 0xa514,
  0x0002, 0xa513,
  0x0001, 0x9492,
  0x0001, 0x52aa,
  0x0003, 0x31a6,
  0x0001, 0x39c6,
  0x0001, 0x632c,
  0x0001, 0x9cd2,
  0x0003, 0x9cf3,
  0x0003, 0xa513,
  0x0006, 0xa514,
  0x0002, 0xa513,
  0x0002, 0xa514,
  0x0002, 0xa513,
  0x0008, 0xa514,
  0x0006, 0xa513,
  0x0002, 0xa514,
  0x0002, 0xa513,
  0x0006, 0x9cf3,
  0x0001, 0xa513,
  0x000f, 0x9cf3,
  0x0001, 0x9cd2,
  0x0001, 0x8c71,
  0x0001, 0x6b4d,
  0x0001, 0x39c7,
  0x0002, 0x3186,
  0x0014, 0x31a6,
  0x000a, 0x3186,
  0x0007, 0x31a6,
  0x0003, 0x3186,
  0x0008, 0x31a6,
  0x000a, 0x3186,
  0x0003, 0x31a6,
  0x0001, 0x3186,
  0x0004, 0x31a6,
  0x0002, 0x3186,
  0x0002, 0x31a6,
  0x0005, 0x3186,
  0x0004, 0x31a6,
  0x0003, 0x3186,
  0x0007, 0x31a6,
  0x0005, 0x3186,
  0x0013, 0x31a6,
  0x0001, 0x3186,
  0x0005, 0x31a6,
  0x0003, 0x3186,
  0x0005, 0x31a6,
  0x0001, 0x3186,
  0x0009, 0x31a6,
  0x0004, 0x3186,
  0x0001, 0x31a6,
  0x0006, 0x3186,
  0x0003, 0x31a6,
  0x0001, 0x3186,
  0x0002, 0x31a6,
  0x0004, 0x3186,
  0x0001, 0x31a6,
  0x000a, 0x3186,
  0x0002, 0x31a6,
  0x0010, 0x3186,
  0x0001, 0x31a6,
  0x0002, 0x3186,
  0x000d, 0x31a6,
  0x0001, 0x3186,
  0x0006, 0x31a6,
  0x0002, 0x3186,
  0x000e, 0x31a6,
  0x0003, 0x3186,
  0x0001, 0x39c7,
  0x0001, 0x8410,
  0x0003, 0x9cf3,
  0x0001, 0x9492,
  0x0001, 0x39e7,
  0x0002, 0x3186,
  0x0001, 0x31a6,
  0x0001, 0x39c7,
  0x0001, 0x6b4d,
  0x0001, 0x9cd3,
  0x0005, 0xa514,
  0x0001, 0x9cf3,
  0x0001, 0xa514,
  0x0001, 0x9cd3,
  0x0001, 0x528a,
  0x0004, 0x31a6,
  0x0001, 0x632c,
  0x0001, 0x94b2,
  0x0002, 0x9cf3,
  0x000f, 0xa514,
  0x0004, 0xa513,
  0x000e, 0xa514,
  0x0003, 0x9cf3,
  0x0003, 0xa514,
  0x0001, 0xa513,
  0x0002, 0x9cf3,
  0x0001, 0x9cf4,
  0x0006, 0x9cf3,
  0x0005, 0xa514,
  0x0004, 0x9cf3,
  0x0001, 0x8430,
  0x0001, 0x4208,
  0x0001, 0x31a6,
  0x0002, 0x3186,
  0x0004, 0x31a6,
  0x0001, 0x3186,
  0x000d, 0x31a6,
  0x000a, 0x3186,
  0x0007, 0x31a6,
  0x0003, 0x3186,
  0x000b, 0x31a6,
  0x0002, 0x3186,
  0x0001, 0x31a6,
  0x0002, 0x3186,
  0x0001, 0x31a6,
  0x0003, 0x3186,
  0x0002, 0x31a6,
  0x0002, 0x3186,
  0x0002, 0x31a6,
  0x0002, 0x3186,
  0x0001, 0x31a6,
  0x0006, 0x3186,
  0x0004, 0x31a6,
  0x0003, 0x3186,
  0x0007, 0x31a6,
  0x0002, 0x3186,
  0x0001, 0x31a6,
  0x0001, 0x3186,
  0x001c, 0x31a6,
  0x0002, 0x3186,
  0x0007, 0x31a6,
  0x0002, 0x3186,
  0x0003, 0x31a6,
  0x0001, 0x3186,
  0x0001, 0x31a6,
  0x0001, 0x3186,
  0x0001, 0x31a6,
  0x0002, 0x3186,
  0x0003, 0x31a6,
  0x0004, 0x3186,
  0x0003, 0x31a6,
  0x0005, 0x3186,
  0x0001, 0x31a6,
  0x0001, 0x3186,
  0x0001, 0x31a6,
  0x000a, 0x3186,
  0x0002, 0x31a6,
  0x000a, 0x3186,
  0x0002, 0x31a6,
  0x0006, 0x3186,
  0x0002, 0x31a6,
  0x0001, 0x3186,
  0x000a, 0x31a6,
  0x0002, 0x3186,
  0x0005, 0x31a6,
  0x0001, 0x3186,
  0x0010, 0x31a6,
  0x0002, 0x3186,
  0x0001, 0x31a6,
  0x0001, 0x8430,
  0x0002, 0x9cf3,
  0x0003, 0xa514,
  0x0001, 0x9cd3,
  0x0001, 0x39e7,
  0x0004, 0x31a6,
  0x0001, 0x6b8e,
  0x0001, 0x9cd3,
  0x0007, 0xa514,
  0x0001, 0x9cf3,
  0x0001, 0x4a49,
  0x0001, 0x31a6,
  0x0003, 0x3186,
  0x0001, 0x6b4d,
  0x0001, 0x9cd3,
  0x0006, 0xa514,
  0x0001, 0x9cf3,
  0x0009, 0xa514,
  0x0004, 0xa513,
  0x0014, 0xa514,
  0x0001, 0xa513,
  0x0002, 0x9cf3,
  0x0001, 0x9cf4,
  0x0010, 0xa514,
  0x0001, 0x8c51,
  0x0001, 0x39e7,
  0x0002, 0x3186,
  0x0004, 0x31a6,
  0x0004, 0x3186,
  0x0007, 0x31a6,
  0x000c, 0x3186,
  0x0003, 0x31a6,
  0x0002, 0x3186,
  0x0001, 0x31a6,
  0x0003, 0x3186,
  0x0011, 0x31a6,
  0x000d, 0x3186,
  0x0001, 0x31a6,
  0x000d, 0x3186,
  0x0007, 0x31a6,
  0x0002, 0x3186,
  0x001e, 0x31a6,
  0x0003, 0x3186,
  0x0006, 0x31a6,
  0x000c, 0x3186,
  0x0003, 0x31a6,
  0x0004, 0x3186,
  0x0002, 0x31a6,
  0x0005, 0x3186,
  0x0001, 0x31a6,
  0x000f, 0x3186,
  0x0001, 0x31a6,
  0x0003, 0x3186,
  0x0001, 0x31a6,
  0x0008, 0x3186,
  0x0001, 0x31a6,
  0x0006, 0x3186,
  0x0024, 0x31a6,
  0x0001, 0x6b6d,
  0x0003, 0xa513,
  0x0002, 0xa514,
  0x0002, 0xa513,
  0x0001, 0x9492,
  0x0001, 0x4228,
  0x0001, 0x31a6,
  0x0002, 0x3186,
  0x0001, 0x31a6,
  0x0001, 0x738e,
  0x0001, 0x9cf3,
  0x0002, 0xa514,
  0x0002, 0xa513,
  0x0003, 0xa514,
  0x0001, 0x9cd3,
  0x0001, 0x4a69,
  0x0001, 0x31a6,
  0x0001, 0x3186,
  0x0002, 0x31a6,
  0x0001, 0x6b6d,
  0x0001, 0x9cd3,
  0x0003, 0xa514,
  0x0002, 0xa513,
  0x0034, 0xa514,
  0x0002, 0xa513,
  0x0001, 0xa514,
  0x0001, 0x738e,
  0x0004, 0x31a6,
  0x0003, 0x3186,
  0x0001, 0x31a6,
  0x0002, 0x3186,
  0x0006, 0x31a6,
  0x000c, 0x3186,
  0x0004, 0x31a6,
  0x0006, 0x3186,
  0x0012, 0x31a6,
  0x0009, 0x3186,
  0x0001, 0x31a6,
  0x0002, 0x3186,
  0x0001, 0x31a6,
  0x000e, 0x3186,
  0x0005, 0x31a6,
  0x0003, 0x3186,
  0x0001, 0x31a6,
  0x0003, 0x3186,
  0x0023, 0x31a6,
  0x0003, 0x3186,
  0x0001, 0x31a6,
  0x0008, 0x3186,
  0x0001, 0x31a6,
  0x0001, 0x3186,
  0x0006, 0x31a6,
  0x0028, 0x3186,
  0x0016, 0x31a6,
  0x0001, 0x3186,
  0x000e, 0x31a6,
  0x0001, 0x4228,
  0x0001, 0x9cd3,
  0x0003, 0xa513,
  0x0002, 0xa514,
  0x0002, 0xa513,
  0x0001, 0x9cf3,
  0x0001, 0x8c71,
  0x0001, 0x4a69,
  0x0001, 0x31a6,
  0x0002, 0x3186,
  0x0001, 0x31a6,
  0x0001, 0x738e,
  0x0001, 0x9cd3,
  0x0001, 0x9cf3,
  0x0002, 0xa513,
  0x0004, 0xa514,
  0x0001, 0x94b2,
  0x0001, 0x52aa,
  0x0004, 0x31a6,
  0x0001, 0x6b6d,
  0x0001, 0x9cd3,
  0x0002, 0x9cf3,
  0x0002, 0xa513,
  0x0034, 0xa514,
  0x0002, 0xa513,
  0x0002, 0x9cf3,
  0x0001, 0x4228,
  0x0001, 0x31a6,
  0x0008, 0x3186,
  0x0003, 0x31a6,
  0x0005, 0x3186,
  0x0001, 0x31a6,
  0x0009, 0x3186,
  0x0004, 0x31a6,
  0x0002, 0x3186,
  0x0018, 0x31a6,
  0x0004, 0x3186,
  0x0003, 0x31a6,
  0x0001, 0x3186,
  0x0001, 0x31a6,
  0x0001, 0x3186,
  0x0001, 0x31a6,
  0x000f, 0x3186,
  0x0002, 0x31a6,
  0x0005, 0x3186,
  0x0001, 0x31a6,
  0x0003, 0x3186,
  0x0002, 0x31a6,
  0x0001, 0x31a5,
  0x0020, 0x31a6,
  0x000b, 0x3186,
  0x0001, 0x31a6,
  0x0002, 0x3186,
  0x0005, 0x31a6,
  0x0004, 0x3186,
  0x0001, 0x31a6,
  0x0025, 0x3186,
  0x000d, 0x31a6,
  0x0001, 0x3186,
  0x0002, 0x31a6,
  0x0001, 0x3186,
  0x0001, 0x31a6,
  0x0002, 0x3186,
  0x0001, 0x31a6,
  0x0001, 0x3186,
  0x0001, 0x31a6,
  0x0001, 0x3186,
  0x000c, 0x31a6,
  0x0001, 0x6b6d,
  0x0006, 0x9cf3,
  0x0002, 0xa513,
  0x0002, 0x9cf3,
  0x0001, 0x8c51,
  0x0001, 0x4a69,
  0x0002, 0x3186,
  0x0002, 0x31a6,
  0x0001, 0x6b6d,
  0x0001, 0x9cd3,
  0x0007, 0xa514,
  0x0001, 0x9492,
  0x0001, 0x52aa,
  0x0004, 0x31a6,
  0x0001, 0x632c,
  0x0001, 0x94b2,
  0x0001, 0x9cf3,
  0x0002, 0xa513,
  0x0002, 0xa514,
  0x0001, 0x9cf3,
  0x000f, 0xa514,
  0x0001, 0x9cf3,
  0x001d, 0xa514,
  0x0002, 0xa513,
  0x0002, 0xa514,
  0x0002, 0xa513,
  0x0002, 0x9cf3,
  0x0001, 0x738d,
  0x0001, 0x31a6,
  0x0011, 0x3186,
  0x0001, 0x31a6,
  0x0008, 0x3186,
  0x0004, 0x31a6,
  0x0002, 0x3186,
  0x0018, 0x31a6,
  0x0003, 0x3186,
  0x0005, 0x31a6,
  0x0012, 0x3186,
  0x0002, 0x31a6,
  0x0005, 0x3186,
  0x0001, 0x31a6,
  0x0003, 0x3186,
  0x0001, 0x31a6,
  0x0002, 0x3186,
  0x0021, 0x31a6,
  0x000a, 0x3186,
  0x0001, 0x31a6,
  0x0002, 0x3186,
  0x0005, 0x31a6,
  0x000b, 0x3186,
  0x0001, 0x31a6,
  0x0008, 0x3186,
  0x0001, 0x31a6,
  0x000c, 0x3186,
  0x0002, 0x31a6,
  0x0006, 0x3186,
  0x000e, 0x31a6,
  0x0001, 0x3186,
  0x0004, 0x31a6,
  0x0005, 0x3186,
  0x000d, 0x31a6,
  0x0001, 0x8c50,
  0x0002, 0x9cf3,
  0x0002, 0xa513,
  0x0001, 0x9cf3,
  0x0001, 0xa514,
  0x0002, 0xa513,
  0x0002, 0xa514,
  0x0001, 0x9cf3,
  0x0001, 0x8430,
  0x0001, 0x4a49,
  0x0003, 0x3186,
  0x0001, 0x39c7,
  0x0001, 0x6b6d,
  0x0001, 0x9cf3,
  0x0007, 0xa514,
  0x0001, 0x8c51,
  0x0001, 0x528a,
  0x0001, 0x31a6,
  0x0002, 0x3186,
  0x0001, 0x31a6,
  0x0001, 0x632c,
  0x0001, 0x94b2,
  0x0002, 0xa513,
  0x0002, 0xa514,
  0x0001, 0x9cf3,
  0x0003, 0xa514,
  0x0002, 0x9cf4,
  0x0024, 0xa514,
  0x0001, 0x9cf3,
  0x0003, 0xa514,
  0x0002, 0xa513,
  0x0002, 0xa514,
  0x0002, 0xa513,
  0x0002, 0x9cf3,
  0x0001, 0x8c51,
  0x0001, 0x31a6,
  0x001a, 0x3186,
  0x0001, 0x31a6,
  0x0001, 0x3186,
  0x0025, 0x31a6,
  0x0010, 0x3186,
  0x0004, 0x31a6,
  0x0002, 0x3186,
  0x0008, 0x31a6,
  0x0003, 0x3186,
  0x001d, 0x31a6,
  0x0008, 0x3186,
  0x0002, 0x31a6,
  0x0002, 0x3186,
  0x0001, 0x31a6,
  0x0002, 0x3186,
  0x0006, 0x31a6,
  0x0005, 0x3186,
  0x0001, 0x31a6,
  0x0017, 0x3186,
  0x0001, 0x31a6,
  0x0002, 0x3186,
  0x0002, 0x31a6,
  0x0001, 0x3186,
  0x0013, 0x31a6,
  0x0001, 0x3186,
  0x0004, 0x31a6,
  0x0005, 0x3186,
  0x000d, 0x31a6,
  0x0001, 0x9492,
  0x0001, 0xa514,
  0x0003, 0x9cf3,
  0x0002, 0xa514,
  0x0002, 0xa513,
  0x0002, 0xa514,
  0x0001, 0xa513,
  0x0001, 0x9cf3,
  0x0001, 0x8430,
  0x0001, 0x4a49,
  0x0001, 0x31a6,
  0x0001, 0x3186,
  0x0001, 0x31a6,
  0x0001, 0x39e7,
  0x0001, 0x6b6d,
  0x0001, 0x9cd3,
  0x0002, 0xa514,
  0x0001, 0xa513,
  0x0003, 0xa514,
  0x0001, 0x9cf4,
  0x0001, 0x8c51,
  0x0001, 0x528a,
  0x0001, 0x31a6,
  0x0002, 0x3186,
  0x0001, 0x39c7,
  0x0001, 0x632c,
  0x0001, 0x9cd3,
  0x0019, 0xa514,
  0x0002, 0xa513,
  0x000e, 0xa514,
  0x0004, 0xa513,
  0x0002, 0x9cf3,
  0x0006, 0xa514,
  0x0002, 0xa513,
  0x0002, 0x9cf3,
  0x0001, 0x9cd3,
  0x0001, 0x31a6,
  0x0009, 0x3186,
  0x0003, 0x31a6,
  0x000b, 0x3186,
  0x0004, 0x31a6,
  0x0001, 0x3186,
  0x0008, 0x31a6,
  0x0002, 0x3186,
  0x001d, 0x31a6,
  0x0008, 0x3186,
  0x0001, 0x31a6,
  0x0003, 0x3186,
  0x0006, 0x31a6,
  0x0002, 0x3186,
  0x0005, 0x31a6,
  0x0007, 0x3186,
  0x001c, 0x31a6,
  0x000b, 0x3186,
  0x0002, 0x31a6,
  0x0003, 0x3186,
  0x0008, 0x31a6,
  0x0003, 0x3186,
  0x0001, 0x31a6,
  0x0016, 0x3186,
  0x0005, 0x31a6,
  0x0001, 0x3186,
  0x0001, 0x31a6,
  0x0002, 0x3186,
  0x0010, 0x31a6,
  0x0001, 0x3186,
  0x0004, 0x31a6,
  0x0001, 0x3186,
  0x0001, 0x31a6,
  0x0004, 0x3186,
  0x0001, 0x31a5,
  0x0001, 0x31a6,
  0x0004, 0x3186,
  0x0005, 0x31a6,
  0x0001, 0x39c6,
  0x0001, 0x94b2,
  0x0001, 0xa514,
  0x0003, 0x9cf3,
  0x0002, 0xa514,
  0x0002, 0xa513,
  0x0002, 0xa514,
  0x0002, 0xa513,
  0x0001, 0x9cf3,
  0x0001, 0x8c51,
  0x0001, 0x4228,
  0x0001, 0x3185,
  0x0001, 0x3186,
  0x0001, 0x31a6,
  0x0001, 0x39e7,
  0x0001, 0x6b6d,
  0x0001, 0x9cd3,
  0x0001, 0x9cf3,
  0x0001, 0xa513,
  0x0005, 0xa514,
  0x0001, 0x9492,
  0x0001, 0x4a69,
  0x0003, 0x31a6,
  0x0001, 0x39e7,
  0x0001, 0x632c,
  0x0001, 0x9cd3,
  0x0001, 0xa514,
  0x0003, 0x9cf3,
  0x0003, 0xa514,
  0x0001, 0x9cf3,
  0x0003, 0xa514,
  0x0001, 0x9cf3,
  0x0002, 0xa514,
  0x0001, 0x9cf3,
  0x0009, 0xa514,
  0x0002, 0xa513,
  0x0003, 0xa514,
  0x0001, 0xa513,
  0x000a, 0xa514,
  0x0006, 0xa513,
  0x0006, 0xa514,
  0x0002, 0xa513,
  0x0001, 0xa514,
  0x0002, 0x9cf3,
  0x0001, 0x31a6,
  0x0008, 0x3186,
  0x0003, 0x31a6,
  0x000c, 0x3186,
  0x0004, 0x31a6,
  0x0002, 0x3186,
  0x0007, 0x31a6,
  0x0002, 0x3186,
  0x0020, 0x31a6,
  0x0005, 0x3186,
  0x0001, 0x31a6,
  0x0001, 0x3186,
  0x000f, 0x31a6,
  0x0008, 0x3186,
  0x001c, 0x31a6,
  0x000f, 0x3186,
  0x0006, 0x31a6,
  0x0010, 0x3186,
  0x0001, 0x31a6,
  0x000c, 0x3186,
  0x0006, 0x31a6,
  0x0003, 0x3186,
  0x0019, 0x31a6,
  0x0009, 0x3186,
  0x0003, 0x31a6,
  0x0001, 0x39c7,
  0x0001, 0x94b2,
  0x0006, 0xa514,
  0x0002, 0xa513,
  0x0002, 0xa514,
  0x0002, 0xa513,
  0x0001, 0xa514,
  0x0001, 0x9cf3,
  0x0001, 0x8c71,
  0x0001, 0x39c7,
  0x0003, 0x31a6,
  0x0001, 0x39c6,
  0x0001, 0x738e,
  0x0001, 0x9cf3,
  0x0007, 0xa514,
  0x0001, 0x9cd3,
  0x0001, 0x4228,
  0x0002, 0x31a6,
  0x0001, 0x3186,
  0x0001, 0x31a6,
  0x0001, 0x632c,
  0x0001, 0x9cd3,
  0x0003, 0x9cf3,
  0x0002, 0xa514,
  0x0001, 0xa513,
  0x0001, 0x9cf3,
  0x000e, 0xa514,
  0x0002, 0xa513,
  0x0004, 0xa514,
  0x0004, 0xa513,
  0x000a, 0xa514,
  0x0001, 0x9cf3,
  0x0001, 0x7bcf,
  0x0001, 0x6b6d,
  0x0001, 0x8c71,
  0x0002, 0xa513,
  0x0001, 0x9cf3,
  0x0001, 0xa514,
  0x0005, 0x9cf3,
  0x0001, 0xa514,
  0x0001, 0x9cf3,
  0x0001, 0x31a6,
  0x0008, 0x3186,
  0x0002, 0x31a6,
  0x0004, 0x3186,
  0x0001, 0x31a6,
  0x0007, 0x3186,
  0x0002, 0x31a6,
  0x0001, 0x3186,
  0x0001, 0x31a6,
  0x0003, 0x3186,
  0x0007, 0x31a6,
  0x0002, 0x3186,
  0x0021, 0x31a6,
  0x0002, 0x3186,
  0x0001, 0x31a6,
  0x0001, 0x3186,
  0x0001, 0x31a6,
  0x0001, 0x3186,
  0x0001, 0x31a6,
  0x0002, 0x3186,
  0x000e, 0x31a6,
  0x0006, 0x3186,
  0x000c, 0x31a6,
  0x0006, 0x3186,
  0x0007, 0x31a6,
  0x0002, 0x3186,
  0x0001, 0x31a6,
  0x000f, 0x3186,
  0x0008, 0x31a6,
  0x0007, 0x3186,
  0x000a, 0x31a6,
  0x000c, 0x3186,
  0x001e, 0x31a6,
  0x0002, 0x3186,
  0x0001, 0x31a6,
  0x0007, 0x3186,
  0x0003, 0x31a6,
  0x0001, 0x3186,
  0x0001, 0x39c7,
  0x0001, 0x94b2,
  0x0006, 0xa514,
  0x0002, 0xa513,
  0x0002, 0xa514,
  0x0002, 0xa513,
  0x0002, 0xa514,
  0x0001, 0x9cf3,
  0x0001, 0x9492,
  0x0001, 0x39e7,
  0x0001, 0x31a6,
  0x0002, 0x3186,
  0x0001, 0x31a6,
  0x0001, 0x7bcf,
  0x0001, 0x9cf3,
  0x0007, 0xa514,
  0x0001, 0x9cd3,
  0x0001, 0x4228,
  0x0001, 0x31a6,
  0x0002, 0x3186,
  0x0001, 0x31a6,
  0x0001, 0x6b6d,
  0x0001, 0x94b2,
  0x0001, 0x9cf3,
  0x0001, 0xa513,
  0x0002, 0x9cf3,
  0x0003, 0x9cd3,
  0x0001, 0x9cf3,
  0x0003, 0x9cd3,
  0x0002, 0x9cf3,
  0x0002, 0xa514,
  0x0002, 0x9cf3,
  0x0003, 0xa514,
  0x0002, 0xa513,
  0x0003, 0xa514,
  0x0005, 0xa513,
  0x0007, 0xa514,
  0x0002, 0x9cf3,
  0x0001, 0x7bef,
  0x0001, 0x39e7,
  0x0001, 0x31a6,
  0x0002, 0x39c7,
  0x0001, 0x5acb,
  0x0001, 0x9492,
  0x0001, 0x9cf3,
  0x0001, 0xa514,
  0x0001, 0x9cf3,
  0x0001, 0xa514,
  0x0002, 0x9cf3,
  0x0002, 0xa514,
  0x0001, 0x9cd3,
  0x0001, 0x31a6,
  0x000a, 0x3186,
  0x0004, 0x31a6,
  0x0007, 0x3186,
  0x0007, 0x31a6,
  0x0001, 0x3186,
  0x0007, 0x31a6,
  0x0002, 0x3186,
  0x000e, 0x31a6,
  0x0004, 0x3186,
  0x0012, 0x31a6,
  0x0003, 0x3186,
  0x0008, 0x31a6,
  0x0003, 0x3186,
  0x0004, 0x31a6,
  0x0001, 0x3186,
  0x0002, 0x31a6,
  0x0003, 0x3186,
  0x000e, 0x31a6,
  0x0006, 0x3186,
  0x0002, 0x31a6,
  0x0002, 0x3186,
  0x0002, 0x31a6,
  0x0004, 0x3186,
  0x0001, 0x31a6,
  0x000f, 0x3186,
  0x0009, 0x31a6,
  0x0003, 0x3186,
  0x0001, 0x31a6,
  0x0001, 0x3186,
  0x0008, 0x31a6,
  0x000d, 0x3186,
  0x001e, 0x31a6,
  0x0002, 0x3186,
  0x0003, 0x31a6,
  0x0006, 0x3186,
  0x0004, 0x31a6,
  0x0001, 0x39c6,
  0x0001, 0x94b2,
  0x0004, 0xa514,
  0x0001, 0x9cf3,
  0x0005, 0xa514,
  0x0002, 0xa513,
  0x0003, 0x9cf3,
  0x0001, 0xa513,
  0x0001, 0x8c51,
  0x0001, 0x4208,
  0x0003, 0x3186,
  0x0001, 0x31a6,
  0x0001, 0x7bce,
  0x0001, 0x9cf3,
  0x0007, 0xa514,
  0x0001, 0x94b2,
  0x0001, 0x4a49,
  0x0001, 0x31a6,
  0x0003, 0x3186,
  0x0001, 0x6b6d,
  0x0001, 0x94b2,
  0x0001, 0x9492,
  0x0001, 0x8c51,
  0x0001, 0x7bcf,
  0x0001, 0x5aeb,
  0x0001, 0x4a49,
  0x0001, 0x4228,
  0x0003, 0x39e7,
  0x0001, 0x4a49,
  0x0001, 0x630c,
  0x0001, 0x7bef,
  0x0002, 0x8c71,
  0x0001, 0x9cd3,
  0x0003, 0x9cf3,
  0x0001, 0xa514,
  0x000a, 0xa513,
  0x0006, 0xa514,
  0x0001, 0xa513,
  0x0001, 0x9cf3,
  0x0001, 0x94b2,
  0x0001, 0x39c7,
  0x0005, 0x31a6,
  0x0001, 0x6b6d,
  0x0002, 0xa514,
  0x0002, 0x9cf3,
  0x0001, 0xa514,
  0x0001, 0x9cf3,
  0x0002, 0xa514,
  0x0001, 0x9cd3,
  0x0001, 0x31a6,
  0x000a, 0x3186,
  0x0007, 0x31a6,
  0x0004, 0x3186,
  0x0036, 0x31a6,
  0x0002, 0x3186,
  0x0008, 0x31a6,
  0x0003, 0x3186,
  0x0007, 0x31a6,
  0x0002, 0x3186,
  0x000f, 0x31a6,
  0x0003, 0x3186,
  0x0004, 0x31a6,
  0x0003, 0x3186,
  0x0002, 0x31a6,
  0x000d, 0x3186,
  0x0002, 0x31a6,
  0x0004, 0x3186,
  0x000f, 0x31a6,
  0x0001, 0x3186,
  0x0008, 0x31a6,
  0x000a, 0x3186,
  0x0001, 0x31a6,
  0x0002, 0x3186,
  0x001d, 0x31a6,
  0x0002, 0x3186,
  0x0003, 0x31a6,
  0x0005, 0x3186,
  0x0005, 0x31a6,
  0x0001, 0x39c6,
  0x0001, 0x94b2,
  0x000a, 0xa514,
  0x0002, 0xa513,
  0x0001, 0x9cf3,
  0x0001, 0xa514,
  0x0001, 0x9cf3,
  0x0001, 0xa513,
  0x0001, 0x9cf3,
  0x0001, 0x8430,
  0x0001, 0x4228,
  0x0002, 0x3186,
  0x0001, 0x31a6,
  0x0001, 0x39c6,
  0x0001, 0x73ae,
  0x0001, 0x9cd3,
  0x0006, 0xa514,
  0x0001, 0xa513,
  0x0001, 0x9492,
  0x0001, 0x528a,
  0x0001, 0x31a6,
  0x0002, 0x3186,
  0x0001, 0x31a6,
  0x0001, 0x5aeb,
  0x0001, 0x4228,
  0x0001, 0x31a6,
  0x0002, 0x3186,
  0x0008, 0x31a6,
  0x0001, 0x39c6,
  0x0001, 0x4208,
  0x0001, 0x6b6d,
  0x0001, 0x8410,
  0x0001, 0x9492,
  0x0001, 0x9cf3,
  0x0001, 0xa514,
  0x0006, 0xa513,
  0x0002, 0xa514,
  0x0002, 0xa513,
  0x0006, 0xa514,
  0x0002, 0xa513,
  0x0001, 0x7bcf,
  0x0006, 0x31a6,
  0x0001, 0x4a49,
  0x0002, 0xa514,
  0x0004, 0x9cf3,
  0x0002, 0xa514,
  0x0001, 0x9cd3,
  0x0001, 0x31a6,
  0x000b, 0x3186,
  0x0002, 0x31a6,
  0x0003, 0x3186,
  0x0001, 0x31a6,
  0x0004, 0x3186,
  0x0005, 0x31a6,
  0x0001, 0x3186,
  0x0015, 0x31a6,
  0x0004, 0x3186,
  0x0004, 0x31a6,
  0x0003, 0x3186,
  0x000f, 0x31a6,
  0x0004, 0x3186,
  0x0010, 0x31a6,
  0x0002, 0x3186,
  0x0010, 0x31a6,
  0x0004, 0x3186,
  0x0003, 0x31a6,
  0x0004, 0x3186,
  0x0002, 0x31a6,
  0x0009, 0x3186,
  0x0001, 0x31a6,
  0x0009, 0x3186,
  0x0009, 0x31a6,
  0x0001, 0x3186,
  0x0003, 0x31a6,
  0x0001, 0x3186,
  0x0008, 0x31a6,
  0x000f, 0x3186,
  0x0021, 0x31a6,
  0x0002, 0x3186,
  0x0002, 0x31a6,
  0x0001, 0x3186,
  0x0005, 0x31a6,
  0x0001, 0x39c6,
  0x0001, 0x94b2,
  0x0008, 0xa514,
  0x0002, 0xa513,
  0x0002, 0xa514,
  0x0001, 0x9cf4,
  0x0005, 0x9cf3,
  0x0001, 0x7bef,
  0x0001, 0x4a49,
  0x0004, 0x31a6,
  0x0001, 0x738e,
  0x0001, 0x9cf3,
  0x0004, 0xa514,
  0x0002, 0xa513,
  0x0001, 0x9cf3,
  0x0001, 0x8c51,
  0x0001, 0x5289,
  0x0013, 0x31a6,
  0x0001, 0x39c7,
  0x0001, 0x5acb,
  0x0001, 0x7bef,
  0x0001, 0x9cd3,
  0x0004, 0xa514,
  0x0002, 0xa513,
  0x000c, 0xa514,
  0x0001, 0x6b6d,
  0x0006, 0x31a6,
  0x0001, 0x39e7,
  0x0003, 0x9cf3,
  0x0001, 0xa513,
  0x0002, 0xa514,
  0x0002, 0x9cf3,
  0x0001, 0x9cd3,
  0x0001, 0x31a6,
  0x000b, 0x3186,
  0x0002, 0x31a6,
  0x0008, 0x3186,
  0x0005, 0x31a6,
  0x0001, 0x3186,
  0x0014, 0x31a6,
  0x0005, 0x3186,
  0x0005, 0x31a6,
  0x0002, 0x3186,
  0x0010, 0x31a6,
  0x0001, 0x3186,
  0x0001, 0x31a6,
  0x0002, 0x3186,
  0x000f, 0x31a6,
  0x0009, 0x3186,
  0x0008, 0x31a6,
  0x0005, 0x3186,
  0x0003, 0x31a6,
  0x000b, 0x3186,
  0x0001, 0x31a6,
  0x000f, 0x3186,
  0x0004, 0x31a6,
  0x0004, 0x3186,
  0x0001, 0x31a6,
  0x0003, 0x3186,
  0x0008, 0x31a6,
  0x000f, 0x3186,
  0x0019, 0x31a6,
  0x0002, 0x3186,
  0x0005, 0x31a6,
  0x0004, 0x3186,
  0x0001, 0x31a6,
  0x0003, 0x3186,
  0x0003, 0x31a6,
  0x0001, 0x39c6,
  0x0001, 0x94b2,
  0x0008, 0xa514,
  0x0002, 0xa513,
  0x0002, 0xa514,
  0x0002, 0x9cf4,
  0x0001, 0xa514,
  0x0004, 0x9cf3,
  0x0001, 0x8430,
  0x0001, 0x4a49,
  0x0003, 0x3186,
  0x0001, 0x39c7,
  0x0001, 0x6b4d,
  0x0001, 0x9cf3,
  0x0003, 0xa514,
  0x0001, 0x9cf3,
  0x0002, 0xa513,
  0x0001, 0x9cf3,
  0x0001, 0x8c71,
  0x0001, 0x5aca,
  0x0001, 0x39c7,
  0x000e, 0x31a6,
  0x0001, 0x3186,
  0x0001, 0x31a6,
  0x0001, 0x3186,
  0x0002, 0x31a6,
  0x0001, 0x4208,
  0x0001, 0x5aeb,
  0x0001, 0x8c51,
  0x0001, 0x9cf3,
  0x0002, 0xa514,
  0x0002, 0xa513,
  0x0002, 0x9cf3,
  0x0007, 0xa514,
  0x0001, 0x9cf3,
  0x0001, 0xa514,
  0x0001, 0x9cf3,
  0x0001, 0x8430,
  0x0001, 0x3186,
  0x0005, 0x31a6,
  0x0001, 0x52aa,
  0x0003, 0x9cf3,
  0x0001, 0xa513,
  0x0002, 0xa514,
  0x0002, 0x9cf3,
  0x0001, 0x9cd3,
  0x0001, 0x31a6,
  0x000b, 0x3186,
  0x0001, 0x31a6,
  0x0003, 0x3186,
  0x0001, 0x31a6,
  0x0008, 0x3186,
  0x0016, 0x31a6,
  0x0005, 0x3186,
  0x0002, 0x31a6,
  0x0002, 0x3186,
  0x0003, 0x31a6,
  0x0005, 0x3186,
  0x000a, 0x31a6,
  0x0003, 0x3186,
  0x0001, 0x31a6,
  0x0004, 0x3186,
  0x0006, 0x31a6,
  0x0002, 0x3186,
  0x0005, 0x31a6,
  0x0009, 0x3186,
  0x000a, 0x31a6,
  0x0002, 0x3186,
  0x0004, 0x31a6,
  0x001c, 0x3186,
  0x0003, 0x31a6,
  0x0004, 0x3186,
  0x0001, 0x31a6,
  0x0003, 0x3186,
  0x0008, 0x31a6,
  0x0009, 0x3186,
  0x0002, 0x31a6,
  0x0004, 0x3186,
  0x0019, 0x31a6,
  0x0002, 0x3186,
  0x0003, 0x31a6,
  0x000a, 0x3186,
  0x0001, 0x31a6,
  0x0001, 0x3186,
  0x0001, 0x31a6,
  0x0001, 0x39c6,
  0x0001, 0x94b2,
  0x000f, 0xa514,
  0x0005, 0x9cf3,
  0x0001, 0x8430,
  0x0001, 0x4228,
  0x0002, 0x3186,
  0x0001, 0x31a6,
  0x0001, 0x39e7,
  0x0001, 0x738d,
  0x0001, 0x9cf3,
  0x0002, 0xa514,
  0x0003, 0xa513,
  0x0002, 0xa514,
  0x0001, 0x94b2,
  0x0001, 0x52aa,
  0x0003, 0x31a6,
  0x0003, 0x3186,
  0x000a, 0x31a6,
  0x0001, 0x3186,
  0x0003, 0x31a6,
  0x0001, 0x39c7,
  0x0001, 0x4a48,
  0x0001, 0x7bef,
  0x0001, 0x9cf3,
  0x0001, 0xa514,
  0x0002, 0xa513,
  0x0002, 0x9cf3,
  0x0002, 0xa513,
  0x0001, 0x9cf3,
  0x0006, 0xa514,
  0x0002, 0x9cf3,
  0x0001, 0x5aeb,
  0x0004, 0x31a6,
  0x0001, 0x4208,
  0x0001, 0x8c51,
  0x0002, 0xa514,
  0x0005, 0x9cf3,
  0x0001, 0xa514,
  0x0001, 0x9cd3,
  0x0001, 0x31a6,
  0x000b, 0x3186,
  0x0001, 0x31a6,
  0x0003, 0x3186,
  0x0001, 0x31a6,
  0x0008, 0x3186,
  0x0016, 0x31a6,
  0x0002, 0x3186,
  0x0002, 0x31a6,
  0x0001, 0x3186,
  0x0002, 0x31a6,
  0x0002, 0x3186,
  0x0001, 0x31a6,
  0x0007, 0x3186,
  0x000a, 0x31a6,
  0x0008, 0x3186,
  0x0005, 0x31a6,
  0x0003, 0x3186,
  0x0005, 0x31a6,
  0x0002, 0x3186,
  0x0002, 0x31a6,
  0x0003, 0x3186,
  0x0009, 0x31a6,
  0x0002, 0x3186,
  0x0003, 0x31a6,
  0x0014, 0x3186,
  0x0001, 0x31a6,
  0x000b, 0x3186,
  0x0005, 0x31a6,
  0x0002, 0x3186,
  0x0002, 0x31a6,
  0x0002, 0x3186,
  0x0008, 0x31a6,
  0x0003, 0x3186,
  0x0001, 0x31a6,
  0x000b, 0x3186,
  0x001b, 0x31a6,
  0x000d, 0x3186,
  0x0003, 0x31a6,
  0x0001, 0x39c6,
  0x0001, 0x94b2,
  0x000f, 0xa514,
  0x0006, 0x9cf3,
  0x0001, 0x8c71,
  0x0001, 0x4208,
  0x0003, 0x31a6,
  0x0001, 0x39c7,
  0x0001, 0x6b6d,
  0x0001, 0x9cd3,
  0x0001, 0x9cf3,
  0x0002, 0xa513,
  0x0004, 0xa514,
  0x0001, 0x94b2,
  0x0001, 0x4a49,
  0x0001, 0x3185,
  0x0002, 0x3186,
  0x0005, 0x31a6,
  0x0002, 0x39c7,
  0x0002, 0x31a6,
  0x0002, 0x3186,
  0x0007, 0x31a6,
  0x0001, 0x39e7,
  0x0001, 0x738e,
  0x0001, 0x9cf3,
  0x0002, 0xa513,
  0x0002, 0xa514,
  0x0002, 0xa513,
  0x0008, 0xa514,
  0x0001, 0x9cf3,
  0x0001, 0x94b2,
  0x0001, 0x738e,
  0x0001, 0x39e7,
  0x0001, 0x39c7,
  0x0001, 0x52aa,
  0x0001, 0x8430,
  0x0002, 0x9cf3,
  0x0001, 0xa514,
  0x0005, 0x9cf3,
  0x0001, 0xa514,
  0x0001, 0x9cd3,
  0x0001, 0x31a6,
  0x0008, 0x3186,
  0x0005, 0x31a6,
  0x000c, 0x3186,
  0x0015, 0x31a6,
  0x0002, 0x3186,
  0x0001, 0x31a6,
  0x0003, 0x3186,
  0x0004, 0x31a6,
  0x0003, 0x3186,
  0x000e, 0x31a6,
  0x0009, 0x3186,
  0x0004, 0x31a6,
  0x0003, 0x3186,
  0x0006, 0x31a6,
  0x0002, 0x3186,
  0x0002, 0x31a6,
  0x0002, 0x3186,
  0x000a, 0x31a6,
  0x0001, 0x3186,
  0x0005, 0x31a6,
  0x0003, 0x3186,
  0x0003, 0x31a6,
  0x0002, 0x3186,
  0x0003, 0x31a6,
  0x0002, 0x3186,
  0x0001, 0x31a6,
  0x0013, 0x3186,
  0x0003, 0x31a6,
  0x0002, 0x3186,
  0x0005, 0x31a6,
  0x0003, 0x3186,
  0x0003, 0x31a6,
  0x0001, 0x3186,
  0x0003, 0x31a6,
  0x0004, 0x3186,
  0x0004, 0x31a6,
  0x0002, 0x3186,
  0x0020, 0x31a6,
  0x0003, 0x3186,
  0x0001, 0x31a6,
  0x0005, 0x3186,
  0x0003, 0x31a6,
  0x0001, 0x39c7,
  0x0001, 0x94b2,
  0x000f, 0xa514,
  0x0001, 0x9cf3,
  0x0001, 0xa514,
  0x0004, 0x9cf3,
  0x0001, 0xa514,
  0x0001, 0x94b2,
  0x0001, 0x39c7,
  0x0002, 0x3186,
  0x0001, 0x3185,
  0x0001, 0x3186,
  0x0001, 0x738e,
  0x0001, 0x9cf3,
  0x0007, 0xa514,
  0x0001, 0x9cd3,
  0x0001, 0x39e7,
  0x0001, 0x3186,
  0x0001, 0x31a6,
  0x0002, 0x3186,
  0x0001, 0x52aa,
  0x0001, 0x8c51,
  0x0001, 0x9cf3,
  0x0001, 0xa513,
  0x0001, 0x9cb2,
  0x0001, 0x7bcf,
  0x0001, 0x5289,
  0x0001, 0x31a6,
  0x0001, 0x3186,
  0x0009, 0x31a6,
  0x0001, 0x6b6d,
  0x0004, 0xa514,
  0x0002, 0xa513,
  0x0006, 0xa514,
  0x0006, 0x9cf3,
  0x0001, 0xa514,
  0x0006, 0x9cf3,
  0x0005, 0xa514,
  0x0001, 0x9cd3,
  0x0001, 0x31a6,
  0x0008, 0x3186,
  0x0005, 0x31a6,
  0x000d, 0x3186,
  0x0002, 0x31a6,
  0x0001, 0x3186,
  0x0016, 0x31a6,
  0x0001, 0x3186,
  0x0004, 0x31a6,
  0x0007, 0x3186,
  0x000a, 0x31a6,
  0x0001, 0x3186,
  0x0001, 0x31a6,
  0x0007, 0x3186,
  0x0001, 0x31a6,
  0x0004, 0x3186,
  0x0004, 0x31a6,
  0x0002, 0x3186,
  0x0003, 0x31a6,
  0x0001, 0x3186,
  0x0002, 0x31a6,
  0x0002, 0x3186,
  0x0002, 0x31a6,
  0x0001, 0x3186,
  0x0006, 0x31a6,
  0x000d, 0x3186,
  0x0002, 0x31a6,
  0x0007, 0x3186,
  0x0001, 0x31a6,
  0x0013, 0x3186,
  0x0001, 0x31a6,
  0x0004, 0x3186,
  0x0002, 0x31a6,
  0x0006, 0x3186,
  0x0001, 0x31a6,
  0x0002, 0x3186,
  0x0001, 0x31a6,
  0x0002, 0x3186,
  0x0001, 0x31a6,
  0x0006, 0x3186,
  0x0008, 0x31a6,
  0x0002, 0x3186,
  0x0002, 0x31a6,
  0x0002, 0x3186,
  0x0010, 0x31a6,
  0x000d, 0x3186,
  0x0002, 0x31a6,
  0x0001, 0x3186,
  0x0001, 0x31a6,
  0x0001, 0x94b2,
  0x0010, 0xa514,
  0x0005, 0x9cf3,
  0x0002, 0xa514,
  0x0001, 0x94b2,
  0x0001, 0x39e7,
  0x0001, 0x3186,
  0x0002, 0x3185,
  0x0001, 0x31a6,
  0x0001, 0x7bcf,
  0x0001, 0x9cf3,
  0x0005, 0xa514,
  0x0001, 0x9cf3,
  0x0001, 0xa514,
  0x0001, 0x9cd3,
  0x0001, 0x4228,
  0x0003, 0x3186,
  0x0001, 0x31a6,
  0x0001, 0x6b4d,
  0x0001, 0x9cd3,
  0x0001, 0xa513,
  0x0004, 0x9cf3,
  0x0001, 0x8c71,
  0x0001, 0x52aa,
  0x0001, 0x4208,
  0x0001, 0x39c7,
  0x0001, 0x31a6,
  0x0005, 0x3186,
  0x0001, 0x31a6,
  0x0001, 0x738e,
  0x0002, 0x9cf3,
  0x0001, 0xa514,
  0x0002, 0xa513,
  0x0006, 0xa514,
  0x000d, 0x9cf3,
  0x0005, 0xa514,
  0x0001, 0x9cd3,
  0x0001, 0x31a6,
  0x0008, 0x3186,
  0x0004, 0x31a6,
  0x0012, 0x3186,
  0x0012, 0x31a6,
  0x0006, 0x3186,
  0x0001, 0x31a6,
  0x0008, 0x3186,
  0x000c, 0x31a6,
  0x000c, 0x3186,
  0x0003, 0x31a6,
  0x0002, 0x3186,
  0x0002, 0x31a6,
  0x0004, 0x3186,
  0x000c, 0x31a6,
  0x0006, 0x3186,
  0x0001, 0x31a6,
  0x0011, 0x3186,
  0x0001, 0x31a6,
  0x0011, 0x3186,
  0x0002, 0x31a6,
  0x000b, 0x3186,
  0x0001, 0x31a6,
  0x0002, 0x3186,
  0x0003, 0x31a6,
  0x0007, 0x3186,
  0x0008, 0x31a6,
  0x0002, 0x3186,
  0x0012, 0x31a6,
  0x000f, 0x3186,
  0x0002, 0x31a6,
  0x0001, 0x3186,
  0x0001, 0x31a6,
  0x0001, 0x94b2,
  0x000d, 0xa514,
  0x0001, 0x9cf3,
  0x0005, 0xa514,
  0x0002, 0xa513,
  0x0003, 0x9cf3,
  0x0001, 0x8c51,
  0x0001, 0x4208,
  0x0001, 0x3185,
  0x0001, 0x3186,
  0x0001, 0x31a6,
  0x0001, 0x39c7,
  0x0001, 0x7bef,
  0x0008, 0xa514,
  0x0001, 0x9492,
  0x0001, 0x4a69,
  0x0002, 0x3186,
  0x0001, 0x31a6,
  0x0001, 0x39c6,
  0x0001, 0x6b4d,
  0x0001, 0x9cb3,
  0x0003, 0x9cf3,
  0x0002, 0xa513,
  0x0001, 0xa514,
  0x0001, 0x9492,
  0x0001, 0x528a,
  0x0001, 0x39c7,
  0x0005, 0x3186,
  0x0001, 0x31a6,
  0x0001, 0x39e7,
  0x0001, 0x840f,
  0x0001, 0x9cf3,
  0x0001, 0xa514,
  0x0002, 0xa513,
  0x0006, 0xa514,
  0x0002, 0xa513,
  0x0008, 0x9cf3,
  0x0001, 0xa514,
  0x0002, 0x9cf3,
  0x0005, 0xa514,
  0x0001, 0x9cd3,
  0x0001, 0x31a6,
  0x0006, 0x3186,
  0x0007, 0x31a6,
  0x0001, 0x3186,
  0x0004, 0x31a6,
  0x000a, 0x3186,
  0x001b, 0x31a6,
  0x0006, 0x3186,
  0x000e, 0x31a6,
  0x000b, 0x3186,
  0x0008, 0x31a6,
  0x0006, 0x3186,
  0x000a, 0x31a6,
  0x0014, 0x3186,
  0x0001, 0x31a6,
  0x0013, 0x3186,
  0x0003, 0x31a6,
  0x000c, 0x3186,
  0x0002, 0x31a6,
  0x0009, 0x3186,
  0x0005, 0x31a6,
  0x0001, 0x3186,
  0x0008, 0x31a6,
  0x0001, 0x3186,
  0x0001, 0x31a6,
  0x0004, 0x3186,
  0x000b, 0x31a6,
  0x000c, 0x3186,
  0x0001, 0x31a6,
  0x0001, 0x3186,
  0x0002, 0x31a6,
  0x0001, 0x3186,
  0x0001, 0x31a6,
  0x0001, 0x94b2,
  0x0013, 0xa514,
  0x0002, 0xa513,
  0x0004, 0x9cf3,
  0x0001, 0x8430,
  0x0001, 0x4228,
  0x0001, 0x3186,
  0x0002, 0x31a6,
  0x0001, 0x39c7,
  0x0001, 0x73ae,
  0x0002, 0x9cf3,
  0x0004, 0xa514,
  0x0001, 0x9cf3,
  0x0001, 0xa514,
  0x0001, 0x9492,
  0x0001, 0x528a,
  0x0004, 0x31a6,
  0x0001, 0x6b2c,
  0x0001, 0x94b2,
  0x0001, 0x9cf3,
  0x0001, 0xa4f3,
  0x0003, 0xa513,
  0x0001, 0xa4f4,
  0x0001, 0x9cd3,
  0x0001, 0x6b4d,
  0x0001, 0x4207,
  0x0003, 0x3186,
  0x0003, 0x31a6,
  0x0001, 0x4a49,
  0x0001, 0x8c71,
  0x0001, 0xa514,
  0x0002, 0xa513,
  0x0006, 0xa514,
  0x0002, 0xa513,
  0x0002, 0x9cf3,
  0x0001, 0xa514,
  0x0003, 0x9cf3,
  0x000a, 0xa514,
  0x0001, 0x9cd3,
  0x0001, 0x31a6,
  0x000b, 0x3186,
  0x0007, 0x31a6,
  0x0009, 0x3186,
  0x001c, 0x31a6,
  0x0006, 0x3186,
  0x000e, 0x31a6,
  0x000c, 0x3186,
  0x0002, 0x31a6,
  0x000b, 0x3186,
  0x0009, 0x31a6,
  0x000d, 0x3186,
  0x0001, 0x31a6,
  0x0004, 0x3186,
  0x0001, 0x31a6,
  0x0002, 0x3186,
  0x0001, 0x31a6,
  0x0012, 0x3186,
  0x0004, 0x31a6,
  0x0008, 0x3186,
  0x0001, 0x31a6,
  0x0003, 0x3186,
  0x0002, 0x31a6,
  0x0007, 0x3186,
  0x0001, 0x31a6,
  0x0001, 0x3186,
  0x000a, 0x31a6,
  0x0001, 0x3186,
  0x0002, 0x31a6,
  0x0006, 0x3186,
  0x000b, 0x31a6,
  0x0010, 0x3186,
  0x0002, 0x31a6,
  0x0001, 0x39c7,
  0x0001, 0x94b2,
  0x0002, 0xa514,
  0x0002, 0xa513,
  0x0013, 0xa514,
  0x0001, 0x9cf3,
  0x0001, 0xa514,
  0x0001, 0x9cf3,
  0x0001, 0x7bef,
  0x0001, 0x4228,
  0x0004, 0x31a6,
  0x0001, 0x6b6d,
  0x0001, 0x9cd3,
  0x0007, 0xa514,
  0x0001, 0x8c71,
  0x0001, 0x52aa,
  0x0001, 0x31a6,
  0x0002, 0x3186,
  0x0001, 0x31a6,
  0x0001, 0x632c,
  0x0001, 0x9cd2,
  0x0001, 0xa513,
  0x0001, 0xa514,
  0x0001, 0x9cf3,
  0x0002, 0xa4f3,
  0x0001, 0x9cf3,
  0x0001, 0x9cd3,
  0x0001, 0x73ae,
  0x0001, 0x4228,
  0x0001, 0x3186,
  0x0004, 0x31a6,
  0x0001, 0x39c6,
  0x0001, 0x630c,
  0x0001, 0x9cd3,
  0x0002, 0xa513,
  0x0005, 0xa514,
  0x0002, 0x9cf3,
  0x0001, 0xa513,
  0x0002, 0x9cf3,
  0x0001, 0xa514,
  0x0002, 0x9cf3,
  0x0001, 0xa514,
  0x0002, 0xa513,
  0x0008, 0xa514,
  0x0001, 0x9cd3,
  0x0001, 0x31a6,
  0x000b, 0x3186,
  0x0007, 0x31a6,
  0x0009, 0x3186,
  0x0003, 0x31a6,
  0x0002, 0x3186,
  0x0018, 0x31a6,
  0x0006, 0x3186,
  0x000c, 0x31a6,
  0x000d, 0x3186,
  0x0003, 0x31a6,
  0x0005, 0x3186,
  0x000e, 0x31a6,
  0x0015, 0x3186,
  0x0001, 0x31a6,
  0x000e, 0x3186,
  0x0002, 0x31a6,
  0x0001, 0x3186,
  0x0005, 0x31a6,
  0x000c, 0x3186,
  0x0002, 0x31a6,
  0x0002, 0x3186,
  0x0001, 0x31a6,
  0x0004, 0x3186,
  0x0010, 0x31a6,
  0x0004, 0x3186,
  0x000c, 0x31a6,
  0x0010, 0x3186,
  0x0002, 0x31a6,
  0x0001, 0x39c7,
  0x0001, 0x94b2,
  0x0002, 0xa514,
  0x0002, 0xa513,
  0x000f, 0xa514,
  0x0001, 0x9cf3,
  0x0004, 0xa514,
  0x0002, 0x9cf3,
  0x0001, 0x840f,
  0x0001, 0x4228,
  0x0003, 0x31a6,
  0x0001, 0x3185,
  0x0001, 0x39c6,
  0x0001, 0x6b6d,
  0x0001, 0x9cd3,
  0x0007, 0xa514,
  0x0001, 0x8c51,
  0x0001, 0x4a69,
  0x0003, 0x3186,
  0x0001, 0x39e7,
  0x0001, 0x6b4d,
  0x0001, 0x9cd3,
  0x0002, 0x9cf3,
  0x0002, 0xa4f3,
  0x0001, 0x9cf3,
  0x0001, 0xa513,
  0x0001, 0x9cd3,
  0x0001, 0x73ae,
  0x0001, 0x4228,
  0x0001, 0x31a6,
  0x0001, 0x3186,
  0x0001, 0x31a6,
  0x0001, 0x3186,
  0x0001, 0x31a6,
  0x0001, 0x4208,
  0x0001, 0x7bef,
  0x0001, 0xa514,
  0x0001, 0xa513,
  0x0004, 0xa514,
  0x0003, 0x9cf3,
  0x0001, 0xa513,
  0x0003, 0xa514,
  0x0002, 0x9cf3,
  0x0001, 0xa514,
  0x0002, 0xa513,
  0x0008, 0xa514,
  0x0001, 0x9cd3,
  0x0001, 0x31a6,
  0x000b, 0x3186,
  0x0007, 0x31a6,
  0x0008, 0x3186,
  0x0004, 0x31a6,
  0x0002, 0x3186,
  0x001b, 0x31a6,
  0x0003, 0x3186,
  0x000a, 0x31a6,
  0x0001, 0x3186,
  0x0001, 0x31a6,
  0x0004, 0x3186,
  0x0001, 0x31a6,
  0x0007, 0x3186,
  0x0006, 0x31a6,
  0x0002, 0x3186,
  0x000e, 0x31a6,
  0x0003, 0x3186,
  0x0001, 0x31a6,
  0x000f, 0x3186,
  0x0001, 0x31a6,
  0x0002, 0x3186,
  0x0001, 0x31a6,
  0x000c, 0x3186,
  0x0009, 0x31a6,
  0x000a, 0x3186,
  0x0001, 0x31a6,
  0x0002, 0x3186,
  0x0005, 0x31a6,
  0x0003, 0x3186,
  0x0008, 0x31a6,
  0x0004, 0x3186,
  0x0003, 0x31a6,
  0x0005, 0x3186,
  0x000d, 0x31a6,
  0x0002, 0x3186,
  0x0001, 0x31a6,
  0x000c, 0x3186,
  0x0003, 0x31a6,
  0x0001, 0x39c7,
  0x0001, 0x94b2,
  0x0003, 0xa514,
  0x0001, 0x9cf3,
  0x0002, 0xa514,
  0x0002, 0xa513,
  0x0002, 0xa514,
  0x0004, 0xa513,
  0x000b, 0xa514,
  0x0001, 0x9cd3,
  0x0001, 0x630c,
  0x0002, 0x31a6,
  0x0004, 0x3186,
  0x0001, 0x39e7,
  0x0001, 0x6b6d,
  0x0001, 0x9cf3,
  0x0005, 0xa514,
  0x0001, 0xa513,
  0x0001, 0x9cf3,
  0x0001, 0x8c71,
  0x0001, 0x4a49,
  0x0001, 0x3186,
  0x0002, 0x31a6,
  0x0001, 0x39e7,
  0x0001, 0x6b4c,
  0x0001, 0x94b2,
  0x0002, 0x9cf3,
  0x0001, 0xa514,
  0x0002, 0xa513,
  0x0001, 0xa514,
  0x0001, 0x9cf3,
  0x0001, 0x6b6d,
  0x0001, 0x39e7,
  0x0004, 0x3186,
  0x0001, 0x31a6,
  0x0001, 0x5aeb,
  0x0001, 0x9cd3,
  0x0004, 0xa514,
  0x0004, 0x9cf3,
  0x0001, 0xa513,
  0x0003, 0xa514,
  0x0001, 0x9cf3,
  0x0006, 0xa514,
  0x0002, 0xa513,
  0x0001, 0xa514,
  0x0001, 0x9cf3,
  0x0002, 0xa514,
  0x0001, 0x9cf3,
  0x0001, 0x31a6,
  0x000b, 0x3186,
  0x0007, 0x31a6,
  0x0008, 0x3186,
  0x0022, 0x31a6,
  0x0003, 0x3186,
  0x000b, 0x31a6,
  0x000d, 0x3186,
  0x000a, 0x31a6,
  0x0003, 0x3186,
  0x0004, 0x31a6,
  0x0001, 0x3186,
  0x0004, 0x31a6,
  0x0002, 0x3186,
  0x0001, 0x31a6,
  0x000c, 0x3186,
  0x0001, 0x31a6,
  0x0002, 0x3186,
  0x0001, 0x31a6,
  0x000c, 0x3186,
  0x0001, 0x31a6,
  0x0002, 0x3186,
  0x0009, 0x31a6,
  0x000a, 0x3186,
  0x0002, 0x31a6,
  0x0001, 0x3186,
  0x000c, 0x31a6,
  0x0008, 0x3186,
  0x0003, 0x31a6,
  0x0005, 0x3186,
  0x000e, 0x31a6,
  0x0001, 0x3186,
  0x0002, 0x31a6,
  0x000b, 0x3186,
  0x0003, 0x31a6,
  0x0001, 0x39c7,
  0x0001, 0x94b2,
  0x0006, 0xa514,
  0x0002, 0xa513,
  0x0002, 0xa514,
  0x0004, 0xa513,
  0x000b, 0xa514,
  0x0001, 0x9492,
  0x0001, 0x4228,
  0x0007, 0x3186,
  0x0001, 0x39e7,
  0x0001, 0x73ae,
  0x0003, 0xa514,
  0x0003, 0xa513,
  0x0001, 0x9cf3,
  0x0001, 0xa513,
  0x0001, 0x9492,
  0x0001, 0x4a49,
  0x0002, 0x31a6,
  0x0001, 0x3186,
  0x0001, 0x31a6,
  0x0001, 0x6b4d,
  0x0001, 0x94b2,
  0x0002, 0x9cf3,
  0x0001, 0xa513,
  0x0001, 0xa4f3,
  0x0002, 0xa514,
  0x0001, 0x9cd3,
  0x0001, 0x4a69,
  0x0001, 0x31a6,
  0x0004, 0x3186,
  0x0001, 0x4228,
  0x0001, 0x8c51,
  0x0004, 0xa514,
  0x0003, 0x9cf3,
  0x0002, 0xa513,
  0x000a, 0xa514,
  0x0002, 0xa513,
  0x0004, 0xa514,
  0x0001, 0x9cf3,
  0x0001, 0x31a6,
  0x0009, 0x3186,
  0x0008, 0x31a6,
  0x0007, 0x3186,
  0x0002, 0x31a6,
  0x0002, 0x3186,
  0x002f, 0x31a6,
  0x000c, 0x3186,
  0x0001, 0x31a6,
  0x0001, 0x3186,
  0x0008, 0x31a6,
  0x0004, 0x3186,
  0x0002, 0x31a6,
  0x0002, 0x3186,
  0x0004, 0x31a6,
  0x0002, 0x3186,
  0x0001, 0x31a6,
  0x000a, 0x3186,
  0x0006, 0x31a6,
  0x000a, 0x3186,
  0x0002, 0x31a6,
  0x0002, 0x3186,
  0x0001, 0x31a6,
  0x0001, 0x3186,
  0x0006, 0x31a6,
  0x0001, 0x3186,
  0x0002, 0x31a6,
  0x000a, 0x3186,
  0x000c, 0x31a6,
  0x0009, 0x3186,
  0x0004, 0x31a6,
  0x0003, 0x3186,
  0x0017, 0x31a6,
  0x0005, 0x3186,
  0x0005, 0x31a6,
  0x0001, 0x39c7,
  0x0001, 0x94b2,
  0x0004, 0xa513,
  0x0006, 0xa514,
  0x0002, 0xa513,
  0x0002, 0xa514,
  0x0002, 0xa513,
  0x0008, 0xa514,
  0x0001, 0x9cf3,
  0x0001, 0x7bcf,
  0x0001, 0x31a6,
  0x0006, 0x3186,
  0x0002, 0x31a6,
  0x0001, 0x39c7,
  0x0001, 0x8410,
  0x0001, 0x9cf3,
  0x0006, 0xa513,
  0x0001, 0xa514,
  0x0001, 0x9cf3,
  0x0001, 0x3a07,
  0x0003, 0x3186,
  0x0001, 0x31a6,
  0x0001, 0x738e,
  0x0001, 0x9cd3,
  0x0001, 0x9cf3,
  0x0001, 0xa4f4,
  0x0003, 0xa514,
  0x0001, 0x9cf3,
  0x0001, 0x7bef,
  0x0001, 0x39c7,
  0x0002, 0x3186,
  0x0003, 0x31a6,
  0x0001, 0x738e,
  0x0001, 0x9cf3,
  0x0018, 0xa514,
  0x0001, 0x9cf3,
  0x0001, 0x31a6,
  0x0005, 0x3186,
  0x0001, 0x31a6,
  0x0002, 0x3186,
  0x0010, 0x31a6,
  0x0003, 0x3186,
  0x0033, 0x31a6,
  0x0004, 0x3186,
  0x0006, 0x31a6,
  0x0002, 0x3186,
  0x0008, 0x31a6,
  0x0002, 0x3186,
  0x0001, 0x31a6,
  0x0002, 0x3186,
  0x0004, 0x31a6,
  0x0003, 0x3186,
  0x0002, 0x31a6,
  0x000d, 0x3186,
  0x0003, 0x31a6,
  0x0002, 0x3186,
  0x0001, 0x31a6,
  0x0007, 0x3186,
  0x0002, 0x31a6,
  0x0004, 0x3186,
  0x000a, 0x31a6,
  0x0006, 0x3186,
  0x0002, 0x31a6,
  0x0001, 0x3186,
  0x000a, 0x31a6,
  0x000a, 0x3186,
  0x0004, 0x31a6,
  0x0001, 0x3186,
  0x0001, 0x31a6,
  0x0002, 0x3186,
  0x0017, 0x31a6,
  0x0005, 0x3186,
  0x0001, 0x31a6,
  0x0004, 0x3186,
  0x0001, 0x39c7,
  0x0001, 0x94b2,
  0x0001, 0xa514,
  0x0003, 0xa513,
  0x0006, 0xa514,
  0x0002, 0xa513,
  0x0007, 0xa514,
  0x0001, 0x9cf3,
  0x0004, 0xa514,
  0x0001, 0x9cd3,
  0x0001, 0x5acb,
  0x0002, 0x31a6,
  0x0002, 0x3186,
  0x0001, 0x31a6,
  0x0002, 0x4208,
  0x0004, 0x31a6,
  0x0001, 0x7bef,
  0x0001, 0x9cf3,
  0x0004, 0xa513,
  0x0003, 0xa514,
  0x0001, 0x94d2,
  0x0001, 0x4228,
  0x0002, 0x3186,
  0x0002, 0x31a6,
  0x0001, 0x738e,
  0x0001, 0x9cf3,
  0x0001, 0xa514,
  0x0001, 0xa4f4,
  0x0001, 0xa514,
  0x0003, 0x9cf3,
  0x0001, 0x5289,
  0x0001, 0x31a6,
  0x0002, 0x3186,
  0x0002, 0x31a6,
  0x0001, 0x52aa,
  0x0001, 0x94b2,
  0x0001, 0x9cf3,
  0x0017, 0xa514,
  0x0001, 0x9cf3,
  0x0001, 0x31a6,
  0x0005, 0x3186,
  0x0001, 0x31a6,
  0x0003, 0x3186,
  0x0003, 0x31a6,
  0x0001, 0x31a5,
  0x0002, 0x31a6,
  0x0007, 0x3186,
  0x0002, 0x31a6,
  0x0003, 0x3186,
  0x002e, 0x31a6,
  0x0002, 0x3186,
  0x0001, 0x31a6,
  0x0009, 0x3186,
  0x0001, 0x31a6,
  0x0005, 0x3186,
  0x0006, 0x31a6,
  0x0004, 0x3186,
  0x0002, 0x31a6,
  0x0001, 0x3186,
  0x0004, 0x31a6,
  0x0003, 0x3186,
  0x0001, 0x31a6,
  0x000d, 0x3186,
  0x0003, 0x31a6,
  0x0002, 0x3186,
  0x0001, 0x31a6,
  0x000c, 0x3186,
  0x000b, 0x31a6,
  0x0006, 0x3186,
  0x000d, 0x31a6,
  0x0008, 0x3186,
  0x0006, 0x31a6,
  0x0001, 0x3186,
  0x0001, 0x31a6,
  0x0002, 0x3186,
  0x0017, 0x31a6,
  0x0004, 0x3186,
  0x0003, 0x31a6,
  0x0003, 0x3186,
  0x0001, 0x39c6,
  0x0001, 0x94b2,
  0x0006, 0xa514,
  0x0002, 0xa513,
  0x000b, 0xa514,
  0x0001, 0x9cf3,
  0x0004, 0xa514,
  0x0001, 0x94b2,
  0x0001, 0x4207,
  0x0001, 0x3186,
  0x0001, 0x3185,
  0x0001, 0x3186,
  0x0002, 0x31a6,
  0x0001, 0x8410,
  0x0001, 0x8c51,
  0x0001, 0x4228,
  0x0003, 0x31a6,
  0x0001, 0x39c6,
  0x0001, 0x7bef,
  0x0001, 0x9cf3,
  0x0001, 0xa513,
  0x0005, 0xa514,
  0x0001, 0xa513,
  0x0001, 0x9491,
  0x0001, 0x4a49,
  0x0001, 0x31a6,
  0x0002, 0x3186,
  0x0001, 0x31a6,
  0x0001, 0x73ae,
  0x0002, 0x9cf3,
  0x0002, 0xa4f3,
  0x0002, 0x9cf3,
  0x0001, 0x7bef,
  0x0004, 0x3186,
  0x0001, 0x31a6,
  0x0001, 0x4208,
  0x0001, 0x8c71,
  0x0013, 0xa514,
  0x0001, 0x9cf3,
  0x0002, 0xa514,
  0x0001, 0xa513,
  0x0001, 0xa514,
  0x0001, 0x9cf3,
  0x0001, 0x31a6,
  0x0005, 0x3186,
  0x0001, 0x31a6,
  0x0003, 0x3186,
  0x0005, 0x31a6,
  0x000a, 0x3186,
  0x0032, 0x31a6,
  0x0002, 0x3186,
  0x0006, 0x31a6,
  0x0003, 0x3186,
  0x0001, 0x31a6,
  0x0003, 0x3186,
  0x0008, 0x31a6,
  0x0008, 0x3186,
  0x0004, 0x31a6,
  0x0002, 0x3186,
  0x0001, 0x31a6,
  0x000c, 0x3186,
  0x0003, 0x31a6,
  0x0003, 0x3186,
  0x0001, 0x31a6,
  0x000b, 0x3186,
  0x0002, 0x31a6,
  0x0001, 0x3186,
  0x0002, 0x31a6,
  0x0001, 0x3186,
  0x0007, 0x31a6,
  0x0006, 0x3186,
  0x000c, 0x31a6,
  0x0008, 0x3186,
  0x0021, 0x31a6,
  0x0003, 0x3186,
  0x0004, 0x31a6,
  0x0003, 0x3186,
  0x0001, 0x39c6,
  0x0001, 0x94b2,
  0x0006, 0xa514,
  0x0002, 0xa513,
  0x000f, 0xa514,
  0x0001, 0x9cf3,
  0x0001, 0x8430,
  0x0001, 0x31a6,
  0x0002, 0x3186,
  0x0002, 0x31a6,
  0x0001, 0x39e7,
  0x0002, 0x9cf3,
  0x0001, 0x7bef,
  0x0001, 0x4228,
  0x0004, 0x31a6,
  0x0001, 0x73ae,
  0x0001, 0x9cf3,
  0x0006, 0xa514,
  0x0001, 0xa513,
  0x0001, 0x8c51,
  0x0001, 0x4a69,
  0x0004, 0x31a6,
  0x0001, 0x6b6d,
  0x0001, 0x9cd2,
  0x0001, 0x9cf3,
  0x0001, 0xa4f3,
  0x0002, 0x9cf3,
  0x0001, 0x9cd3,
  0x0001, 0x39c7,
  0x0001, 0x3186,
  0x0004, 0x31a6,
  0x0001, 0x8410,
  0x0001, 0x9cf3,
  0x0015, 0xa514,
  0x0002, 0xa513,
  0x0001, 0x9cf3,
  0x0001, 0x31a6,
  0x0008, 0x3186,
  0x0006, 0x31a6,
  0x000a, 0x3186,
  0x0032, 0x31a6,
  0x0002, 0x3186,
  0x0001, 0x31a6,
  0x0002, 0x3186,
  0x0004, 0x31a6,
  0x0005, 0x3186,
  0x0008, 0x31a6,
  0x0007, 0x3186,
  0x0007, 0x31a6,
  0x000e, 0x3186,
  0x0003, 0x31a6,
  0x0003, 0x3186,
  0x0002, 0x31a6,
  0x000a, 0x3186,
  0x000b, 0x31a6,
  0x0008, 0x3186,
  0x000c, 0x31a6,
  0x0008, 0x3186,
  0x0027, 0x31a6,
  0x0004, 0x3186,
  0x0001, 0x31a6,
  0x0001, 0x94b2,
  0x0016, 0xa514,
  0x0001, 0xa513,
  0x0001, 0x9cf3,
  0x0001, 0x738e,
  0x0002, 0x3186,
  0x0003, 0x31a6,
  0x0001, 0x5acb,
  0x0003, 0x9cf3,
  0x0001, 0x8430,
  0x0001, 0x4a69,
  0x0003, 0x3186,
  0x0001, 0x39c7,
  0x0001, 0x738e,
  0x0001, 0x9cf4,
  0x0004, 0xa514,
  0x0002, 0xa513,
  0x0001, 0x9cf3,
  0x0001, 0x8c51,
  0x0001, 0x528a,
  0x0001, 0x31a7,
  0x0001, 0x31a6,
  0x0002, 0x3186,
  0x0001, 0x632c,
  0x0001, 0x94b2,
  0x0003, 0x9cf3,
  0x0001, 0xa514,
  0x0001, 0x52aa,
  0x0001, 0x31a6,
  0x0002, 0x3186,
  0x0002, 0x31a6,
  0x0001, 0x6b6d,
  0x0001, 0x9cf3,
  0x000d, 0xa514,
  0x0002, 0xa513,
  0x0008, 0xa514,
  0x0001, 0x9cf3,
  0x0001, 0x31a6,
  0x0009, 0x3186,
  0x0002, 0x31a6,
  0x0002, 0x3186,
  0x0002, 0x31a6,
  0x0008, 0x3186,
  0x0033, 0x31a6,
  0x0002, 0x3186,
  0x0001, 0x31a6,
  0x0002, 0x3186,
  0x0004, 0x31a6,
  0x0006, 0x3186,
  0x0003, 0x31a6,
  0x0002, 0x3186,
  0x0002, 0x31a6,
  0x0006, 0x3186,
  0x0007, 0x31a6,
  0x000f, 0x3186,
  0x0002, 0x31a6,
  0x0002, 0x3186,
  0x0006, 0x31a6,
  0x0008, 0x3186,
  0x000b, 0x31a6,
  0x0006, 0x3186,
  0x0002, 0x31a6,
  0x0001, 0x3186,
  0x000b, 0x31a6,
  0x0008, 0x3186,
  0x0026, 0x31a6,
  0x0005, 0x3186,
  0x0001, 0x39c6,
  0x0001, 0x94b2,
  0x0002, 0xa514,
  0x0001, 0x9cf3,
  0x0014, 0xa514,
  0x0001, 0x9cf3,
  0x0001, 0x632c,
  0x0002, 0x3186,
  0x0003, 0x31a6,
  0x0001, 0x6b6d,
  0x0003, 0xa514,
  0x0001, 0x9cf3,
  0x0001, 0x8410,
  0x0001, 0x4208,
  0x0002, 0x3186,
  0x0001, 0x31a6,
  0x0001, 0x39e8,
  0x0001, 0x6b6d,
  0x0001, 0x9cf3,
  0x0003, 0xa514,
  0x0002, 0xa513,
  0x0002, 0xa514,
  0x0001, 0x8c72,
  0x0001, 0x4a6a,
  0x0003, 0x3186,
  0x0001, 0x31a6,
  0x0001, 0x632c,
  0x0001, 0x94b2,
  0x0002, 0x9cf3,
  0x0001, 0xa514,
  0x0001, 0x6b6d,
  0x0001, 0x31a6,
  0x0003, 0x3186,
  0x0001, 0x31a6,
  0x0001, 0x630c,
  0x0001, 0x9cf3,
  0x000d, 0xa514,
  0x0002, 0xa513,
  0x0008, 0xa514,
  0x0001, 0x9cf3,
  0x0001, 0x31a6,
  0x0005, 0x3186,
  0x0001, 0x31a6,
  0x0011, 0x3186,
  0x003e, 0x31a6,
  0x0004, 0x3186,
  0x0001, 0x31a6,
  0x0001, 0x3186,
  0x0002, 0x31a6,
  0x0001, 0x3186,
  0x0001, 0x31a6,
  0x0009, 0x3186,
  0x0005, 0x31a6,
  0x000b, 0x3186,
  0x0001, 0x31a6,
  0x0003, 0x3186,
  0x0002, 0x31a6,
  0x0002, 0x3186,
  0x0006, 0x31a6,
  0x0001, 0x3186,
  0x0014, 0x31a6,
  0x0004, 0x3186,
  0x000f, 0x31a6,
  0x0007, 0x3186,
  0x0025, 0x31a6,
  0x0005, 0x3186,
  0x0001, 0x31a6,
  0x0001, 0x39c7,
  0x0001, 0x94b2,
  0x0004, 0xa514,
  0x0004, 0xa513,
  0x000a, 0xa514,
  0x0001, 0xa513,
  0x0005, 0xa514,
  0x0001, 0x5aeb,
  0x0001, 0x31a6,
  0x0003, 0x3186,
  0x0001, 0x31a6,
  0x0001, 0x7bcf,
  0x0004, 0xa514,
  0x0001, 0x9cf3,
  0x0001, 0x8430,
  0x0001, 0x39e7,
  0x0003, 0x31a6,
  0x0001, 0x39e7,
  0x0001, 0x738e,
  0x0001, 0x9cf3,
  0x0001, 0xa513,
  0x0001, 0x9cf3,
  0x0005, 0xa514,
  0x0001, 0x8c71,
  0x0001, 0x4228,
  0x0002, 0x3186,
  0x0001, 0x3185,
  0x0001, 0x39c7,
  0x0001, 0x6b4d,
  0x0001, 0x9cd3,
  0x0001, 0xa513,
  0x0001, 0x9cf3,
  0x0001, 0x7bcf,
  0x0001, 0x3186,
  0x0004, 0x31a6,
  0x0001, 0x5acb,
  0x0001, 0x9cf3,
  0x0001, 0xa513,
  0x0001, 0xa514,
  0x0001, 0x9cf3,
  0x000e, 0xa514,
  0x0002, 0xa513,
  0x0004, 0xa514,
  0x0001, 0x9cf3,
  0x0001, 0x31a6,
  0x0005, 0x3186,
  0x0001, 0x31a6,
  0x0005, 0x3186,
  0x0002, 0x31a6,
  0x0002, 0x3186,
  0x0001, 0x31a6,
  0x0007, 0x3186,
  0x003b, 0x31a6,
  0x0007, 0x3186,
  0x0001, 0x31a6,
  0x0001, 0x3186,
  0x0001, 0x31a6,
  0x0007, 0x3186,
  0x0001, 0x31a6,
  0x0004, 0x3186,
  0x0008, 0x31a6,
  0x000c, 0x3186,
  0x0001, 0x31a6,
  0x0004, 0x3186,
  0x001c, 0x31a6,
  0x0002, 0x3186,
  0x0010, 0x31a6,
  0x0006, 0x3186,
  0x000f, 0x31a6,
  0x0001, 0x3186,
  0x0001, 0x31a6,
  0x0002, 0x3186,
  0x0012, 0x31a6,
  0x0005, 0x3186,
  0x0001, 0x31a6,
  0x0001, 0x39c7,
  0x0001, 0x94b2,
  0x0004, 0xa514,
  0x0004, 0xa513,
  0x000a, 0xa514,
  0x0001, 0xa513,
  0x0004, 0xa514,
  0x0001, 0x9cf3,
  0x0001, 0x5aca,
  0x0001, 0x31a6,
  0x0001, 0x3186,
  0x0002, 0x31a6,
  0x0001, 0x3186,
  0x0001, 0x840f,
  0x0001, 0xa513,
  0x0001, 0x9cf3,
  0x0004, 0xa514,
  0x0001, 0x8c72,
  0x0001, 0x31a6,
  0x0001, 0x3186,
  0x0002, 0x31a6,
  0x0001, 0x39c6,
  0x0001, 0x73ae,
  0x0001, 0x9cf3,
  0x0001, 0xa513,
  0x0004, 0xa514,
  0x0002, 0x9cf3,
  0x0001, 0x94b2,
  0x0001, 0x39e7,
  0x0002, 0x3185,
  0x0001, 0x3186,
  0x0001, 0x39c7,
  0x0001, 0x738e,
  0x0002, 0x9cd3,
  0x0001, 0x7bcf,
  0x0001, 0x3185,
  0x0004, 0x31a6,
  0x0001, 0x52aa,
  0x0001, 0x9cd3,
  0x0001, 0xa513,
  0x0001, 0xa514,
  0x0001, 0x9cf3,
  0x000e, 0xa514,
  0x0002, 0xa513,
  0x0004, 0xa514,
  0x0001, 0x9cf3,
  0x0001, 0x31a6,
  0x0009, 0x3186,
  0x0009, 0x31a6,
  0x0005, 0x3186,
  0x0001, 0x31a6,
  0x0002, 0x3186,
  0x0038, 0x31a6,
  0x000f, 0x3186,
  0x0004, 0x31a6,
  0x0003, 0x3186,
  0x0008, 0x31a6,
  0x0003, 0x3186,
  0x0002, 0x31a5,
  0x000a, 0x3186,
  0x0001, 0x31a6,
  0x0001, 0x3186,
  0x0001, 0x31a6,
  0x0003, 0x3186,
  0x0001, 0x31a6,
  0x0005, 0x3186,
  0x000d, 0x31a6,
  0x0001, 0x3186,
  0x0004, 0x31a6,
  0x0001, 0x3186,
  0x0004, 0x31a6,
  0x0002, 0x3186,
  0x000b, 0x31a6,
  0x0002, 0x3186,
  0x0002, 0x31a6,
  0x0001, 0x3186,
  0x001c, 0x31a6,
  0x0004, 0x3186,
  0x0006, 0x31a6,
  0x0005, 0x3186,
  0x0001, 0x31a6,
  0x0001, 0x39c6,
  0x0001, 0x94b2,
  0x0002, 0xa513,
  0x0002, 0xa514,
  0x0002, 0xa513,
  0x0008, 0xa514,
  0x0004, 0xa513,
  0x0001, 0xa514,
  0x0002, 0x9cf3,
  0x0003, 0xa514,
  0x0001, 0x5acb,
  0x0001, 0x31a6,
  0x0001, 0x3186,
  0x0002, 0x31a6,
  0x0001, 0x3186,
  0x0001, 0x7bef,
  0x0001, 0x9cf3,
  0x0002, 0xa4f4,
  0x0002, 0xa513,
  0x0001, 0x9cf3,
  0x0001, 0xa514,
  0x0001, 0x9492,
  0x0001, 0x39c7,
  0x0001, 0x31a6,
  0x0002, 0x3186,
  0x0001, 0x31a6,
  0x0001, 0x7bcf,
  0x0001, 0x9cf3,
  0x0004, 0xa514,
  0x0003, 0xa513,
  0x0001, 0x9cd3,
  0x0001, 0x39e7,
  0x0001, 0x3186,
  0x0003, 0x31a6,
  0x0001, 0x738d,
  0x0001, 0x9492,
  0x0001, 0x7bcf,
  0x0001, 0x3185,
  0x0002, 0x3186,
  0x0002, 0x31a6,
  0x0001, 0x5acb,
  0x0001, 0x9cf3,
  0x000d, 0xa514,
  0x0002, 0xa513,
  0x0008, 0xa514,
  0x0001, 0x9cf3,
  0x0001, 0x31a6,
  0x0008, 0x3186,
  0x0007, 0x31a6,
  0x0002, 0x3186,
  0x0001, 0x31a6,
  0x0005, 0x3186,
  0x0001, 0x31a6,
  0x0002, 0x3186,
  0x0002, 0x31a6,
  0x0001, 0x3186,
  0x0032, 0x31a6,
  0x0001, 0x3186,
  0x0003, 0x31a6,
  0x000f, 0x3186,
  0x0002, 0x31a6,
  0x0002, 0x3186,
  0x000a, 0x31a6,
  0x0003, 0x3186,
  0x0002, 0x31a5,
  0x000a, 0x3186,
  0x0007, 0x31a6,
  0x0001, 0x3186,
  0x0001, 0x31a6,
  0x0001, 0x3186,
  0x0019, 0x31a6,
  0x0002, 0x3186,
  0x0028, 0x31a6,
  0x0001, 0x3186,
  0x0001, 0x31a6,
  0x0002, 0x3186,
  0x000a, 0x31a6,
  0x0005, 0x3186,
  0x0001, 0x31a6,
  0x0001, 0x39c6,
  0x0001, 0x94b2,
  0x0002, 0xa513,
  0x0002, 0xa514,
  0x0002, 0xa513,
  0x0008, 0xa514,
  0x0004, 0xa513,
  0x0001, 0xa514,
  0x0002, 0x9cf3,
  0x0002, 0xa514,
  0x0001, 0x9cf3,
  0x0001, 0x5aeb,
  0x0003, 0x31a6,
  0x0002, 0x3186,
  0x0001, 0x738e,
  0x0001, 0xa513,
  0x0002, 0xa4f4,
  0x0002, 0xa513,
  0x0003, 0xa514,
  0x0001, 0x8c51,
  0x0001, 0x4208,
  0x0001, 0x3186,
  0x0001, 0x3185,
  0x0001, 0x3186,
  0x0001, 0x31a6,
  0x0001, 0x7bef,
  0x0005, 0xa514,
  0x0001, 0xa513,
  0x0001, 0xa514,
  0x0001, 0xa513,
  0x0001, 0x9cd3,
  0x0001, 0x4a49,
  0x0001, 0x31a6,
  0x0001, 0x3186,
  0x0002, 0x3185,
  0x0001, 0x6b6d,
  0x0001, 0x6b4d,
  0x0001, 0x3186,
  0x0004, 0x31a6,
  0x0001, 0x5aeb,
  0x0001, 0x9cf3,
  0x000d, 0xa514,
  0x0002, 0xa513,
  0x0008, 0xa514,
  0x0001, 0x9cf3,
  0x0001, 0x31a6,
  0x0005, 0x3186,
  0x0001, 0x31a6,
  0x0002, 0x3186,
  0x0001, 0x31a6,
  0x0002, 0x3186,
  0x0006, 0x31a6,
  0x0006, 0x3186,
  0x0001, 0x31a6,
  0x0002, 0x3186,
  0x0039, 0x31a6,
  0x000d, 0x3186,
  0x0010, 0x31a6,
  0x0010, 0x3186,
  0x0004, 0x31a6,
  0x0002, 0x3186,
  0x0019, 0x31a6,
  0x0003, 0x3186,
  0x0001, 0x31a6,
  0x0002, 0x3186,
  0x0001, 0x31a6,
  0x0001, 0x3186,
  0x0025, 0x31a6,
  0x0001, 0x3186,
  0x0001, 0x31a6,
  0x0002, 0x3186,
  0x0001, 0x31a6,
  0x0002, 0x3186,
  0x0008, 0x31a6,
  0x0001, 0x3186,
  0x0001, 0x31a6,
  0x0003, 0x3186,
  0x0001, 0x39c7,
  0x0001, 0x94b2,
  0x0002, 0xa514,
  0x0002, 0xa513,
  0x000a, 0xa514,
  0x0001, 0x9cf3,
  0x0002, 0xa514,
  0x0001, 0x9cf3,
  0x0006, 0xa514,
  0x0001, 0x6b4d,
  0x0003, 0x31a6,
  0x0002, 0x3186,
  0x0001, 0x632c,
  0x0001, 0xa513,
  0x0002, 0xa4f4,
  0x0005, 0xa514,
  0x0001, 0x9cf3,
  0x0001, 0x8410,
  0x0001, 0x4208,
  0x0001, 0x3186,
  0x0003, 0x31a6,
  0x0001, 0x7bef,
  0x0001, 0x9cf3,
  0x0007, 0xa514,
  0x0001, 0x9492,
  0x0001, 0x4a49,
  0x0001, 0x3186,
  0x0003, 0x3185,
  0x0001, 0x4a49,
  0x0005, 0x31a6,
  0x0001, 0x632c,
  0x0001, 0x9cf3,
  0x0001, 0xa514,
  0x0001, 0x9cf3,
  0x0003, 0xa513,
  0x0012, 0xa514,
  0x0001, 0x9cf3,
  0x0001, 0x31a6,
  0x0004, 0x3186,
  0x0005, 0x31a6,
  0x0002, 0x3186,
  0x0006, 0x31a6,
  0x0002, 0x3186,
  0x0002, 0x31a6,
  0x0002, 0x3186,
  0x0004, 0x31a6,
  0x0001, 0x3186,
  0x0027, 0x31a6,
  0x0001, 0x3186,
  0x0011, 0x31a6,
  0x000a, 0x3186,
  0x0011, 0x31a6,
  0x0010, 0x3186,
  0x0004, 0x31a6,
  0x0002, 0x3186,
  0x0016, 0x31a6,
  0x0002, 0x3186,
  0x0004, 0x31a6,
  0x0004, 0x3186,
  0x0002, 0x31a6,
  0x0007, 0x3186,
  0x0011, 0x31a6,
  0x0004, 0x3186,
  0x0004, 0x31a6,
  0x0003, 0x3186,
  0x0001, 0x31a6,
  0x0001, 0x3186,
  0x0004, 0x31a6,
  0x0002, 0x3186,
  0x0003, 0x31a6,
  0x0001, 0x3186,
  0x0003, 0x31a6,
  0x0002, 0x3186,
  0x0002, 0x31a6,
  0x0002, 0x3186,
  0x0001, 0x31a6,
  0x0001, 0x94b2,
  0x0002, 0xa514,
  0x0002, 0xa513,
  0x000a, 0xa514,
  0x0004, 0x9cf3,
  0x0006, 0xa514,
  0x0001, 0x73ae,
  0x0005, 0x3186,
  0x0001, 0x4a69,
  0x0001, 0xa513,
  0x0007, 0xa514,
  0x0002, 0x9cf3,
  0x0001, 0x7bef,
  0x0001, 0x4249,
  0x0001, 0x31a6,
  0x0002, 0x3186,
  0x0001, 0x31a6,
  0x0001, 0x73ae,
  0x0001, 0x9cf3,
  0x0002, 0xa514,
  0x0001, 0xa513,
  0x0003, 0xa514,
  0x0001, 0x9cf3,
  0x0001, 0x8430,
  0x0001, 0x4a49,
  0x0001, 0x3185,
  0x0002, 0x3186,
  0x0006, 0x31a6,
  0x0001, 0x73ae,
  0x0003, 0x9cf3,
  0x0003, 0xa513,
  0x0012, 0xa514,
  0x0001, 0x9cf3,
  0x0001, 0x31a6,
  0x0004, 0x3186,
  0x0001, 0x31a6,
  0x0001, 0x3186,
  0x000d, 0x31a6,
  0x0005, 0x3186,
  0x0003, 0x31a6,
  0x0001, 0x3186,
  0x001b, 0x31a6,
  0x0001, 0x3186,
  0x001a, 0x31a6,
  0x0001, 0x3186,
  0x0002, 0x31a6,
  0x0002, 0x3186,
  0x0001, 0x31a6,
  0x0001, 0x3186,
  0x0001, 0x31a6,
  0x0004, 0x3186,
  0x0012, 0x31a6,
  0x0005, 0x3186,
  0x0001, 0x31a6,
  0x000a, 0x3186,
  0x0001, 0x31a6,
  0x0006, 0x3186,
  0x0017, 0x31a6,
  0x0008, 0x3186,
  0x0003, 0x31a6,
  0x0003, 0x3186,
  0x0001, 0x31a6,
  0x0002, 0x3186,
  0x0002, 0x31a6,
  0x0002, 0x3186,
  0x000c, 0x31a6,
  0x0005, 0x3186,
  0x0004, 0x31a6,
  0x0003, 0x3186,
  0x0002, 0x31a6,
  0x0003, 0x3186,
  0x0001, 0x31a6,
  0x0002, 0x3186,
  0x0002, 0x31a6,
  0x0002, 0x3186,
  0x0003, 0x31a6,
  0x0002, 0x3186,
  0x0002, 0x31a6,
  0x0002, 0x3186,
  0x0001, 0x39c7,
  0x0001, 0x94b2,
  0x0002, 0xa513,
  0x0002, 0xa514,
  0x0004, 0xa513,
  0x000c, 0xa514,
  0x0002, 0xa513,
  0x0002, 0xa514,
  0x0001, 0x8c51,
  0x0001, 0x31a6,
  0x0003, 0x3186,
  0x0001, 0x31a6,
  0x0001, 0x39c6,
  0x0001, 0x9cd2,
  0x0005, 0xa514,
  0x0002, 0x9cf3,
  0x0001, 0xa513,
  0x0001, 0xa514,
  0x0001, 0x9cf3,
  0x0001, 0x8410,
  0x0001, 0x4228,
  0x0003, 0x3186,
  0x0001, 0x39e7,
  0x0001, 0x73ae,
  0x0001, 0x9cf3,
  0x0004, 0xa514,
  0x0002, 0xa513,
  0x0001, 0x9cf3,
  0x0001, 0x8430,
  0x0001, 0x4a49,
  0x0001, 0x3186,
  0x0002, 0x31a6,
  0x0001, 0x3186,
  0x0002, 0x31a6,
  0x0001, 0x3186,
  0x0001, 0x31a6,
  0x0001, 0x8430,
  0x0002, 0xa4f3,
  0x0001, 0x9cf3,
  0x0005, 0xa514,
  0x0001, 0x9cf3,
  0x000d, 0xa514,
  0x0001, 0xa513,
  0x0001, 0xa514,
  0x0001, 0x9cf3,
  0x0001, 0x31a6,
  0x0003, 0x3186,
  0x0001, 0x31a6,
  0x0003, 0x3186,
  0x000d, 0x31a6,
  0x0008, 0x3186,
  0x003a, 0x31a6,
  0x0007, 0x3186,
  0x0013, 0x31a6,
  0x0017, 0x3186,
  0x0014, 0x31a6,
  0x0002, 0x3186,
  0x0001, 0x31a6,
  0x0011, 0x3186,
  0x0002, 0x31a6,
  0x0004, 0x3186,
  0x000a, 0x31a6,
  0x0005, 0x3186,
  0x0009, 0x31a6,
  0x0003, 0x3186,
  0x0002, 0x31a6,
  0x0001, 0x3186,
  0x0003, 0x31a6,
  0x0001, 0x3186,
  0x0001, 0x31a6,
  0x0002, 0x3186,
  0x0001, 0x31a6,
  0x0001, 0x3186,
  0x0004, 0x31a6,
  0x0001, 0x39c7,
  0x0001, 0x94b2,
  0x0002, 0xa513,
  0x0003, 0xa514,
  0x0003, 0xa513,
  0x000c, 0xa514,
  0x0002, 0xa513,
  0x0002, 0xa514,
  0x0001, 0x94b2,
  0x0001, 0x4208,
  0x0002, 0x3186,
  0x0003, 0x31a6,
  0x0001, 0x7bcf,
  0x0001, 0xa534,
  0x0004, 0xa514,
  0x0002, 0x9cf3,
  0x0001, 0xa513,
  0x0002, 0xa514,
  0x0001, 0x9cf4,
  0x0001, 0x8410,
  0x0001, 0x4208,
  0x0001, 0x3186,
  0x0001, 0x31a6,
  0x0001, 0x3186,
  0x0001, 0x4208,
  0x0001, 0x73ae,
  0x0004, 0xa514,
  0x0002, 0xa513,
  0x0001, 0xa514,
  0x0001, 0x9cf3,
  0x0001, 0x8c50,
  0x0001, 0x4a49,
  0x0004, 0x31a6,
  0x0002, 0x3186,
  0x0001, 0x4207,
  0x0001, 0x8c71,
  0x0001, 0xa4f3,
  0x0001, 0xa513,
  0x0014, 0xa514,
  0x0001, 0xa513,
  0x0001, 0xa514,
  0x0001, 0x9cf3,
  0x0001, 0x31a6,
  0x0008, 0x3186,
  0x000c, 0x31a6,
  0x0001, 0x3186,
  0x0003, 0x31a6,
  0x0004, 0x3186,
  0x003b, 0x31a6,
  0x0002, 0x3186,
  0x0001, 0x31a6,
  0x0004, 0x3186,
  0x0012, 0x31a6,
  0x0006, 0x3186,
  0x0001, 0x31a6,
  0x0010, 0x3186,
  0x0014, 0x31a6,
  0x0002, 0x3186,
  0x0002, 0x31a6,
  0x000f, 0x3186,
  0x0002, 0x31a6,
  0x0005, 0x3186,
  0x000d, 0x31a6,
  0x0002, 0x3186,
  0x0004, 0x31a6,
  0x0001, 0x3186,
  0x000f, 0x31a6,
  0x0002, 0x3186,
  0x0001, 0x31a6,
  0x0001, 0x3186,
  0x0004, 0x31a6,
  0x0001, 0x39c6,
  0x0001, 0x94b2,
  0x0005, 0xa514,
  0x0003, 0xa513,
  0x0010, 0xa514,
  0x0001, 0x9cd3,
  0x0001, 0x5aeb,
  0x0001, 0x31a6,
  0x0001, 0x3186,
  0x0003, 0x31a6,
  0x0001, 0x4a69,
  0x0001, 0x9cf3,
  0x000a, 0xa514,
  0x0001, 0x9cf3,
  0x0001, 0x8430,
  0x0001, 0x39c7,
  0x0002, 0x3186,
  0x0001, 0x31a6,
  0x0001, 0x4208,
  0x0001, 0x7bcf,
  0x0003, 0x9cf3,
  0x0002, 0xa513,
  0x0003, 0xa514,
  0x0001, 0x9492,
  0x0001, 0x4208,
  0x0002, 0x3186,
  0x0001, 0x31a6,
  0x0002, 0x3186,
  0x0001, 0x52aa,
  0x0001, 0x9492,
  0x0001, 0x9cf3,
  0x0017, 0xa514,
  0x0001, 0x9cf3,
  0x0001, 0x31a6,
  0x0005, 0x3186,
  0x0002, 0x31a6,
  0x0001, 0x3186,
  0x0008, 0x31a6,
  0x0001, 0x3186,
  0x004a, 0x31a6,
  0x0001, 0x3186,
  0x0014, 0x31a6,
  0x0005, 0x3186,
  0x0002, 0x31a6,
  0x000c, 0x3186,
  0x0002, 0x31a6,
  0x0002, 0x3186,
  0x0014, 0x31a6,
  0x000a, 0x3186,
  0x0003, 0x31a6,
  0x000b, 0x3186,
  0x0009, 0x31a6,
  0x0002, 0x3186,
  0x0005, 0x31a6,
  0x0001, 0x3186,
  0x0004, 0x31a6,
  0x0001, 0x3186,
  0x000e, 0x31a6,
  0x0001, 0x3186,
  0x0009, 0x31a6,
  0x0001, 0x94b2,
  0x0006, 0xa514,
  0x0003, 0xa513,
  0x0001, 0xa514,
  0x0001, 0x9cf3,
  0x000e, 0xa514,
  0x0001, 0x7bef,
  0x0005, 0x31a6,
  0x0001, 0x39c7,
  0x0001, 0x7bcf,
  0x000b, 0xa514,
  0x0001, 0x9cf3,
  0x0001, 0x8c51,
  0x0001, 0x3186,
  0x0003, 0x31a6,
  0x0001, 0x39c7,
  0x0001, 0x7bcf,
  0x0001, 0x9cf3,
  0x0001, 0xa514,
  0x0002, 0xa513,
  0x0004, 0xa514,
  0x0001, 0x9492,
  0x0001, 0x31a6,
  0x0004, 0x3186,
  0x0001, 0x6b6d,
  0x0001, 0x9cd3,
  0x0004, 0x9cf3,
  0x0014, 0xa514,
  0x0001, 0x9cf3,
  0x0001, 0x31a6,
  0x0003, 0x3186,
  0x0001, 0x31a6,
  0x0003, 0x3186,
  0x0051, 0x31a6,
  0x0004, 0x3186,
  0x0014, 0x31a6,
  0x0005, 0x3186,
  0x0003, 0x31a6,
  0x0008, 0x3186,
  0x0003, 0x31a6,
  0x0003, 0x3186,
  0x0008, 0x31a6,
  0x0002, 0x3186,
  0x000c, 0x31a6,
  0x0003, 0x3186,
  0x0002, 0x31a6,
  0x000a, 0x3186,
  0x0003, 0x31a6,
  0x0002, 0x3186,
  0x000c, 0x31a6,
  0x0002, 0x3186,
  0x0019, 0x31a6,
  0x0002, 0x3186,
  0x0007, 0x31a6,
  0x0001, 0x39c6,
  0x0001, 0x94b2,
  0x0002, 0xa513,
  0x0004, 0xa514,
  0x0006, 0xa513,
  0x0002, 0xa514,
  0x0002, 0xa513,
  0x0009, 0xa514,
  0x0001, 0x8c71,
  0x0001, 0x4228,
  0x0005, 0x31a6,
  0x0001, 0x4228,
  0x0001, 0x94b2,
  0x0001, 0x9cf3,
  0x0001, 0xa513,
  0x0004, 0xa514,
  0x0001, 0x9cf3,
  0x0004, 0xa514,
  0x0001, 0x9cf3,
  0x0001, 0x8c51,
  0x0001, 0x39c7,
  0x0003, 0x3186,
  0x0001, 0x31a6,
  0x0001, 0x8410,
  0x0001, 0x9cf3,
  0x0006, 0xa514,
  0x0001, 0xa4f4,
  0x0001, 0x94b2,
  0x0001, 0x39c7,
  0x0002, 0x3186,
  0x0001, 0x31a6,
  0x0001, 0x39c7,
  0x0001, 0x840f,
  0x0003, 0x9cf3,
  0x0005, 0xa513,
  0x000e, 0xa514,
  0x0002, 0xa513,
  0x0001, 0x9cf3,
  0x0001, 0x31a6,
  0x0005, 0x3186,
  0x000e, 0x31a6,
  0x0002, 0x3186,
  0x003f, 0x31a6,
  0x0005, 0x3186,
  0x0001, 0x31a6,
  0x0006, 0x3186,
  0x0010, 0x31a6,
  0x0005, 0x3186,
  0x0004, 0x31a6,
  0x0007, 0x3186,
  0x0001, 0x31a6,
  0x0001, 0x3186,
  0x0002, 0x31a6,
  0x0002, 0x3186,
  0x0004, 0x31a6,
  0x0001, 0x3186,
  0x0002, 0x31a6,
  0x0001, 0x3186,
  0x0001, 0x31a6,
  0x0001, 0x3186,
  0x000c, 0x31a6,
  0x0003, 0x3186,
  0x0001, 0x31a6,
  0x0005, 0x3186,
  0x0001, 0x31a6,
  0x0005, 0x3186,
  0x0002, 0x31a6,
  0x0003, 0x3186,
  0x000b, 0x31a6,
  0x0003, 0x3186,
  0x0001, 0x31a6,
  0x0005, 0x3186,
  0x0004, 0x31a6,
  0x0001, 0x3186,
  0x0018, 0x31a6,
  0x0001, 0x94b2,
  0x0002, 0xa513,
  0x0004, 0xa514,
  0x0006, 0xa513,
  0x0001, 0x9cf3,
  0x0001, 0xa514,
  0x0002, 0xa513,
  0x0007, 0xa514,
  0x0001, 0x9cf4,
  0x0001, 0xa514,
  0x0001, 0x9cd3,
  0x0001, 0x632c,
  0x0005, 0x31a6,
  0x0001, 0x39c6,
  0x0001, 0x5aeb,
  0x0001, 0x9cd2,
  0x0001, 0xa513,
  0x000a, 0xa514,
  0x0001, 0x9cf3,
  0x0001, 0x8410,
  0x0001, 0x39e7,
  0x0003, 0x3186,
  0x0001, 0x31a6,
  0x0001, 0x8430,
  0x0003, 0xa514,
  0x0003, 0x9cf3,
  0x0002, 0xa4f3,
  0x0001, 0x8c71,
  0x0001, 0x4228,
  0x0001, 0x39a7,
  0x0003, 0x31a6,
  0x0001, 0x7bef,
  0x0001, 0x9cd3,
  0x0002, 0x9cf3,
  0x0004, 0xa513,
  0x000a, 0xa514,
  0x0001, 0x9cf3,
  0x0004, 0xa514,
  0x0001, 0xa513,
  0x0001, 0x9cd3,
  0x0001, 0x31a6,
  0x0005, 0x3186,
  0x000e, 0x31a6,
  0x0002, 0x3186,
  0x003c, 0x31a6,
  0x0001, 0x3186,
  0x0001, 0x31a6,
  0x0005, 0x3186,
  0x0004, 0x31a6,
  0x0004, 0x3186,
  0x0010, 0x31a6,
  0x0003, 0x3186,
  0x0003, 0x31a6,
  0x000c, 0x3186,
  0x0007, 0x31a6,
  0x0004, 0x3186,
  0x0001, 0x31a6,
  0x0008, 0x3186,
  0x0002, 0x31a6,
  0x000c, 0x3186,
  0x0002, 0x31a6,
  0x0009, 0x3186,
  0x0004, 0x31a6,
  0x0002, 0x3186,
  0x0006, 0x31a6,
  0x0009, 0x3186,
  0x0014, 0x31a6,
  0x0005, 0x3186,
  0x0003, 0x31a6,
  0x0001, 0x39c6,
  0x0001, 0x94b2,
  0x0001, 0xa513,
  0x0005, 0xa514,
  0x0002, 0xa513,
  0x000a, 0xa514,
  0x0002, 0xa513,
  0x0006, 0xa514,
  0x0001, 0x8430,
  0x0001, 0x4a49,
  0x0005, 0x31a6,
  0x0001, 0x39e7,
  0x0001, 0x6b6d,
  0x0001, 0x9cd3,
  0x0003, 0xa514,
  0x0005, 0xa513,
  0x0003, 0xa514,
  0x0001, 0x9cf3,
  0x0001, 0x7bef,
  0x0001, 0x4208,
  0x0002, 0x3186,
  0x0001, 0x31a6,
  0x0001, 0x39c7,
  0x0001, 0x840f,
  0x0005, 0x9cf3,
  0x0001, 0xa4f3,
  0x0001, 0x9cf3,
  0x0001, 0xa514,
  0x0001, 0x8c71,
  0x0001, 0x4a69,
  0x0001, 0x31a6,
  0x0002, 0x3186,
  0x0001, 0x31a6,
  0x0001, 0x7bcf,
  0x0001, 0x9cf3,
  0x0002, 0xa514,
  0x0002, 0x9cf3,
  0x0001, 0xa513,
  0x0004, 0xa514,
  0x0002, 0xa513,
  0x0004, 0xa514,
  0x0004, 0xa513,
  0x0002, 0xa514,
  0x0001, 0x9cd3,
  0x0001, 0x31a6,
  0x0005, 0x3186,
  0x0001, 0x31a6,
  0x0002, 0x3186,
  0x001f, 0x31a6,
  0x0001, 0x3186,
  0x0020, 0x31a6,
  0x0001, 0x3186,
  0x0008, 0x31a6,
  0x0004, 0x3186,
  0x0001, 0x31a6,
  0x0006, 0x3186,
  0x0001, 0x31a6,
  0x0002, 0x3186,
  0x0011, 0x31a6,
  0x0001, 0x3186,
  0x0001, 0x31a6,
  0x0011, 0x3186,
  0x0004, 0x31a6,
  0x0006, 0x3186,
  0x0001, 0x31a6,
  0x0008, 0x3186,
  0x0002, 0x31a6,
  0x000d, 0x3186,
  0x0001, 0x31a6,
  0x000a, 0x3186,
  0x0003, 0x31a6,
  0x000c, 0x3186,
  0x0001, 0x31a6,
  0x0007, 0x3186,
  0x000d, 0x31a6,
  0x0001, 0x3186,
  0x0002, 0x31a6,
  0x0006, 0x3186,
  0x0003, 0x31a6,
  0x0001, 0x39c6,
  0x0001, 0x94b2,
  0x0006, 0xa514,
  0x0002, 0xa513,
  0x000a, 0xa514,
  0x0002, 0xa513,
  0x0006, 0xa514,
  0x0001, 0x9cd3,
  0x0001, 0x6b4d,
  0x0001, 0x39c7,
  0x0005, 0x31a6,
  0x0001, 0x4208,
  0x0001, 0x6b4d,
  0x0001, 0x9cd3,
  0x0001, 0xa514,
  0x0006, 0xa513,
  0x0001, 0xa514,
  0x0002, 0x9cf3,
  0x0001, 0xa514,
  0x0001, 0x9cf3,
  0x0001, 0x7bef,
  0x0001, 0x4228,
  0x0003, 0x31a6,
  0x0001, 0x39c7,
  0x0001, 0x6b6d,
  0x0001, 0x9cd3,
  0x0003, 0x9cf3,
  0x0002, 0xa513,
  0x0002, 0xa514,
  0x0001, 0x8c51,
  0x0001, 0x528a,
  0x0002, 0x3186,
  0x0001, 0x31a6,
  0x0001, 0x39e7,
  0x0001, 0x738e,
  0x0004, 0x9cf3,
  0x0001, 0xa513,
  0x0004, 0xa514,
  0x0002, 0xa513,
  0x0003, 0xa514,
  0x0001, 0x9cf3,
  0x0004, 0xa513,
  0x0002, 0xa514,
  0x0001, 0x9cf3,
  0x0001, 0x31a6,
  0x0005, 0x3186,
  0x0001, 0x31a6,
  0x0002, 0x3186,
  0x0043, 0x31a6,
  0x0001, 0x3186,
  0x0003, 0x31a6,
  0x0002, 0x3186,
  0x0001, 0x31a6,
  0x0001, 0x3186,
  0x0003, 0x31a6,
  0x000a, 0x3186,
  0x0010, 0x31a6,
  0x0005, 0x3186,
  0x0001, 0x31a6,
  0x0009, 0x3186,
  0x0001, 0x31a6,
  0x0005, 0x3186,
  0x0002, 0x31a6,
  0x000e, 0x3186,
  0x0002, 0x31a6,
  0x0001, 0x3186,
  0x0003, 0x31a6,
  0x000e, 0x3186,
  0x0004, 0x31a6,
  0x0003, 0x3186,
  0x0003, 0x31a6,
  0x0009, 0x3186,
  0x0002, 0x31a6,
  0x0001, 0x3186,
  0x0001, 0x31a6,
  0x0008, 0x3186,
  0x000e, 0x31a6,
  0x0003, 0x3186,
  0x0002, 0x31a6,
  0x0002, 0x3186,
  0x0003, 0x31a6,
  0x0001, 0x39c6,
  0x0001, 0x94b2,
  0x0010, 0xa514,
  0x0002, 0xa513,
  0x0002, 0xa514,
  0x0002, 0xa513,
  0x0003, 0xa514,
  0x0002, 0x9cf3,
  0x0001, 0x9492,
  0x0001, 0x52aa,
  0x0006, 0x31a6,
  0x0001, 0x39e7,
  0x0001, 0x5acb,
  0x0001, 0x9492,
  0x0001, 0x9cf3,
  0x0003, 0xa513,
  0x0003, 0xa514,
  0x0001, 0x9cf3,
  0x0002, 0xa514,
  0x0001, 0x9cf4,
  0x0001, 0x9cf3,
  0x0001, 0x7bef,
  0x0001, 0x4228,
  0x0001, 0x31a6,
  0x0001, 0x3186,
  0x0001, 0x31a6,
  0x0001, 0x39e7,
  0x0001, 0x73ae,
  0x0002, 0x9cf3,
  0x0001, 0xa513,
  0x0004, 0xa514,
  0x0001, 0x9cf3,
  0x0001, 0x8c50,
  0x0001, 0x4a48,
  0x0003, 0x31a6,
  0x0001, 0x39e7,
  0x0001, 0x6b4d,
  0x0001, 0x9cd3,
  0x0001, 0x9cf3,
  0x0002, 0xa513,
  0x000a, 0xa514,
  0x0004, 0xa513,
  0x0002, 0xa514,
  0x0001, 0x9cf3,
  0x0001, 0x31a6,
  0x0004, 0x3186,
  0x000e, 0x31a6,
  0x0003, 0x3186,
  0x003a, 0x31a6,
  0x0002, 0x3186,
  0x0006, 0x31a6,
  0x000b, 0x3186,
  0x000e, 0x31a6,
  0x0003, 0x3186,
  0x0001, 0x31a6,
  0x0003, 0x3186,
  0x0001, 0x31a6,
  0x0004, 0x3186,
  0x0001, 0x31a6,
  0x0009, 0x3186,
  0x0001, 0x31a6,
  0x000a, 0x3186,
  0x0002, 0x31a6,
  0x0002, 0x3186,
  0x0002, 0x31a6,
  0x0001, 0x3186,
  0x0003, 0x31a6,
  0x000e, 0x3186,
  0x000b, 0x31a6,
  0x0007, 0x3186,
  0x0002, 0x31a6,
  0x000c, 0x3186,
  0x000d, 0x31a6,
  0x0007, 0x3186,
  0x0003, 0x31a6,
  0x0001, 0x39c6,
  0x0001, 0x94b2,
  0x0010, 0xa514,
  0x0002, 0xa513,
  0x0002, 0xa514,
  0x0002, 0xa513,
  0x0004, 0xa514,
  0x0002, 0x9cf3,
  0x0001, 0x8c51,
  0x0001, 0x4208,
  0x0007, 0x31a6,
  0x0001, 0x4a49,
  0x0001, 0x6b4d,
  0x0001, 0x9cf3,
  0x0003, 0xa514,
  0x0001, 0x9cf3,
  0x0003, 0xa514,
  0x0001, 0x9cf3,
  0x0001, 0x9cf4,
  0x0001, 0xa514,
  0x0001, 0x9cf3,
  0x0001, 0x8410,
  0x0001, 0x39e7,
  0x0001, 0x3186,
  0x0002, 0x31a6,
  0x0001, 0x4208,
  0x0001, 0x73ae,
  0x0001, 0x9cf3,
  0x0001, 0xa513,
  0x0004, 0xa514,
  0x0001, 0xa513,
  0x0001, 0x9cf3,
  0x0001, 0x8c50,
  0x0001, 0x4228,
  0x0002, 0x31a6,
  0x0001, 0x3186,
  0x0001, 0x39c7,
  0x0001, 0x6b4d,
  0x0001, 0x9cd3,
  0x0002, 0xa513,
  0x000a, 0xa514,
  0x0004, 0xa513,
  0x0002, 0xa514,
  0x0001, 0x9cf3,
  0x0001, 0x31a6,
  0x0004, 0x3186,
  0x000d, 0x31a6,
  0x0007, 0x3186,
  0x002f, 0x31a6,
  0x0003, 0x3186,
  0x0005, 0x31a6,
  0x0002, 0x3186,
  0x0006, 0x31a6,
  0x0001, 0x3186,
  0x0002, 0x31a6,
  0x0002, 0x3186,
  0x0002, 0x31a6,
  0x0008, 0x3186,
  0x000a, 0x31a6,
  0x0010, 0x3186,
  0x0001, 0x31a6,
  0x0006, 0x3186,
  0x0002, 0x31a6,
  0x0003, 0x3186,
  0x0001, 0x31a6,
  0x0001, 0x3186,
  0x0001, 0x31a6,
  0x0005, 0x3186,
  0x0005, 0x31a6,
  0x0006, 0x3186,
  0x0003, 0x31a6,
  0x000a, 0x3186,
  0x0009, 0x31a6,
  0x0005, 0x3186,
  0x0004, 0x31a6,
  0x000b, 0x3186,
  0x0006, 0x31a6,
  0x0003, 0x3186,
  0x0006, 0x31a6,
  0x0005, 0x3186,
  0x0003, 0x31a6,
  0x0001, 0x39c6,
  0x0001, 0x94b2,
  0x0001, 0xa514,
  0x0005, 0xa513,
  0x0010, 0xa514,
  0x0002, 0xa513,
  0x0005, 0x9cf3,
  0x0001, 0x8410,
  0x0001, 0x39c7,
  0x0007, 0x31a6,
  0x0001, 0x39c7,
  0x0001, 0x4228,
  0x0001, 0x632c,
  0x0001, 0x94b2,
  0x0002, 0x9cf3,
  0x0002, 0xa514,
  0x0003, 0x9cf3,
  0x0001, 0xa514,
  0x0001, 0x9492,
  0x0001, 0x5aeb,
  0x0003, 0x31a6,
  0x0002, 0x3186,
  0x0001, 0x39c7,
  0x0001, 0x7bcf,
  0x0001, 0x9cf3,
  0x0004, 0xa514,
  0x0002, 0xa513,
  0x0001, 0x9cf3,
  0x0001, 0x9492,
  0x0001, 0x4208,
  0x0001, 0x31a6,
  0x0002, 0x3186,
  0x0001, 0x39c7,
  0x0001, 0x738e,
  0x0002, 0x9cf3,
  0x0006, 0xa514,
  0x000a, 0xa513,
  0x0001, 0x9cf3,
  0x0001, 0x31a6,
  0x0004, 0x3186,
  0x000d, 0x31a6,
  0x0009, 0x3186,
  0x002d, 0x31a6,
  0x0003, 0x3186,
  0x0010, 0x31a6,
  0x0002, 0x3186,
  0x0005, 0x31a6,
  0x0005, 0x3186,
  0x000a, 0x31a6,
  0x0005, 0x3186,
  0x0001, 0x31a6,
  0x0003, 0x3186,
  0x0001, 0x31a6,
  0x0002, 0x3186,
  0x0001, 0x31a6,
  0x000a, 0x3186,
  0x0003, 0x31a6,
  0x0004, 0x3186,
  0x0001, 0x31a6,
  0x0001, 0x3186,
  0x0001, 0x31a6,
  0x0003, 0x3186,
  0x0005, 0x31a6,
  0x0011, 0x3186,
  0x0003, 0x31a6,
  0x0001, 0x3186,
  0x0001, 0x31a5,
  0x0006, 0x31a6,
  0x0006, 0x3186,
  0x0003, 0x31a6,
  0x000b, 0x3186,
  0x0001, 0x31a6,
  0x0001, 0x3186,
  0x0001, 0x31a6,
  0x0001, 0x3186,
  0x0007, 0x31a6,
  0x0001, 0x3186,
  0x0003, 0x31a6,
  0x0003, 0x3186,
  0x0001, 0x31a6,
  0x0001, 0x3186,
  0x0003, 0x31a6,
  0x0001, 0x39c6,
  0x0001, 0x94b2,
  0x0006, 0xa513,
  0x0010, 0xa514,
  0x0002, 0xa513,
  0x0001, 0xa514,
  0x0003, 0xa513,
  0x0002, 0xa514,
  0x0001, 0x8430,
  0x000c, 0x31a6,
  0x0001, 0x4208,
  0x0001, 0x52aa,
  0x0002, 0x632c,
  0x0001, 0x52aa,
  0x0001, 0x4208,
  0x0001, 0x39c7,
  0x0004, 0x31a6,
  0x0004, 0x3186,
  0x0001, 0x39c7,
  0x0001, 0x8410,
  0x0001, 0x9cf3,
  0x0003, 0xa514,
  0x0003, 0xa513,
  0x0001, 0xa514,
  0x0001, 0x9cf3,
  0x0001, 0x39c7,
  0x0002, 0x3186,
  0x0002, 0x31a6,
  0x0001, 0x73ae,
  0x0001, 0x9cd3,
  0x0006, 0xa514,
  0x0003, 0xa513,
  0x0001, 0xa514,
  0x0006, 0xa513,
  0x0001, 0x9cf3,
  0x0001, 0x31a6,
  0x0005, 0x3186,
  0x000d, 0x31a6,
  0x0006, 0x3186,
  0x0043, 0x31a6,
  0x0002, 0x3186,
  0x0013, 0x31a6,
  0x0019, 0x3186,
  0x0001, 0x31a6,
  0x000b, 0x3186,
  0x0003, 0x31a6,
  0x0002, 0x3186,
  0x0001, 0x31a6,
  0x0002, 0x3186,
  0x0001, 0x31a6,
  0x0007, 0x3186,
  0x000e, 0x31a6,
  0x0001, 0x3186,
  0x0001, 0x31a6,
  0x0001, 0x3186,
  0x0001, 0x31a6,
  0x0005, 0x3186,
  0x0003, 0x31a6,
  0x000b, 0x3186,
  0x0004, 0x31a6,
  0x0002, 0x3186,
  0x0003, 0x31a6,
  0x0002, 0x3186,
  0x0004, 0x31a6,
  0x0002, 0x3186,
  0x0006, 0x31a6,
  0x0001, 0x94b2,
  0x0001, 0xa514,
  0x0004, 0xa513,
  0x0013, 0xa514,
  0x0004, 0xa513,
  0x0003, 0x9cf3,
  0x0001, 0x8430,
  0x0001, 0x4208,
  0x000c, 0x31a6,
  0x0001, 0x3186,
  0x0004, 0x31a6,
  0x0001, 0x3186,
  0x0002, 0x31a6,
  0x0001, 0x3186,
  0x0001, 0x31a6,
  0x0003, 0x3186,
  0x0001, 0x31a6,
  0x0001, 0x39c6,
  0x0001, 0x8410,
  0x0001, 0xa513,
  0x0001, 0xa514,
  0x0002, 0xa4f4,
  0x0001, 0xa514,
  0x0003, 0xa513,
  0x0001, 0x9492,
  0x0001, 0x39e7,
  0x0001, 0x3186,
  0x0003, 0x31a6,
  0x0001, 0x73ae,
  0x0001, 0x9cf3,
  0x0005, 0xa514,
  0x0002, 0xa513,
  0x0004, 0xa514,
  0x0003, 0xa513,
  0x0001, 0xa514,
  0x0001, 0x9cf3,
  0x0001, 0x31a6,
  0x0004, 0x3186,
  0x0001, 0x31a6,
  0x0001, 0x3186,
  0x000d, 0x31a6,
  0x0007, 0x3186,
  0x001a, 0x31a6,
  0x0001, 0x3186,
  0x0001, 0x31a6,
  0x0001, 0x3186,
  0x000f, 0x31a6,
  0x0001, 0x3186,
  0x0014, 0x31a6,
  0x0002, 0x3186,
  0x0013, 0x31a6,
  0x000b, 0x3186,
  0x0002, 0x31a6,
  0x0002, 0x3186,
  0x0001, 0x31a6,
  0x0001, 0x3186,
  0x0002, 0x31a6,
  0x0007, 0x3186,
  0x0004, 0x31a6,
  0x0001, 0x3186,
  0x0001, 0x31a6,
  0x0002, 0x3186,
  0x0001, 0x31a6,
  0x0002, 0x3186,
  0x0003, 0x31a6,
  0x0002, 0x3186,
  0x0004, 0x31a6,
  0x0009, 0x3186,
  0x0003, 0x31a6,
  0x0002, 0x3186,
  0x0001, 0x31a6,
  0x0002, 0x3186,
  0x0004, 0x31a6,
  0x0001, 0x3186,
  0x0001, 0x31a6,
  0x0001, 0x3186,
  0x0001, 0x31a6,
  0x0006, 0x3186,
  0x0003, 0x31a6,
  0x000a, 0x3186,
  0x0001, 0x31a6,
  0x0001, 0x3186,
  0x0005, 0x31a6,
  0x000a, 0x3186,
  0x0006, 0x31a6,
  0x0001, 0x94b2,
  0x0002, 0xa514,
  0x0002, 0xa513,
  0x0014, 0xa514,
  0x0001, 0x9cf3,
  0x0003, 0xa513,
  0x0001, 0xa514,
  0x0003, 0x9cf3,
  0x0001, 0x8c71,
  0x0001, 0x528a,
  0x0001, 0x39c7,
  0x0001, 0x31a6,
  0x0001, 0x31a7,
  0x0011, 0x31a6,
  0x0003, 0x3186,
  0x0001, 0x31a6,
  0x0002, 0x3186,
  0x0001, 0x31a6,
  0x0001, 0x840f,
  0x0001, 0xa4f3,
  0x0003, 0xa4f4,
  0x0001, 0x9cf3,
  0x0002, 0xa513,
  0x0001, 0xa4f3,
  0x0001, 0x8c51,
  0x0001, 0x4a49,
  0x0004, 0x31a6,
  0x0001, 0x7bcf,
  0x0001, 0x9cf3,
  0x0004, 0xa514,
  0x0002, 0xa513,
  0x0004, 0xa514,
  0x0003, 0xa513,
  0x0001, 0xa514,
  0x0001, 0x9cf3,
  0x0001, 0x31a6,
  0x0006, 0x3186,
  0x000e, 0x31a6,
  0x0004, 0x3186,
  0x0018, 0x31a6,
  0x0002, 0x3186,
  0x000e, 0x31a6,
  0x0002, 0x3186,
  0x0001, 0x31a6,
  0x0002, 0x3186,
  0x0001, 0x31a6,
  0x0002, 0x3186,
  0x0010, 0x31a6,
  0x0001, 0x3186,
  0x0017, 0x31a6,
  0x000b, 0x3186,
  0x0001, 0x31a6,
  0x0003, 0x3186,
  0x0001, 0x31a6,
  0x0002, 0x3186,
  0x0001, 0x31a6,
  0x0002, 0x3186,
  0x0001, 0x31a6,
  0x0001, 0x3186,
  0x0002, 0x31a6,
  0x0002, 0x3186,
  0x000e, 0x31a6,
  0x0005, 0x3186,
  0x0002, 0x31a6,
  0x0007, 0x3186,
  0x0003, 0x31a6,
  0x0004, 0x3186,
  0x0008, 0x31a6,
  0x0008, 0x3186,
  0x0001, 0x31a6,
  0x0009, 0x3186,
  0x0003, 0x31a6,
  0x0002, 0x3186,
  0x0004, 0x31a6,
  0x0003, 0x3186,
  0x0001, 0x31a6,
  0x0004, 0x3186,
  0x0007, 0x31a6,
  0x0001, 0x39c6,
  0x0001, 0x94b2,
  0x0002, 0xa514,
  0x0002, 0xa513,
  0x0016, 0xa514,
  0x0002, 0xa513,
  0x0001, 0xa514,
  0x0004, 0x9cf3,
  0x0001, 0x9492,
  0x0001, 0x6b6d,
  0x0001, 0x4a49,
  0x0001, 0x39c7,
  0x000f, 0x31a6,
  0x0001, 0x3186,
  0x0001, 0x31a6,
  0x0001, 0x3186,
  0x0001, 0x31a6,
  0x0002, 0x4228,
  0x0001, 0x31a6,
  0x0002, 0x3186,
  0x0001, 0x31a6,
  0x0001, 0x7bcf,
  0x0002, 0x9cf3,
  0x0003, 0xa514,
  0x0002, 0xa513,
  0x0001, 0x9cf3,
  0x0001, 0x8451,
  0x0001, 0x4a69,
  0x0001, 0x31a6,
  0x0001, 0x3186,
  0x0002, 0x31a6,
  0x0001, 0x73ae,
  0x0001, 0x9cf3,
  0x000d, 0xa514,
  0x0001, 0x9cf3,
  0x0001, 0x31a6,
  0x0006, 0x3186,
  0x000f, 0x31a6,
  0x0005, 0x3186,
  0x0016, 0x31a6,
  0x0002, 0x3186,
  0x0003, 0x31a6,
  0x0001, 0x3186,
  0x000a, 0x31a6,
  0x0002, 0x3186,
  0x0001, 0x31a6,
  0x0005, 0x3186,
  0x0010, 0x31a6,
  0x0001, 0x3186,
  0x0014, 0x31a6,
  0x000c, 0x3186,
  0x0002, 0x31a6,
  0x0004, 0x3186,
  0x0004, 0x31a6,
  0x0004, 0x3186,
  0x0001, 0x31a6,
  0x0004, 0x3186,
  0x0001, 0x31a6,
  0x0001, 0x3186,
  0x0001, 0x31a6,
  0x0001, 0x3186,
  0x0001, 0x31a6,
  0x0003, 0x3186,
  0x0003, 0x31a6,
  0x0007, 0x3186,
  0x0004, 0x31a6,
  0x0003, 0x3186,
  0x0006, 0x31a6,
  0x0004, 0x3186,
  0x0007, 0x31a6,
  0x0008, 0x3186,
  0x0001, 0x31a6,
  0x0009, 0x3186,
  0x0004, 0x31a6,
  0x0001, 0x3186,
  0x0006, 0x31a6,
  0x0001, 0x3186,
  0x0003, 0x31a6,
  0x0002, 0x3186,
  0x0001, 0x31a6,
  0x0001, 0x3186,
  0x0005, 0x31a6,
  0x0001, 0x39c6,
  0x0001, 0x94b2,
  0x0002, 0xa514,
  0x0002, 0xa513,
  0x0016, 0xa514,
  0x0002, 0xa513,
  0x0001, 0xa514,
  0x0001, 0x9cf3,
  0x0001, 0xa513,
  0x0004, 0x9cf3,
  0x0001, 0x8430,
  0x0001, 0x6b6d,
  0x0001, 0x4a49,
  0x0010, 0x31a6,
  0x0001, 0x4208,
  0x0001, 0x6b4d,
  0x0001, 0x8410,
  0x0001, 0x7bcf,
  0x0001, 0x4208,
  0x0003, 0x3186,
  0x0001, 0x39e7,
  0x0001, 0x7bae,
  0x0001, 0x9cf3,
  0x0003, 0xa514,
  0x0002, 0xa513,
  0x0001, 0xa514,
  0x0001, 0x9d14,
  0x0001, 0x8430,
  0x0001, 0x4a49,
  0x0002, 0x3186,
  0x0001, 0x31a6,
  0x0001, 0x39c7,
  0x0001, 0x738e,
  0x0001, 0x9cd3,
  0x0005, 0xa514,
  0x0001, 0x9cf3,
  0x0002, 0xa514,
  0x0001, 0x9cf3,
  0x0003, 0xa514,
  0x0001, 0x9cf3,
  0x0001, 0x31a6,
  0x0007, 0x3186,
  0x000c, 0x31a6,
  0x0008, 0x3186,
  0x0015, 0x31a6,
  0x0001, 0x3186,
  0x0003, 0x31a6,
  0x0004, 0x3186,
  0x0008, 0x31a6,
  0x0002, 0x3186,
  0x0001, 0x31a6,
  0x0005, 0x3186,
  0x0002, 0x31a6,
  0x0002, 0x3186,
  0x0002, 0x31a6,
  0x0001, 0x3186,
  0x000a, 0x31a6,
  0x0004, 0x3186,
  0x000f, 0x31a6,
  0x0013, 0x3186,
  0x0002, 0x31a6,
  0x0006, 0x3186,
  0x0001, 0x31a6,
  0x0004, 0x3186,
  0x0001, 0x31a6,
  0x0001, 0x3186,
  0x0001, 0x31a6,
  0x0006, 0x3186,
  0x0002, 0x31a6,
  0x0004, 0x3186,
  0x0007, 0x31a6,
  0x0003, 0x3186,
  0x0001, 0x31a6,
  0x0001, 0x3186,
  0x0004, 0x31a6,
  0x0006, 0x3186,
  0x0006, 0x31a6,
  0x0001, 0x3186,
  0x0001, 0x31a6,
  0x000b, 0x3186,
  0x0001, 0x31a6,
  0x0002, 0x3186,
  0x0013, 0x31a6,
  0x0003, 0x3186,
  0x0003, 0x31a6,
  0x0001, 0x39c6,
  0x0001, 0x94b2,
  0x0002, 0xa514,
  0x0004, 0xa513,
  0x0001, 0x9cf3,
  0x0013, 0xa514,
  0x0003, 0xa513,
  0x0004, 0x9cf3,
  0x0003, 0xa513,
  0x0001, 0x9cf3,
  0x0001, 0x8430,
  0x0001, 0x7bcf,
  0x0001, 0x5aec,
  0x0001, 0x39e7,
  0x0002, 0x39c7,
  0x0006, 0x31a6,
  0x0002, 0x39c6,
  0x0001, 0x39e7,
  0x0001, 0x5aeb,
  0x0001, 0x73ae,
  0x0001, 0x8430,
  0x0002, 0x9cf3,
  0x0001, 0x9cd3,
  0x0001, 0x73ae,
  0x0001, 0x39e7,
  0x0003, 0x3186,
  0x0001, 0x4207,
  0x0001, 0x73ae,
  0x0001, 0x9cf3,
  0x0003, 0xa514,
  0x0003, 0xa513,
  0x0001, 0x9cf3,
  0x0001, 0x8430,
  0x0001, 0x4a49,
  0x0001, 0x3186,
  0x0001, 0x31a6,
  0x0001, 0x3186,
  0x0001, 0x39e7,
  0x0001, 0x738d,
  0x0001, 0x9cf3,
  0x000b, 0xa514,
  0x0001, 0x9cd3,
  0x0001, 0x31a6,
  0x0008, 0x3186,
  0x000b, 0x31a6,
  0x0008, 0x3186,
  0x0012, 0x31a6,
  0x0006, 0x3186,
  0x0001, 0x31a6,
  0x0004, 0x3186,
  0x0006, 0x31a6,
  0x0004, 0x3186,
  0x0001, 0x31a6,
  0x0001, 0x3186,
  0x0001, 0x31a6,
  0x0004, 0x3186,
  0x0001, 0x31a6,
  0x0003, 0x3186,
  0x000c, 0x31a6,
  0x0003, 0x3186,
  0x0010, 0x31a6,
  0x0008, 0x3186,
  0x0002, 0x31a6,
  0x0005, 0x3186,
  0x0002, 0x31a6,
  0x0002, 0x3186,
  0x0001, 0x31a6,
  0x0006, 0x3186,
  0x0005, 0x31a6,
  0x0003, 0x3186,
  0x0002, 0x31a6,
  0x0002, 0x3186,
  0x0001, 0x31a6,
  0x0008, 0x3186,
  0x0007, 0x31a6,
  0x0002, 0x3186,
  0x0002, 0x31a6,
  0x0001, 0x3186,
  0x0004, 0x31a6,
  0x0003, 0x3186,
  0x0001, 0x31a6,
  0x0002, 0x3186,
  0x0004, 0x31a6,
  0x0004, 0x3186,
  0x0001, 0x31a6,
  0x0004, 0x3186,
  0x0001, 0x31a6,
  0x0008, 0x3186,
  0x0013, 0x31a6,
  0x0003, 0x3186,
  0x0003, 0x31a6,
  0x0001, 0x39c6,
  0x0001, 0x94b2,
  0x0001, 0xa514,
  0x0002, 0x9cf3,
  0x0003, 0xa513,
  0x0012, 0xa514,
  0x0002, 0x9cf3,
  0x0003, 0xa513,
  0x0001, 0x9cf3,
  0x0002, 0xa514,
  0x0003, 0xa513,
  0x0003, 0x9cf3,
  0x0001, 0xa514,
  0x0001, 0x94b3,
  0x0002, 0x8c51,
  0x0001, 0x8410,
  0x0001, 0x738e,
  0x0001, 0x630c,
  0x0002, 0x5acb,
  0x0001, 0x630c,
  0x0001, 0x738e,
  0x0001, 0x840f,
  0x0002, 0x8430,
  0x0001, 0x94b2,
  0x0001, 0x9cf3,
  0x0001, 0xa514,
  0x0003, 0x9cf3,
  0x0001, 0x9cd3,
  0x0001, 0x7bce,
  0x0001, 0x39c7,
  0x0001, 0x31a6,
  0x0001, 0x3186,
  0x0001, 0x31a6,
  0x0001, 0x4208,
  0x0001, 0x7bcf,
  0x0001, 0x9cf3,
  0x0001, 0xa514,
  0x0001, 0xa513,
  0x0001, 0x9cf3,
  0x0002, 0xa513,
  0x0001, 0xa514,
  0x0001, 0x9cf3,
  0x0001, 0x8c51,
  0x0001, 0x4228,
  0x0001, 0x31a6,
  0x0002, 0x3186,
  0x0001, 0x39e7,
  0x0001, 0x73ae,
  0x0002, 0x9cf3,
  0x0009, 0xa514,
  0x0001, 0x9cd3,
  0x0001, 0x31a6,
  0x0007, 0x3186,
  0x000f, 0x31a6,
  0x0003, 0x3186,
  0x0013, 0x31a6,
  0x0007, 0x3186,
  0x000a, 0x31a6,
  0x0003, 0x3186,
  0x0006, 0x31a6,
  0x0007, 0x3186,
  0x0021, 0x31a6,
  0x0002, 0x3186,
  0x0001, 0x31a6,
  0x0003, 0x3186,
  0x0003, 0x31a6,
  0x0003, 0x3186,
  0x0003, 0x31a6,
  0x0004, 0x3186,
  0x0002, 0x31a6,
  0x0004, 0x3186,
  0x0004, 0x31a6,
  0x0003, 0x3186,
  0x0002, 0x31a6,
  0x000c, 0x3186,
  0x0006, 0x31a6,
  0x0003, 0x3186,
  0x0007, 0x31a6,
  0x0003, 0x3186,
  0x0001, 0x31a6,
  0x0002, 0x3186,
  0x0003, 0x31a6,
  0x000f, 0x3186,
  0x0017, 0x31a6,
  0x0003, 0x3186,
  0x0002, 0x31a6,
  0x0001, 0x39c6,
  0x0001, 0x94b2,
  0x0001, 0xa514,
  0x0002, 0x9cf3,
  0x0017, 0xa514,
  0x0002, 0xa513,
  0x0008, 0xa514,
  0x0002, 0x9cf3,
  0x0004, 0xa514,
  0x0001, 0x9cf3,
  0x0002, 0x9cd3,
  0x0001, 0x94b2,
  0x0002, 0x9cd3,
  0x0006, 0x9cf3,
  0x0002, 0xa513,
  0x0004, 0x9cf3,
  0x0001, 0x7bef,
  0x0001, 0x39c7,
  0x0003, 0x31a6,
  0x0001, 0x39e7,
  0x0001, 0x840f,
  0x0001, 0x9cf3,
  0x0002, 0xa513,
  0x0005, 0xa514,
  0x0001, 0x9492,
  0x0001, 0x39c7,
  0x0003, 0x3186,
  0x0001, 0x39c7,
  0x0001, 0x73ae,
  0x0001, 0x9cd3,
  0x0001, 0xa4f4,
  0x0001, 0x9cf3,
  0x0001, 0xa514,
  0x0002, 0xa513,
  0x0004, 0x9cf3,
  0x0001, 0x9cd3,
  0x0001, 0x31a6,
  0x0005, 0x3186,
  0x0002, 0x31a6,
  0x0002, 0x3186,
  0x000d, 0x31a6,
  0x0003, 0x3186,
  0x0014, 0x31a6,
  0x0002, 0x3186,
  0x0002, 0x31a6,
  0x0002, 0x3186,
  0x000a, 0x31a6,
  0x0003, 0x3186,
  0x0007, 0x31a6,
  0x0006, 0x3186,
  0x0022, 0x31a6,
  0x0003, 0x3186,
  0x000e, 0x31a6,
  0x0002, 0x3186,
  0x0004, 0x31a6,
  0x0001, 0x3186,
  0x000b, 0x31a6,
  0x0004, 0x3186,
  0x0002, 0x31a6,
  0x0002, 0x3186,
  0x0001, 0x31a6,
  0x0001, 0x3186,
  0x0001, 0x31a6,
  0x0001, 0x3186,
  0x000f, 0x31a6,
  0x0003, 0x3186,
  0x0001, 0x31a6,
  0x0005, 0x3186,
  0x0001, 0x31a6,
  0x0003, 0x3186,
  0x0003, 0x31a6,
  0x0002, 0x3186,
  0x0002, 0x31a6,
  0x0002, 0x3186,
  0x001a, 0x31a6,
  0x0001, 0x3186,
  0x0002, 0x31a6,
  0x0001, 0x39c6,
  0x0001, 0x94b2,
  0x0006, 0xa514,
  0x0001, 0x9cf3,
  0x0013, 0xa514,
  0x0002, 0xa513,
  0x000b, 0xa514,
  0x0001, 0x9cf3,
  0x0001, 0xa514,
  0x000a, 0x9cf3,
  0x0001, 0xa513,
  0x0001, 0x9cf3,
  0x0001, 0xa514,
  0x0002, 0xa513,
  0x0005, 0xa514,
  0x0001, 0x8410,
  0x0001, 0x31a6,
  0x0003, 0x3186,
  0x0001, 0x39c6,
  0x0001, 0x8430,
  0x0001, 0x9cf3,
  0x0001, 0xa513,
  0x0006, 0xa514,
  0x0001, 0x94b2,
  0x0003, 0x31a6,
  0x0001, 0x3186,
  0x0001, 0x31a6,
  0x0001, 0x7bef,
  0x0001, 0xa4f3,
  0x0002, 0xa514,
  0x0002, 0xa513,
  0x0004, 0x9cf3,
  0x0001, 0x9cd3,
  0x0003, 0x31a6,
  0x0007, 0x3186,
  0x000c, 0x31a6,
  0x0002, 0x3186,
  0x0026, 0x31a6,
  0x0001, 0x3186,
  0x0010, 0x31a6,
  0x0002, 0x3186,
  0x000a, 0x31a6,
  0x0001, 0x3186,
  0x0016, 0x31a6,
  0x0003, 0x3186,
  0x0006, 0x31a6,
  0x0006, 0x3186,
  0x0001, 0x31a6,
  0x0002, 0x3186,
  0x0004, 0x31a6,
  0x0003, 0x3186,
  0x0009, 0x31a6,
  0x000b, 0x3186,
  0x000e, 0x31a6,
  0x0015, 0x3186,
  0x0003, 0x31a6,
  0x0001, 0x3186,
  0x0014, 0x31a6,
  0x0001, 0x3186,
  0x0006, 0x31a6,
  0x0001, 0x39c6,
  0x0001, 0x94b2,
  0x0002, 0xa514,
  0x0002, 0xa513,
  0x0001, 0xa514,
  0x0002, 0x9cf3,
  0x0007, 0xa514,
  0x0002, 0xa513,
  0x0006, 0xa514,
  0x0002, 0xa513,
  0x0002, 0xa514,
  0x0002, 0xa513,
  0x000e, 0xa514,
  0x0001, 0xa513,
  0x0002, 0x9cf3,
  0x0001, 0xa514,
  0x0005, 0x9cf3,
  0x0003, 0xa513,
  0x0003, 0x9cf3,
  0x0003, 0xa514,
  0x0002, 0x9cf3,
  0x0001, 0x7bcf,
  0x0001, 0x31a6,
  0x0003, 0x3186,
  0x0001, 0x39c7,
  0x0001, 0x8c51,
  0x0008, 0xa514,
  0x0001, 0x8c51,
  0x0001, 0x4207,
  0x0001, 0x31a6,
  0x0002, 0x3186,
  0x0001, 0x31a6,
  0x0001, 0x7bef,
  0x0005, 0x9cf3,
  0x0001, 0xa513,
  0x0002, 0x9cf3,
  0x0001, 0x9cd3,
  0x0005, 0x3186,
  0x0001, 0x31a6,
  0x0001, 0x3186,
  0x0001, 0x31a6,
  0x0002, 0x3186,
  0x000b, 0x31a6,
  0x0003, 0x3186,
  0x0015, 0x31a6,
  0x0003, 0x3186,
  0x000d, 0x31a6,
  0x0002, 0x3186,
  0x0006, 0x31a6,
  0x000c, 0x3186,
  0x000b, 0x31a6,
  0x0001, 0x3186,
  0x0010, 0x31a6,
  0x0002, 0x3186,
  0x0002, 0x31a6,
  0x0004, 0x3186,
  0x0005, 0x31a6,
  0x0007, 0x3186,
  0x0001, 0x31a6,
  0x0002, 0x3186,
  0x0004, 0x31a6,
  0x0001, 0x3186,
  0x000b, 0x31a6,
  0x0002, 0x3186,
  0x0001, 0x31a6,
  0x0006, 0x3186,
  0x0001, 0x31a6,
  0x0001, 0x3186,
  0x000e, 0x31a6,
  0x0005, 0x3186,
  0x0002, 0x31a6,
  0x0010, 0x3186,
  0x0001, 0x31a6,
  0x0001, 0x3186,
  0x001c, 0x31a6,
  0x0001, 0x8c71,
  0x0002, 0xa514,
  0x0002, 0xa513,
  0x0003, 0x9cf3,
  0x0007, 0xa514,
  0x0002, 0xa513,
  0x0006, 0xa514,
  0x0002, 0xa513,
  0x0002, 0xa514,
  0x0002, 0xa513,
  0x000e, 0xa514,
  0x0002, 0xa513,
  0x0002, 0x9cf3,
  0x0001, 0xa514,
  0x0004, 0x9cf3,
  0x0003, 0xa513,
  0x0001, 0xa514,
  0x0002, 0x9cf3,
  0x0001, 0xa514,
  0x0004, 0x9cf3,
  0x0001, 0x9cd3,
  0x0001, 0x73ae,
  0x0001, 0x39e7,
  0x0002, 0x3186,
  0x0001, 0x31a6,
  0x0001, 0x39c7,
  0x0001, 0x8430,
  0x0002, 0xa514,
  0x0001, 0x9cf3,
  0x0004, 0xa514,
  0x0001, 0xa4f4,
  0x0001, 0x8430,
  0x0001, 0x4228,
  0x0003, 0x3186,
  0x0001, 0x31a6,
  0x0001, 0x7bef,
  0x0001, 0x9cd3,
  0x0005, 0x9cf3,
  0x0001, 0xa513,
  0x0001, 0x9492,
  0x0006, 0x3186,
  0x0001, 0x31a6,
  0x0003, 0x3186,
  0x000c, 0x31a6,
  0x0002, 0x3186,
  0x0016, 0x31a6,
  0x0002, 0x3186,
  0x0003, 0x31a6,
  0x0001, 0x3186,
  0x0002, 0x31a6,
  0x0002, 0x3186,
  0x0005, 0x31a6,
  0x0006, 0x3186,
  0x0002, 0x31a6,
  0x0006, 0x3186,
  0x0001, 0x31a6,
  0x0005, 0x3186,
  0x001c, 0x31a6,
  0x0003, 0x3186,
  0x0001, 0x31a6,
  0x0004, 0x3186,
  0x0008, 0x31a6,
  0x0004, 0x3186,
  0x0013, 0x31a6,
  0x0005, 0x3186,
  0x0001, 0x31a6,
  0x0003, 0x3186,
  0x0001, 0x31a6,
  0x0001, 0x3186,
  0x0011, 0x31a6,
  0x0002, 0x3186,
  0x0003, 0x31a6,
  0x0004, 0x3186,
  0x0001, 0x31a6,
  0x0006, 0x3186,
  0x0001, 0x31a6,
  0x0004, 0x3186,
  0x0008, 0x31a6,
  0x0002, 0x3186,
  0x0001, 0x31a6,
  0x0001, 0x3186,
  0x0011, 0x31a6,
  0x0001, 0x7bcf,
  0x0004, 0xa514,
  0x0002, 0x9cf3,
  0x0008, 0xa514,
  0x0004, 0xa513,
  0x0004, 0xa514,
  0x0002, 0xa513,
  0x0002, 0xa514,
  0x0002, 0xa513,
  0x0006, 0xa514,
  0x0002, 0xa513,
  0x000b, 0xa514,
  0x0003, 0x9cf3,
  0x0002, 0xa513,
  0x0003, 0xa514,
  0x0001, 0x9cf3,
  0x0002, 0x9cf4,
  0x0005, 0x9cf3,
  0x0001, 0x9cd3,
  0x0001, 0x7bcf,
  0x0001, 0x4228,
  0x0003, 0x31a6,
  0x0001, 0x39e7,
  0x0001, 0x7bce,
  0x0001, 0x9cf3,
  0x0002, 0xa513,
  0x0004, 0xa514,
  0x0001, 0x9cf3,
  0x0001, 0x8430,
  0x0001, 0x4a49,
  0x0002, 0x3186,
  0x0002, 0x31a6,
  0x0001, 0x738d,
  0x0001, 0x9cd3,
  0x0004, 0x9cf3,
  0x0001, 0xa513,
  0x0001, 0x7bcf,
  0x0002, 0x31a6,
  0x0004, 0x3186,
  0x0001, 0x31a6,
  0x0001, 0x3186,
  0x002b, 0x31a6,
  0x0001, 0x3186,
  0x0003, 0x31a6,
  0x0001, 0x3186,
  0x0005, 0x31a6,
  0x0006, 0x3186,
  0x0003, 0x31a6,
  0x0001, 0x3186,
  0x0001, 0x31a6,
  0x0007, 0x3186,
  0x001f, 0x31a6,
  0x0005, 0x3186,
  0x0005, 0x31a6,
  0x0002, 0x3186,
  0x0002, 0x31a6,
  0x0005, 0x3186,
  0x0012, 0x31a6,
  0x0004, 0x3186,
  0x0007, 0x31a6,
  0x0002, 0x3186,
  0x0012, 0x31a6,
  0x0002, 0x3186,
  0x0001, 0x31a6,
  0x0007, 0x3186,
  0x0002, 0x31a6,
  0x0005, 0x3186,
  0x0001, 0x31a6,
  0x0001, 0x3186,
  0x0008, 0x31a6,
  0x0004, 0x3186,
  0x0011, 0x31a6,
  0x0001, 0x528a,
  0x0001, 0xa514,
  0x0001, 0x9cf3,
  0x000d, 0xa514,
  0x0003, 0xa513,
  0x0004, 0xa514,
  0x0002, 0xa513,
  0x0002, 0xa514,
  0x0003, 0xa513,
  0x0004, 0xa514,
  0x0003, 0xa513,
  0x000e, 0xa514,
  0x0002, 0xa513,
  0x0002, 0x9cf3,
  0x0001, 0xa514,
  0x0001, 0x9cf3,
  0x0002, 0x9cf4,
  0x0003, 0x9cf3,
  0x0001, 0xa514,
  0x0001, 0x9cf3,
  0x0001, 0xa514,
  0x0001, 0x9cf3,
  0x0001, 0x7bef,
  0x0001, 0x4228,
  0x0001, 0x31a6,
  0x0002, 0x3186,
  0x0001, 0x39e7,
  0x0001, 0x73ae,
  0x0001, 0x9cf3,
  0x0002, 0xa513,
  0x0004, 0xa514,
  0x0001, 0x9cf3,
  0x0001, 0x8410,
  0x0001, 0x4a49,
  0x0001, 0x3186,
  0x0002, 0x31a6,
  0x0001, 0x39c7,
  0x0001, 0x738e,
  0x0001, 0x9cf3,
  0x0001, 0xa513,
  0x0003, 0x9cf3,
  0x0001, 0x528a,
  0x0002, 0x31a6,
  0x0003, 0x3186,
  0x0029, 0x31a6,
  0x0002, 0x3186,
  0x0001, 0x31a6,
  0x0003, 0x3186,
  0x000a, 0x31a6,
  0x0005, 0x3186,
  0x0008, 0x31a6,
  0x0003, 0x3186,
  0x0002, 0x31a6,
  0x0001, 0x3186,
  0x000b, 0x31a6,
  0x0002, 0x3186,
  0x0010, 0x31a6,
  0x0005, 0x3186,
  0x000a, 0x31a6,
  0x0004, 0x3186,
  0x0012, 0x31a6,
  0x0004, 0x3186,
  0x0007, 0x31a6,
  0x0002, 0x3186,
  0x0011, 0x31a6,
  0x0003, 0x3186,
  0x0002, 0x31a6,
  0x0004, 0x3186,
  0x0004, 0x31a6,
  0x0004, 0x3186,
  0x0002, 0x31a6,
  0x0004, 0x3186,
  0x0002, 0x31a6,
  0x0001, 0x3186,
  0x0002, 0x31a6,
  0x0002, 0x3186,
  0x0001, 0x31a6,
  0x0003, 0x3186,
  0x0010, 0x31a6,
  0x0001, 0x7bef,
  0x0001, 0x9cf3,
  0x000d, 0xa514,
  0x0001, 0xa513,
  0x0002, 0xa514,
  0x0002, 0xa513,
  0x0002, 0xa514,
  0x0002, 0xa513,
  0x0002, 0xa514,
  0x0009, 0xa513,
  0x0001, 0x9d13,
  0x0004, 0xa514,
  0x0002, 0xa513,
  0x0009, 0xa514,
  0x0004, 0x9cf3,
  0x0001, 0xa513,
  0x0005, 0x9cf3,
  0x0001, 0xa514,
  0x0002, 0xa513,
  0x0001, 0xa514,
  0x0001, 0x9cf3,
  0x0001, 0x7bcf,
  0x0001, 0x39e7,
  0x0001, 0x3185,
  0x0002, 0x3186,
  0x0001, 0x4208,
  0x0001, 0x73ae,
  0x0001, 0xa513,
  0x0001, 0xa514,
  0x0005, 0xa513,
  0x0001, 0x9cf3,
  0x0001, 0x8430,
  0x0001, 0x4a49,
  0x0001, 0x31a6,
  0x0002, 0x3186,
  0x0001, 0x39e7,
  0x0001, 0x738d,
  0x0001, 0x9cf3,
  0x0002, 0xa514,
  0x0001, 0x7bef,
  0x0001, 0x31a6,
  0x0003, 0x3186,
  0x0002, 0x31a6,
  0x0003, 0x3186,
  0x0026, 0x31a6,
  0x0002, 0x3186,
  0x0001, 0x31a6,
  0x0003, 0x3186,
  0x0009, 0x31a6,
  0x0006, 0x3186,
  0x0007, 0x31a6,
  0x0004, 0x3186,
  0x000e, 0x31a6,
  0x0002, 0x3186,
  0x0020, 0x31a6,
  0x0004, 0x3186,
  0x0002, 0x31a6,
  0x0004, 0x3186,
  0x0016, 0x31a6,
  0x0002, 0x3186,
  0x0011, 0x31a6,
  0x0008, 0x3186,
  0x0009, 0x31a6,
  0x0006, 0x3186,
  0x0002, 0x31a6,
  0x0002, 0x3186,
  0x0001, 0x31a6,
  0x0006, 0x3186,
  0x000f, 0x31a6,
  0x0001, 0x3186,
  0x0001, 0x39e7,
  0x0001, 0x9492,
  0x000c, 0xa514,
  0x0002, 0xa513,
  0x0006, 0xa514,
  0x0002, 0xa513,
  0x0002, 0xa514,
  0x0002, 0xa513,
  0x0002, 0xa514,
  0x0006, 0xa513,
  0x0001, 0xa514,
  0x0001, 0x9cf3,
  0x0002, 0xa514,
  0x0002, 0xa513,
  0x0009, 0xa514,
  0x0005, 0x9cf3,
  0x0002, 0xa514,
  0x0004, 0x9cf3,
  0x0002, 0xa513,
  0x0001, 0xa514,
  0x0001, 0x9cf3,
  0x0001, 0x9cd2,
  0x0001, 0x7bce,
  0x0001, 0x31a6,
  0x0001, 0x3186,
  0x0002, 0x31a6,
  0x0001, 0x4228,
  0x0001, 0x7bef,
  0x0001, 0x9cf3,
  0x0003, 0xa513,
  0x0004, 0xa514,
  0x0001, 0x8c51,
  0x0001, 0x39e8,
  0x0002, 0x3186,
  0x0001, 0x3185,
  0x0001, 0x39e7,
  0x0001, 0x73ae,
  0x0001, 0x9cf3,
  0x0001, 0x94b2,
  0x0001, 0x4228,
  0x0001, 0x31a6,
  0x0008, 0x3186,
  0x0028, 0x31a6,
  0x0004, 0x3186,
  0x0009, 0x31a6,
  0x0005, 0x3186,
  0x0001, 0x31a6,
  0x0001, 0x3186,
  0x0005, 0x31a6,
  0x0006, 0x3186,
  0x000d, 0x31a6,
  0x0002, 0x3186,
  0x001e, 0x31a6,
  0x0006, 0x3186,
  0x0002, 0x31a6,
  0x0004, 0x3186,
  0x0017, 0x31a6,
  0x0001, 0x3186,
  0x0012, 0x31a6,
  0x0004, 0x3186,
  0x0001, 0x31a6,
  0x0002, 0x3186,
  0x0009, 0x31a6,
  0x0003, 0x3186,
  0x0004, 0x31a6,
  0x0003, 0x3186,
  0x0001, 0x31a6,
  0x0006, 0x3186,
  0x0011, 0x31a6,
  0x0001, 0x4a49,
  0x0001, 0x9492,
  0x0003, 0x9cf3,
  0x0002, 0xa513,
  0x0002, 0xa514,
  0x0002, 0xa513,
  0x0002, 0xa514,
  0x0001, 0xa513,
  0x0007, 0xa514,
  0x0002, 0xa513,
  0x0005, 0xa514,
  0x0001, 0x9cf3,
  0x0002, 0xa513,
  0x000f, 0xa514,
  0x0004, 0x9cf3,
  0x0002, 0xa514,
  0x0004, 0x9cf3,
  0x0001, 0xa514,
  0x000a, 0x9cf3,
  0x0001, 0x8410,
  0x0001, 0x39c7,
  0x0003, 0x31a6,
  0x0001, 0x39e7,
  0x0001, 0x7bef,
  0x0001, 0x9cf3,
  0x0006, 0xa514,
  0x0001, 0x9cf3,
  0x0001, 0x8c71,
  0x0001, 0x31a6,
  0x0002, 0x3186,
  0x0001, 0x31a6,
  0x0001, 0x39c6,
  0x0001, 0x6b6d,
  0x0001, 0x4a48,
  0x0002, 0x31a6,
  0x0002, 0x3186,
  0x0001, 0x31a6,
  0x0004, 0x3186,
  0x0029, 0x31a6,
  0x0004, 0x3186,
  0x0003, 0x31a6,
  0x0002, 0x3186,
  0x0003, 0x31a6,
  0x0003, 0x3186,
  0x0004, 0x31a6,
  0x0001, 0x3186,
  0x0005, 0x31a6,
  0x0006, 0x3186,
  0x000d, 0x31a6,
  0x0004, 0x3186,
  0x001e, 0x31a6,
  0x0003, 0x3186,
  0x0005, 0x31a6,
  0x0002, 0x3186,
  0x002e, 0x31a6,
  0x0002, 0x3186,
  0x000a, 0x31a6,
  0x0002, 0x3186,
  0x0007, 0x31a6,
  0x0002, 0x3186,
  0x0001, 0x31a6,
  0x0005, 0x3186,
  0x0010, 0x31a6,
  0x0002, 0x3186,
  0x0001, 0x39e7,
  0x0001, 0x73ae,
  0x0001, 0x9cd2,
  0x0001, 0x9cf3,
  0x0002, 0xa513,
  0x0002, 0x9cf3,
  0x0002, 0xa513,
  0x0002, 0xa514,
  0x0002, 0xa513,
  0x0001, 0xa514,
  0x0001, 0x9cf3,
  0x0001, 0xa514,
  0x0001, 0x9cf3,
  0x0002, 0xa514,
  0x0002, 0xa513,
  0x0001, 0x9cf3,
  0x0002, 0xa514,
  0x0001, 0x9cf3,
  0x0002, 0xa514,
  0x0002, 0xa513,
  0x0003, 0x9cf3,
  0x0004, 0xa514,
  0x0001, 0x9cf3,
  0x0001, 0xa514,
  0x0003, 0x9cf3,
  0x0001, 0x9cf4,
  0x0001, 0xa514,
  0x0015, 0x9cf3,
  0x0001, 0xa513,
  0x0001, 0xa514,
  0x0001, 0x8430,
  0x0001, 0x39e7,
  0x0001, 0x31a6,
  0x0002, 0x3186,
  0x0001, 0x39c7,
  0x0001, 0x8410,
  0x0008, 0xa514,
  0x0001, 0x9492,
  0x0001, 0x4208,
  0x0001, 0x31a6,
  0x0002, 0x3186,
  0x0002, 0x3185,
  0x0001, 0x3186,
  0x0004, 0x31a6,
  0x0003, 0x3186,
  0x0036, 0x31a6,
  0x0001, 0x3186,
  0x0006, 0x31a6,
  0x0001, 0x3186,
  0x0001, 0x31a6,
  0x0005, 0x3186,
  0x0001, 0x31a6,
  0x0003, 0x3186,
  0x000d, 0x31a6,
  0x0006, 0x3186,
  0x001d, 0x31a6,
  0x0003, 0x3186,
  0x0009, 0x31a6,
  0x0002, 0x3186,
  0x0006, 0x31a6,
  0x0001, 0x3186,
  0x001e, 0x31a6,
  0x0001, 0x3186,
  0x0002, 0x31a6,
  0x0006, 0x3186,
  0x0005, 0x31a6,
  0x0005, 0x3186,
  0x0008, 0x31a6,
  0x0004, 0x3186,
  0x0002, 0x31a6,
  0x0003, 0x3186,
  0x000c, 0x31a6,
  0x0001, 0x3186,
  0x0001, 0x31a6,
  0x0003, 0x3186,
  0x0001, 0x31a6,
  0x0001, 0x4228,
  0x0001, 0x6b6d,
  0x0001, 0x8410,
  0x000d, 0x8430,
  0x0001, 0x8c51,
  0x000c, 0x8430,
  0x0001, 0x8c50,
  0x0002, 0x8430,
  0x0002, 0x8c50,
  0x0001, 0x8430,
  0x0001, 0x8c50,
  0x001a, 0x8430,
  0x0002, 0x8c50,
  0x0002, 0x8430,
  0x0001, 0x632c,
  0x0004, 0x31a6,
  0x0001, 0x39e7,
  0x0001, 0x8c50,
  0x0001, 0xa513,
  0x0002, 0xa514,
  0x0004, 0xa513,
  0x0001, 0xa514,
  0x0001, 0x8c71,
  0x0001, 0x4228,
  0x0004, 0x3186,
  0x0001, 0x31a6,
  0x0007, 0x3186,
  0x0001, 0x31a6,
  0x0002, 0x3186,
  0x0025, 0x31a6,
  0x0003, 0x3186,
  0x000b, 0x31a6,
  0x0002, 0x3186,
  0x0006, 0x31a6,
  0x0006, 0x3186,
  0x0001, 0x31a6,
  0x0003, 0x3186,
  0x000d, 0x31a6,
  0x0003, 0x3186,
  0x0001, 0x31a6,
  0x0002, 0x3186,
  0x001c, 0x31a6,
  0x0001, 0x3186,
  0x000c, 0x31a6,
  0x0002, 0x3186,
  0x0002, 0x31a6,
  0x0001, 0x3186,
  0x0021, 0x31a6,
  0x0003, 0x3186,
  0x0001, 0x31a6,
  0x0004, 0x3186,
  0x0002, 0x31a6,
  0x0009, 0x3186,
  0x0008, 0x31a6,
  0x0005, 0x3186,
  0x0002, 0x31a6,
  0x0003, 0x3186,
  0x0012, 0x31a6,
  0x0006, 0x3186,
  0x0004, 0x31a6,
  0x0002, 0x3186,
  0x0015, 0x31a6,
  0x0001, 0x3186,
  0x0005, 0x31a6,
  0x0005, 0x3186,
  0x0002, 0x31a6,
  0x000d, 0x3186,
  0x0005, 0x31a6,
  0x0001, 0x3186,
  0x0004, 0x31a6,
  0x0001, 0x3186,
  0x0002, 0x31a6,
  0x0001, 0x39e7,
  0x0001, 0x840f,
  0x0001, 0x9cf3,
  0x0002, 0xa514,
  0x0003, 0xa513,
  0x0001, 0xa514,
  0x0001, 0x9cf3,
  0x0001, 0x7bef,
  0x0001, 0x4208,
  0x0001, 0x3186,
  0x0003, 0x31a6,
  0x000a, 0x3186,
  0x0025, 0x31a6,
  0x0003, 0x3186,
  0x0007, 0x31a6,
  0x0006, 0x3186,
  0x0001, 0x31a6,
  0x0002, 0x3186,
  0x0001, 0x31a6,
  0x0001, 0x3186,
  0x0001, 0x31a6,
  0x000b, 0x3186,
  0x000d, 0x31a6,
  0x0002, 0x3186,
  0x0004, 0x31a6,
  0x0002, 0x3186,
  0x0015, 0x31a6,
  0x0004, 0x3186,
  0x0002, 0x31a6,
  0x0001, 0x3186,
  0x0008, 0x31a6,
  0x0004, 0x3186,
  0x0002, 0x31a6,
  0x0001, 0x3186,
  0x001f, 0x31a6,
  0x0005, 0x3186,
  0x0001, 0x31a6,
  0x0002, 0x3186,
  0x0001, 0x31a6,
  0x000a, 0x3186,
  0x0006, 0x31a6,
  0x0001, 0x3186,
  0x0003, 0x31a6,
  0x0008, 0x3186,
  0x0002, 0x31a6,
  0x0003, 0x3186,
  0x000d, 0x31a6,
  0x0004, 0x3186,
  0x0001, 0x31a6,
  0x0004, 0x3186,
  0x0002, 0x31a6,
  0x0003, 0x3186,
  0x0001, 0x31a6,
  0x0004, 0x3186,
  0x0001, 0x31a6,
  0x0002, 0x3186,
  0x0001, 0x31a6,
  0x0002, 0x3186,
  0x000a, 0x31a6,
  0x0001, 0x3186,
  0x0001, 0x31a6,
  0x0003, 0x3186,
  0x0001, 0x31a6,
  0x0017, 0x3186,
  0x000b, 0x31a6,
  0x0001, 0x4207,
  0x0001, 0x7bef,
  0x0001, 0x9cf3,
  0x0001, 0xa514,
  0x0003, 0xa513,
  0x0002, 0xa4f4,
  0x0001, 0x9cf3,
  0x0001, 0x7bef,
  0x0001, 0x4a49,
  0x0001, 0x31a6,
  0x000c, 0x3186,
  0x0002, 0x31a6,
  0x0004, 0x3186,
  0x000a, 0x31a6,
  0x0003, 0x3186,
  0x001c, 0x31a6,
  0x0006, 0x3186,
  0x0001, 0x31a6,
  0x0004, 0x3186,
  0x0001, 0x31a6,
  0x000b, 0x3186,
  0x0013, 0x31a6,
  0x0002, 0x3186,
  0x0010, 0x31a6,
  0x0004, 0x3186,
  0x0001, 0x31a6,
  0x0008, 0x3186,
  0x0005, 0x31a6,
  0x0004, 0x3186,
  0x0004, 0x31a6,
  0x0001, 0x3186,
  0x001d, 0x31a6,
  0x0001, 0x31a5,
  0x0004, 0x3186,
  0x0001, 0x31a6,
  0x0001, 0x3186,
  0x0004, 0x31a6,
  0x000e, 0x3186,
  0x0005, 0x31a6,
  0x0009, 0x3186,
  0x0002, 0x31a6,
  0x0003, 0x3186,
  0x000c, 0x31a6,
  0x0017, 0x3186,
  0x0001, 0x31a6,
  0x0002, 0x3186,
  0x0007, 0x31a6,
  0x0002, 0x3186,
  0x0001, 0x31a6,
  0x0001, 0x3186,
  0x0001, 0x31a6,
  0x0003, 0x3186,
  0x0004, 0x31a6,
  0x0015, 0x3186,
  0x0004, 0x31a6,
  0x0001, 0x3186,
  0x0006, 0x31a6,
  0x0001, 0x4228,
  0x0001, 0x7bef,
  0x0001, 0x9cf3,
  0x0001, 0xa514,
  0x0002, 0xa513,
  0x0001, 0xa4f3,
  0x0002, 0xa514,
  0x0001, 0x9cf3,
  0x0001, 0x8410,
  0x0001, 0x4228,
  0x0003, 0x3186,
  0x0002, 0x31a6,
  0x0006, 0x3186,
  0x0002, 0x31a6,
  0x0006, 0x3186,
  0x0009, 0x31a6,
  0x0003, 0x3186,
  0x0014, 0x31a6,
  0x0001, 0x3186,
  0x0002, 0x31a6,
  0x0003, 0x3186,
  0x0001, 0x31a6,
  0x0004, 0x3186,
  0x0001, 0x31a6,
  0x0001, 0x3186,
  0x0002, 0x31a6,
  0x0004, 0x3186,
  0x0001, 0x31a6,
  0x0002, 0x3186,
  0x0001, 0x31a6,
  0x0002, 0x3186,
  0x0001, 0x31a6,
  0x0004, 0x3186,
  0x0010, 0x31a6,
  0x0001, 0x3186,
  0x0003, 0x31a6,
  0x0002, 0x3186,
  0x000f, 0x31a6,
  0x0006, 0x3186,
  0x0003, 0x31a6,
  0x0005, 0x3186,
  0x0005, 0x31a6,
  0x0002, 0x3186,
  0x001a, 0x31a6,
  0x0001, 0x3186,
  0x0003, 0x31a6,
  0x0002, 0x3186,
  0x0002, 0x31a6,
  0x0001, 0x3186,
  0x0001, 0x31a6,
  0x0007, 0x3186,
  0x0001, 0x31a6,
  0x0002, 0x3186,
  0x0001, 0x31a6,
  0x000f, 0x3186,
  0x0003, 0x31a6,
  0x000b, 0x3186,
  0x0010, 0x31a6,
  0x000d, 0x3186,
  0x0002, 0x31a6,
  0x0008, 0x3186,
  0x0001, 0x31a6,
  0x0002, 0x3186,
  0x0002, 0x31a6,
  0x0001, 0x3186,
  0x0004, 0x31a6,
  0x0002, 0x3186,
  0x0003, 0x31a6,
  0x0002, 0x3186,
  0x0005, 0x31a6,
  0x000c, 0x3186,
  0x0002, 0x31a6,
  0x0001, 0x3186,
  0x0001, 0x31a6,
  0x0006, 0x3186,
  0x0003, 0x31a6,
  0x0003, 0x3186,
  0x0005, 0x31a6,
  0x0001, 0x4228,
  0x0001, 0x7bcf,
  0x0001, 0x9cf3,
  0x0006, 0xa514,
  0x0001, 0x9cf3,
  0x0001, 0x8410,
  0x0001, 0x4208,
  0x0001, 0x3186,
  0x0004, 0x31a6,
  0x0002, 0x3186,
  0x0002, 0x31a6,
  0x0002, 0x3186,
  0x0002, 0x31a6,
  0x0002, 0x3186,
  0x0001, 0x31a6,
  0x0002, 0x3186,
  0x0005, 0x31a6,
  0x0001, 0x3186,
  0x0001, 0x31a6,
  0x0004, 0x3186,
  0x0018, 0x31a6,
  0x0005, 0x3186,
  0x0001, 0x31a6,
  0x000d, 0x3186,
  0x0002, 0x31a6,
  0x0003, 0x3186,
  0x0026, 0x31a6,
  0x0008, 0x3186,
  0x0006, 0x31a6,
  0x0002, 0x3186,
  0x0005, 0x31a6,
  0x0001, 0x3186,
  0x001a, 0x31a6,
  0x0002, 0x3186,
  0x000c, 0x31a6,
  0x0004, 0x3186,
  0x0001, 0x31a6,
  0x0004, 0x3186,
  0x0001, 0x31a6,
  0x000b, 0x3186,
  0x0001, 0x31a6,
  0x0001, 0x3186,
  0x0002, 0x31a6,
  0x0005, 0x3186,
  0x0002, 0x31a6,
  0x0005, 0x3186,
  0x000e, 0x31a6,
  0x0001, 0x3186,
  0x0001, 0x31a6,
  0x0002, 0x3186,
  0x0002, 0x31a6,
  0x0013, 0x3186,
  0x0001, 0x31a6,
  0x0003, 0x3186,
  0x0006, 0x31a6,
  0x0002, 0x3186,
  0x0003, 0x31a6,
  0x0002, 0x3186,
  0x0004, 0x31a6,
  0x000d, 0x3186,
  0x0005, 0x31a6,
  0x0002, 0x3186,
  0x0001, 0x31a6,
  0x0002, 0x3186,
  0x0003, 0x31a6,
  0x0003, 0x3186,
  0x0006, 0x31a6,
  0x0001, 0x4208,
  0x0001, 0x7bef,
  0x0001, 0xa513,
  0x0006, 0xa514,
  0x0001, 0x9cf3,
  0x0001, 0x8430,
  0x0001, 0x39e7,
  0x0001, 0x31a6,
  0x0002, 0x3186,
  0x0002, 0x31a6,
  0x0001, 0x3186,
  0x0002, 0x31a6,
  0x0002, 0x3186,
  0x0002, 0x31a6,
  0x0005, 0x3186,
  0x0004, 0x31a6,
  0x0007, 0x3186,
  0x0017, 0x31a6,
  0x0011, 0x3186,
  0x0001, 0x31a6,
  0x0002, 0x3186,
  0x0002, 0x31a6,
  0x0003, 0x3186,
  0x0002, 0x31a6,
  0x0003, 0x3186,
  0x0021, 0x31a6,
  0x0007, 0x3186,
  0x0003, 0x31a6,
  0x0003, 0x3186,
  0x0021, 0x31a6,
  0x0004, 0x3186,
  0x0007, 0x31a6,
  0x0003, 0x3186,
  0x0002, 0x31a6,
  0x0009, 0x3186,
  0x0003, 0x31a6,
  0x0001, 0x3186,
  0x0001, 0x31a6,
  0x0009, 0x3186,
  0x0001, 0x31a6,
  0x0005, 0x3186,
  0x0001, 0x31a6,
  0x0007, 0x3186,
  0x000e, 0x31a6,
  0x0001, 0x3186,
  0x0005, 0x31a6,
  0x0017, 0x3186,
  0x0006, 0x31a6,
  0x0002, 0x3186,
  0x0008, 0x31a6,
  0x000b, 0x3186,
  0x0001, 0x31a6,
  0x0002, 0x3186,
  0x0005, 0x31a6,
  0x0002, 0x3186,
  0x000e, 0x31a6,
  0x0001, 0x3186,
  0x0001, 0x31a6,
  0x0001, 0x4208,
  0x0001, 0x8430,
  0x0001, 0xa513,
  0x0007, 0xa514,
  0x0001, 0x8c51,
  0x0001, 0x31a6,
  0x0003, 0x3186,
  0x0004, 0x31a6,
  0x0002, 0x3186,
  0x0002, 0x31a6,
  0x0004, 0x3186,
  0x0005, 0x31a6,
  0x0008, 0x3186,
  0x0003, 0x31a6,
  0x0002, 0x3186,
  0x0011, 0x31a6,
  0x0014, 0x3186,
  0x0002, 0x31a6,
  0x0002, 0x3186,
  0x0001, 0x31a6,
  0x0004, 0x3186,
  0x0022, 0x31a6,
  0x0004, 0x3186,
  0x0003, 0x31a6,
  0x0001, 0x3186,
  0x0002, 0x31a6,
  0x0002, 0x3186,
  0x0001, 0x31a6,
  0x0004, 0x3186,
  0x0006, 0x31a6,
  0x0001, 0x3186,
  0x0016, 0x31a6,
  0x0009, 0x3186,
  0x0001, 0x31a6,
  0x0004, 0x3186,
  0x0001, 0x31a6,
  0x0005, 0x3186,
  0x0001, 0x31a6,
  0x0002, 0x3186,
  0x0001, 0x31a6,
  0x0005, 0x3186,
  0x0001, 0x31a6,
  0x000a, 0x3186,
  0x0001, 0x31a6,
  0x0001, 0x3186,
  0x0001, 0x31a6,
  0x0003, 0x3186,
  0x0001, 0x31a6,
  0x0002, 0x3186,
  0x0004, 0x31a6,
  0x0001, 0x3186,
  0x0001, 0x31a6,
  0x0003, 0x3186,
  0x000c, 0x31a6,
  0x0019, 0x3186,
  0x0001, 0x31a6,
  0x0002, 0x3186,
  0x0010, 0x31a6,
  0x0008, 0x3186,
  0x0006, 0x31a6,
  0x0001, 0x3186,
  0x0008, 0x31a6,
  0x0001, 0x3186,
  0x0003, 0x31a6,
  0x0002, 0x3186,
  0x0007, 0x31a6,
  0x0001, 0x39e7,
  0x0001, 0x8c51,
  0x0005, 0xa514,
  0x0002, 0xa513,
  0x0001, 0x9cf3,
  0x0001, 0x738d,
  0x0001, 0x3185,
  0x0002, 0x3186,
  0x000b, 0x31a6,
  0x0001, 0x3186,
  0x0003, 0x31a6,
  0x0012, 0x3186,
  0x0010, 0x31a6,
  0x0002, 0x3186,
  0x0002, 0x31a6,
  0x000d, 0x3186,
  0x0001, 0x31a6,
  0x0002, 0x3186,
  0x0001, 0x31a6,
  0x0004, 0x3186,
  0x000e, 0x31a6,
  0x0003, 0x3186,
  0x0013, 0x31a6,
  0x0008, 0x3186,
  0x0002, 0x31a6,
  0x0002, 0x3186,
  0x0001, 0x31a6,
  0x0005, 0x3186,
  0x0001, 0x31a6,
  0x0002, 0x3186,
  0x0003, 0x31a6,
  0x0001, 0x3186,
  0x0013, 0x31a6,
  0x000b, 0x3186,
  0x0001, 0x31a6,
  0x0006, 0x3186,
  0x0001, 0x31a6,
  0x0003, 0x3186,
  0x0001, 0x31a6,
  0x0002, 0x3186,
  0x0001, 0x31a6,
  0x0006, 0x3186,
  0x0001, 0x31a6,
  0x0003, 0x3186,
  0x0001, 0x31a6,
  0x0003, 0x3186,
  0x0007, 0x31a6,
  0x0003, 0x3186,
  0x0005, 0x31a6,
  0x0006, 0x3186,
  0x000b, 0x31a6,
  0x0015, 0x3186,
  0x0002, 0x31a6,
  0x0005, 0x3186,
  0x0010, 0x31a6,
  0x0008, 0x3186,
  0x000f, 0x31a6,
  0x0001, 0x3186,
  0x0003, 0x31a6,
  0x0002, 0x3186,
  0x0008, 0x31a6,
  0x0001, 0x39e7,
  0x0001, 0x8c50,
  0x0001, 0x9cf3,
  0x0002, 0xa514,
  0x0002, 0xa513,
  0x0001, 0xa514,
  0x0001, 0xa513,
  0x0001, 0x9cd3,
  0x0001, 0x39c7,
  0x0007, 0x31a6,
  0x0001, 0x3186,
  0x0001, 0x31a6,
  0x0003, 0x3186,
  0x0001, 0x31a6,
  0x0001, 0x3186,
  0x0005, 0x31a6,
  0x0003, 0x3186,
  0x0002, 0x31a6,
  0x000b, 0x3186,
  0x0011, 0x31a6,
  0x0013, 0x3186,
  0x0001, 0x31a6,
  0x0007, 0x3186,
  0x000b, 0x31a6,
  0x0003, 0x3186,
  0x0015, 0x31a6,
  0x000a, 0x3186,
  0x0004, 0x31a6,
  0x0002, 0x3186,
  0x0001, 0x31a6,
  0x0002, 0x3186,
  0x0001, 0x31a6,
  0x0004, 0x3186,
  0x0012, 0x31a6,
  0x0009, 0x3186,
  0x0003, 0x31a6,
  0x0006, 0x3186,
  0x0002, 0x31a6,
  0x0002, 0x3186,
  0x0002, 0x31a6,
  0x0001, 0x3186,
  0x0005, 0x31a6,
  0x0002, 0x3186,
  0x0001, 0x31a6,
  0x0006, 0x3186,
  0x0001, 0x31a6,
  0x0001, 0x3186,
  0x0007, 0x31a6,
  0x0003, 0x3186,
  0x0001, 0x31a6,
  0x0005, 0x3186,
  0x0003, 0x31a6,
  0x0002, 0x3186,
  0x000c, 0x31a6,
  0x000a, 0x3186,
  0x000b, 0x31a6,
  0x0004, 0x3186,
  0x0011, 0x31a6,
  0x0008, 0x3186,
  0x000f, 0x31a6,
  0x0001, 0x3186,
  0x0003, 0x31a6,
  0x0002, 0x3186,
  0x0009, 0x31a6,
  0x0001, 0x39e7,
  0x0001, 0x7bef,
  0x0001, 0x9cf3,
  0x0001, 0xa514,
  0x0004, 0xa513,
  0x0001, 0x94b2,
  0x0001, 0x39c7,
  0x0006, 0x31a6,
  0x0002, 0x3186,
  0x0001, 0x31a6,
  0x0004, 0x3186,
  0x0005, 0x31a6,
  0x0010, 0x3186,
  0x0011, 0x31a6,
  0x0017, 0x3186,
  0x0003, 0x31a6,
  0x0002, 0x3186,
  0x000b, 0x31a6,
  0x0003, 0x3186,
  0x0001, 0x31a6,
  0x0003, 0x3186,
  0x0014, 0x31a6,
  0x0005, 0x3186,
  0x0006, 0x31a6,
  0x0002, 0x3186,
  0x0001, 0x31a6,
  0x0007, 0x3186,
  0x0013, 0x31a6,
  0x0008, 0x3186,
  0x0001, 0x31a6,
  0x000a, 0x3186,
  0x000a, 0x31a6,
  0x0002, 0x3186,
  0x0002, 0x31a6,
  0x0005, 0x3186,
  0x0007, 0x31a6,
  0x0001, 0x3186,
  0x0002, 0x31a6,
  0x0007, 0x3186,
  0x0003, 0x31a6,
  0x0003, 0x3186,
  0x0009, 0x31a6,
  0x0002, 0x3186,
  0x0001, 0x31a6,
  0x000b, 0x3186,
  0x000b, 0x31a6,
  0x0001, 0x3186,
  0x0001, 0x31a6,
  0x0001, 0x3186,
  0x0011, 0x31a6,
  0x0008, 0x3186,
  0x001f, 0x31a6,
  0x0001, 0x4208,
  0x0001, 0x7bcf,
  0x0001, 0x9cf3,
  0x0003, 0xa514,
  0x0001, 0x9cf3,
  0x0001, 0x738d,
  0x0001, 0x3186,
  0x0001, 0x31a6,
  0x0001, 0x3186,
  0x0004, 0x31a6,
  0x0007, 0x3186,
  0x0005, 0x31a6,
  0x0010, 0x3186,
  0x0012, 0x31a6,
  0x0015, 0x3186,
  0x0001, 0x31a6,
  0x0002, 0x3186,
  0x0004, 0x31a6,
  0x0003, 0x3186,
  0x0007, 0x31a6,
  0x0003, 0x3186,
  0x0001, 0x31a6,
  0x0004, 0x3186,
  0x0014, 0x31a6,
  0x0004, 0x3186,
  0x0006, 0x31a6,
  0x0002, 0x3186,
  0x0001, 0x31a6,
  0x0007, 0x3186,
  0x0014, 0x31a6,
  0x0002, 0x3186,
  0x0001, 0x31a6,
  0x0004, 0x3186,
  0x0001, 0x31a6,
  0x0006, 0x3186,
  0x0001, 0x31a6,
  0x0003, 0x3186,
  0x000a, 0x31a6,
  0x0001, 0x3186,
  0x0003, 0x31a6,
  0x0002, 0x3186,
  0x000e, 0x31a6,
  0x0004, 0x3186,
  0x0001, 0x31a6,
  0x0003, 0x3186,
  0x0001, 0x31a6,
  0x0003, 0x3186,
  0x0006, 0x31a6,
  0x0002, 0x3186,
  0x0001, 0x31a6,
  0x0002, 0x3186,
  0x0001, 0x31a6,
  0x000b, 0x3186,
  0x000f, 0x31a6,
  0x0001, 0x3186,
  0x0009, 0x31a6,
  0x0001, 0x3186,
  0x0005, 0x31a6,
  0x0008, 0x3186,
  0x0011, 0x31a6,
  0x0004, 0x3186,
  0x000b, 0x31a6,
  0x0001, 0x4228,
  0x0001, 0x73ae,
  0x0001, 0x9cd3,
  0x0002, 0x9cf3,
  0x0001, 0x7bef,
  0x0001, 0x4208,
  0x0001, 0x3186,
  0x0005, 0x31a6,
  0x001d, 0x3186,
  0x0013, 0x31a6,
  0x0014, 0x3186,
  0x0001, 0x31a6,
  0x0002, 0x3186,
  0x0004, 0x31a6,
  0x0003, 0x3186,
  0x0007, 0x31a6,
  0x0009, 0x3186,
  0x0018, 0x31a6,
  0x0001, 0x3186,
  0x0004, 0x31a6,
  0x0002, 0x3186,
  0x0001, 0x31a6,
  0x0002, 0x3186,
  0x0001, 0x31a6,
  0x0002, 0x3186,
  0x0001, 0x31a6,
  0x0003, 0x3186,
  0x0010, 0x31a6,
  0x0009, 0x3186,
  0x0001, 0x31a6,
  0x0006, 0x3186,
  0x0001, 0x31a6,
  0x0005, 0x3186,
  0x0019, 0x31a6,
  0x0001, 0x3186,
  0x0001, 0x31a6,
  0x000d, 0x3186,
  0x0001, 0x31a5,
  0x0005, 0x31a6,
  0x0002, 0x3186,
  0x0001, 0x31a6,
  0x0001, 0x3186,
  0x0001, 0x31a6,
  0x000b, 0x3186,
  0x0020, 0x31a6,
  0x0007, 0x3186,
  0x0012, 0x31a6,
  0x0003, 0x3186,
  0x0002, 0x31a6,
  0x0001, 0x3186,
  0x0001, 0x31a6,
  0x0002, 0x3186,
  0x0007, 0x31a6,
  0x0001, 0x39e7,
  0x0001, 0x4a69,
  0x0001, 0x528a,
  0x0001, 0x4a69,
  0x0001, 0x4208,
  0x0007, 0x31a6,
  0x001d, 0x3186,
  0x000c, 0x31a6,
  0x0002, 0x3186,
  0x0001, 0x31a6,
  0x001c, 0x3186,
  0x000d, 0x31a6,
  0x000b, 0x3186,
  0x0005, 0x31a6,
  0x0001, 0x3186,
  0x0010, 0x31a6,
  0x0003, 0x3186,
  0x0003, 0x31a6,
  0x000b, 0x3186,
  0x0001, 0x31a6,
  0x0001, 0x3186,
  0x000e, 0x31a6,
  0x000d, 0x3186,
  0x0001, 0x31a6,
  0x0003, 0x3186,
  0x0001, 0x31a6,
  0x0003, 0x3186,
  0x001c, 0x31a6,
  0x0002, 0x3186,
  0x0003, 0x31a6,
  0x0001, 0x3186,
  0x0002, 0x31a6,
  0x0002, 0x3186,
  0x0008, 0x31a6,
  0x0004, 0x3186,
  0x0002, 0x31a6,
  0x000b, 0x3186,
  0x0020, 0x31a6,
  0x0005, 0x3186,
  0x0003, 0x31a6,
  0x0001, 0x3186,
  0x000b, 0x31a6,
  0x0002, 0x3186,
  0x0003, 0x31a6,
  0x0003, 0x3186,
  0x0002, 0x31a6,
  0x0007, 0x3186,
  0x0011, 0x31a6,
  0x0018, 0x3186,
  0x000c, 0x31a6,
  0x0001, 0x3186,
  0x0003, 0x31a6,
  0x001f, 0x3186,
  0x000d, 0x31a6,
  0x000a, 0x3186,
  0x000c, 0x31a6,
  0x0004, 0x3186,
  0x0004, 0x31a6,
  0x0001, 0x3186,
  0x0009, 0x31a6,
  0x0005, 0x3186,
  0x0002, 0x31a6,
  0x0002, 0x3186,
  0x0001, 0x31a6,
  0x0002, 0x3186,
  0x0001, 0x31a6,
  0x0005, 0x3186,
  0x000a, 0x31a6,
  0x0005, 0x3186,
  0x0002, 0x31a6,
  0x0003, 0x3186,
  0x0001, 0x31a6,
  0x0005, 0x3186,
  0x0012, 0x31a6,
  0x0001, 0x3186,
  0x0002, 0x31a6,
  0x0001, 0x3186,
  0x000a, 0x31a6,
  0x0002, 0x3186,
  0x0005, 0x31a6,
  0x0001, 0x3186,
  0x000c, 0x31a6,
  0x0002, 0x3186,
  0x0002, 0x31a6,
  0x0005, 0x3186,
  0x0002, 0x31a6,
  0x0002, 0x3186,
  0x0029, 0x31a6,
  0x0001, 0x3186,
  0x0010, 0x31a6,
  0x0004, 0x3186,
  0x0001, 0x31a6,
  0x0001, 0x3186,
  0x0003, 0x31a6,
  0x0002, 0x3186,
  0x000f, 0x31a6,
  0x0002, 0x3186,
  0x0002, 0x31a6,
  0x0016, 0x3186,
  0x000f, 0x31a6,
  0x0001, 0x3186,
  0x0004, 0x31a6,
  0x001c, 0x3186,
  0x000f, 0x31a6,
  0x0002, 0x3186,
  0x0002, 0x31a6,
  0x0001, 0x3186,
  0x000c, 0x31a6,
  0x0003, 0x3186,
  0x0001, 0x31a6,
  0x0003, 0x3186,
  0x0003, 0x31a6,
  0x0005, 0x3186,
  0x0008, 0x31a6,
  0x0002, 0x3186,
  0x0001, 0x31a6,
  0x0007, 0x3186,
  0x0001, 0x31a6,
  0x0003, 0x3186,
  0x0002, 0x31a6,
  0x0011, 0x3186,
  0x0001, 0x31a6,
  0x0005, 0x3186,
  0x0002, 0x31a6,
  0x0002, 0x3186,
  0x0011, 0x31a6,
  0x0001, 0x3186,
  0x0007, 0x31a6,
  0x0001, 0x3186,
  0x0001, 0x31a6,
  0x0001, 0x3186,
  0x0001, 0x31a6,
  0x000a, 0x3186,
  0x0006, 0x31a6,
  0x0002, 0x3186,
  0x0003, 0x31a6,
  0x0001, 0x3186,
  0x0001, 0x31a6,
  0x0007, 0x3186,
  0x0026, 0x31a6,
  0x0004, 0x3186,
  0x0001, 0x31a6,
  0x0002, 0x3186,
  0x0001, 0x31a6,
  0x0001, 0x3186,
  0x0009, 0x31a6,
  0x0002, 0x3186,
  0x0002, 0x31a6,
  0x0002, 0x3186,
  0x0002, 0x31a6,
  0x000f, 0x3186,
  0x0007, 0x31a6,
  0x001d, 0x3186,
  0x0010, 0x31a6,
  0x0020, 0x3186,
  0x0014, 0x31a6,
  0x0002, 0x3186,
  0x0005, 0x31a6,
  0x0002, 0x3186,
  0x0003, 0x31a6,
  0x0008, 0x3186,
  0x0001, 0x31a6,
  0x0006, 0x3186,
  0x0006, 0x31a6,
  0x000e, 0x3186,
  0x0001, 0x31a6,
  0x0005, 0x3186,
  0x0001, 0x31a6,
  0x0003, 0x3186,
  0x0002, 0x31a6,
  0x0004, 0x3186,
  0x0001, 0x31a6,
  0x0003, 0x3186,
  0x0002, 0x31a6,
  0x0005, 0x3186,
  0x0001, 0x31a6,
  0x0004, 0x3186,
  0x0010, 0x31a6,
  0x0003, 0x3186,
  0x0007, 0x31a6,
  0x0001, 0x3186,
  0x0001, 0x31a6,
  0x0008, 0x3186,
  0x0008, 0x31a6,
  0x0002, 0x3186,
  0x0002, 0x31a6,
  0x0003, 0x3186,
  0x0001, 0x31a6,
  0x0005, 0x3186,
  0x0027, 0x31a6,
  0x0003, 0x3186,
  0x0001, 0x31a6,
  0x0003, 0x3186,
  0x0001, 0x31a6,
  0x0001, 0x3186,
  0x000a, 0x31a6,
  0x0001, 0x3186,
  0x0002, 0x31a6,
  0x0002, 0x3186,
  0x0001, 0x31a6,
  0x0012, 0x3186,
  0x0003, 0x31a6,
  0x0021, 0x3186,
  0x0001, 0x31a6,
  0x0002, 0x3186,
  0x0009, 0x31a6,
  0x0001, 0x3186,
  0x0001, 0x31a6,
  0x0021, 0x3186,
  0x0004, 0x31a6,
  0x0002, 0x3186,
  0x000a, 0x31a6,
  0x0002, 0x3186,
  0x0001, 0x31a6,
  0x0002, 0x3186,
  0x0002, 0x31a6,
  0x0002, 0x3186,
  0x0002, 0x31a6,
  0x000d, 0x3186,
  0x0002, 0x31a6,
  0x0001, 0x3186,
  0x0002, 0x31a6,
  0x0001, 0x3186,
  0x0006, 0x31a6,
  0x0004, 0x3186,
  0x0001, 0x31a6,
  0x000f, 0x3186,
  0x0001, 0x31a6,
  0x000d, 0x3186,
  0x0002, 0x31a6,
  0x000a, 0x3186,
  0x0011, 0x31a6,
  0x0003, 0x3186,
  0x0004, 0x31a6,
  0x0003, 0x3186,
  0x0001, 0x31a6,
  0x0008, 0x3186,
  0x000a, 0x31a6,
  0x0007, 0x3186,
  0x0001, 0x31a6,
  0x0003, 0x3186,
  0x0027, 0x31a6,
  0x0009, 0x3186,
  0x000e, 0x31a6,
  0x0007, 0x3186,
  0x0002, 0x31a6,
  0x0032, 0x3186,
  0x0009, 0x31a6,
  0x0005, 0x3186,
  0x0001, 0x31a6,
  0x001e, 0x3186,
  0x0003, 0x31a6,
  0x0002, 0x3186,
  0x000a, 0x31a6,
  0x0002, 0x3186,
  0x0002, 0x31a6,
  0x0002, 0x3186,
  0x0002, 0x31a6,
  0x0001, 0x3186,
  0x0003, 0x31a6,
  0x000c, 0x3186,
  0x0005, 0x31a6,
  0x0004, 0x3186,
  0x0006, 0x31a6,
  0x0004, 0x3186,
  0x0001, 0x31a6,
  0x0005, 0x3186,
  0x0001, 0x31a6,
  0x0003, 0x3186,
  0x0004, 0x31a6,
  0x000a, 0x3186,
  0x0001, 0x31a6,
  0x0001, 0x3186,
  0x0003, 0x31a6,
  0x000b, 0x3186,
  0x0012, 0x31a6,
  0x0003, 0x3186,
  0x0003, 0x31a6,
  0x0002, 0x3186,
  0x0001, 0x31a6,
  0x0007, 0x3186,
  0x000b, 0x31a6,
  0x0004, 0x3186,
  0x0001, 0x31a6,
  0x0003, 0x3186,
  0x0027, 0x31a6,
  0x0007, 0x3186,
  0x0002, 0x31a6,
  0x0003, 0x3186,
  0x000e, 0x31a6,
  0x0004, 0x3186,
  0x0001, 0x31a6,
  0x0012, 0x3186,
  0x0001, 0x31a6,
  0x0022, 0x3186,
  0x000b, 0x31a6,
  0x0023, 0x3186,
  0x0001, 0x31a6,
  0x0001, 0x3186,
  0x0011, 0x31a6,
  0x0002, 0x3186,
  0x0001, 0x31a6,
  0x0002, 0x3186,
  0x0002, 0x31a6,
  0x000b, 0x3186,
  0x0005, 0x31a6,
  0x0002, 0x3186,
  0x0002, 0x31a6,
  0x0002, 0x3186,
  0x0006, 0x31a6,
  0x0004, 0x3186,
  0x0001, 0x31a6,
  0x0005, 0x3186,
  0x0001, 0x31a6,
  0x0006, 0x3186,
  0x0006, 0x31a6,
  0x0005, 0x3186,
  0x0001, 0x31a6,
  0x0003, 0x3186,
  0x0001, 0x31a6,
  0x0001, 0x3186,
  0x0003, 0x31a6,
  0x0008, 0x3186,
  0x0012, 0x31a6,
  0x0002, 0x3186,
  0x0001, 0x31a6,
  0x000b, 0x3186,
  0x000e, 0x31a6,
  0x0002, 0x3186,
  0x0002, 0x31a6,
  0x0002, 0x3186,
  0x0027, 0x31a6,
  0x0003, 0x3186,
  0x0001, 0x31a6,
  0x0003, 0x3186,
  0x0002, 0x31a6,
  0x0003, 0x3186,
  0x000f, 0x31a6,
  0x0003, 0x3186,
  0x0001, 0x31a6,
  0x0009, 0x3186,
  0x0001, 0x31a6,
  0x002a, 0x3186,
  0x000b, 0x31a6,
  0x0001, 0x3186,
  0x0001, 0x31a6,
  0x0002, 0x3186,
  0x0002, 0x31a6,
  0x0020, 0x3186,
  0x0005, 0x31a6,
  0x0001, 0x3186,
  0x0012, 0x31a6,
  0x0008, 0x3186,
  0x0008, 0x31a6,
  0x0005, 0x3186,
  0x0001, 0x31a6,
  0x0005, 0x3186,
  0x0006, 0x31a6,
  0x0002, 0x3186,
  0x0001, 0x31a6,
  0x0001, 0x3186,
  0x0002, 0x31a6,
  0x0002, 0x3186,
  0x0001, 0x31a6,
  0x0003, 0x3186,
  0x0008, 0x31a6,
  0x0003, 0x3186,
  0x0001, 0x31a6,
  0x0003, 0x3186,
  0x0001, 0x31a6,
  0x0001, 0x3186,
  0x0001, 0x31a6,
  0x0008, 0x3186,
  0x0014, 0x31a6,
  0x0006, 0x3186,
  0x0001, 0x31a6,
  0x0005, 0x3186,
  0x0010, 0x31a6,
  0x0002, 0x3186,
  0x0001, 0x31a6,
  0x0003, 0x3186,
  0x000d, 0x31a6,
  0x0001, 0x3186,
  0x0003, 0x31a6,
  0x0001, 0x3186,
  0x0016, 0x31a6,
  0x0004, 0x3186,
  0x0001, 0x31a6,
  0x0003, 0x3186,
  0x0019, 0x31a6,
  0x0001, 0x3186,
  0x0007, 0x31a6,
  0x002a, 0x3186,
  0x000f, 0x31a6,
  0x0022, 0x3186,
  0x001b, 0x31a6,
  0x0004, 0x3186,
  0x0009, 0x31a6,
  0x000a, 0x3186,
  0x0010, 0x31a6,
  0x0003, 0x3186,
  0x0007, 0x31a6,
  0x0007, 0x3186,
  0x0001, 0x31a6,
  0x0007, 0x3186,
  0x0017, 0x31a6,
  0x0003, 0x3186,
  0x0001, 0x31a6,
  0x0008, 0x3186,
  0x0010, 0x31a6,
  0x0002, 0x3186,
  0x0001, 0x31a6,
  0x0003, 0x3186,
  0x000d, 0x31a6,
  0x0001, 0x3186,
  0x0019, 0x31a6,
  0x0005, 0x3186,
  0x0001, 0x31a6,
  0x0003, 0x3186,
  0x0019, 0x31a6,
  0x0001, 0x3186,
  0x0006, 0x31a6,
  0x0016, 0x3186,
  0x0001, 0x31a6,
  0x0015, 0x3186,
  0x0013, 0x31a6,
  0x0006, 0x3186,
  0x0001, 0x31a6,
  0x0016, 0x3186,
  0x001a, 0x31a6,
  0x0006, 0x3186,
  0x000b, 0x31a6,
  0x0002, 0x3186,
  0x001f, 0x31a6,
  0x0007, 0x3186,
  0x0002, 0x31a6,
  0x0003, 0x3186,
  0x001a, 0x31a6,
  0x0001, 0x3186,
  0x0002, 0x31a6,
  0x0002, 0x3186,
  0x0003, 0x31a6,
  0x0004, 0x3186,
  0x0013, 0x31a6,
  0x0003, 0x3186,
  0x002a, 0x31a6,
  0x0006, 0x3186,
  0x0019, 0x31a6,
  0x0005, 0x3186,
  0x0001, 0x31a6,
  0x0012, 0x3186,
  0x0001, 0x31a6,
  0x0003, 0x3186,
  0x0005, 0x31a6,
  0x0002, 0x3186,
  0x0007, 0x31a6,
  0x0003, 0x3186,
  0x0003, 0x31a6,
  0x0001, 0x3186,
  0x0017, 0x31a6,
  0x0003, 0x3186,
  0x0001, 0x31a6,
  0x0017, 0x3186,
  0x001e, 0x31a6,
  0x0002, 0x3186,
  0x000c, 0x31a6,
  0x0001, 0x3186,
  0x001f, 0x31a6,
  0x0002, 0x3186,
  0x0002, 0x31a6,
  0x0003, 0x3186,
  0x0001, 0x31a6,
  0x0002, 0x3186,
  0x0019, 0x31a6,
  0x0004, 0x3186,
  0x0002, 0x31a6,
  0x0002, 0x3186,
  0x0002, 0x31a6,
  0x0003, 0x3186,
  0x0014, 0x31a6,
  0x0001, 0x3186,
  0x002b, 0x31a6,
  0x0002, 0x3186,
  0x001f, 0x31a6,
  0x0019, 0x3186,
  0x000c, 0x31a6,
  0x000b, 0x3186,
  0x0006, 0x31a6,
  0x0003, 0x3186,
  0x0004, 0x31a6,
  0x0002, 0x3186,
  0x0008, 0x31a6,
  0x0002, 0x3186,
  0x0002, 0x31a6,
  0x0010, 0x3186,
  0x0002, 0x31a6,
  0x0003, 0x3186,
  0x0001, 0x31a6,
  0x0003, 0x3186,
  0x0001, 0x31a6,
  0x0001, 0x3186,
  0x0018, 0x31a6,
  0x0002, 0x3186,
  0x0001, 0x31a6,
  0x0002, 0x3186,
  0x000c, 0x31a6,
  0x0001, 0x3186,
  0x001f, 0x31a6,
  0x0002, 0x3186,
  0x0001, 0x31a6,
  0x0004, 0x3186,
  0x0001, 0x31a6,
  0x0001, 0x3186,
  0x0021, 0x31a6,
  0x0002, 0x3186,
  0x0001, 0x31a6,
  0x0001, 0x3186,
  0x0016, 0x31a6,
  0x0001, 0x3186,
  0x002c, 0x31a6,
  0x0001, 0x3186,
  0x001f, 0x31a6,
  0x0001, 0x3186,
  0x0001, 0x31a6,
  0x0006, 0x3186,
  0x0001, 0x31a6,
  0x000f, 0x3186,
  0x0012, 0x31a6,
  0x0003, 0x3186,
  0x0001, 0x31a6,
  0x0001, 0x3186,
  0x000e, 0x31a6,
  0x0002, 0x3186,
  0x000c, 0x31a6,
  0x0006, 0x3186,
  0x0001, 0x31a6,
  0x0009, 0x3186,
  0x0002, 0x31a6,
  0x0009, 0x3186,
  0x0018, 0x31a6,
  0x0005, 0x3186,
  0x0004, 0x31a6,
  0x0002, 0x3186,
  0x0010, 0x31a6,
  0x0002, 0x3186,
  0x0014, 0x31a6,
  0x0001, 0x3186,
  0x0002, 0x31a6,
  0x0001, 0x3186,
  0x0001, 0x31a6,
  0x0004, 0x3186,
  0x0001, 0x31a6,
  0x0001, 0x3186,
  0x0022, 0x31a6,
  0x0003, 0x3186,
  0x0055, 0x31a6,
  0x0002, 0x3186,
  0x000a, 0x31a6,
  0x0001, 0x3186,
  0x0001, 0x31a6,
  0x0005, 0x3186,
  0x0002, 0x31a6,
  0x0012, 0x3186,
  0x000e, 0x31a6,
  0x0006, 0x3186,
  0x0007, 0x31a6,
  0x0003, 0x3186,
  0x0004, 0x31a6,
  0x0003, 0x3186,
  0x0008, 0x31a6,
  0x0009, 0x3186,
  0x0001, 0x31a6,
  0x0004, 0x3186,
  0x0002, 0x31a6,
  0x0003, 0x3186,
  0x0002, 0x31a6,
  0x0009, 0x3186,
  0x0018, 0x31a6,
  0x0005, 0x3186,
  0x0004, 0x31a6,
  0x0002, 0x3186,
  0x0007, 0x31a6,
  0x0001, 0x3186,
  0x0003, 0x31a6,
  0x0003, 0x3186,
  0x0002, 0x31a6,
  0x0003, 0x3186,
  0x0018, 0x31a6,
  0x0004, 0x3186,
  0x001a, 0x31a6,
  0x0001, 0x3186,
  0x000a, 0x31a6,
  0x0001, 0x3186,
  0x0056, 0x31a6,
  0x0002, 0x3186,
  0x000a, 0x31a6,
  0x001a, 0x3186,
  0x0011, 0x31a6,
  0x0003, 0x3186,
  0x0005, 0x31a6,
  0x0006, 0x3186,
  0x0005, 0x31a6,
  0x0002, 0x3186,
  0x0006, 0x31a6,
  0x0002, 0x3186,
  0x0001, 0x31a6,
  0x0008, 0x3186,
  0x0001, 0x31a6,
  0x0004, 0x3186,
  0x000a, 0x31a6,
  0x0005, 0x3186,
  0x001d, 0x31a6,
  0x0001, 0x3186,
  0x0004, 0x31a6,
  0x0002, 0x3186,
  0x0007, 0x31a6,
  0x0008, 0x3186,
  0x0001, 0x31a6,
  0x0001, 0x3186,
  0x0001, 0x31a6,
  0x0001, 0x3186,
  0x0017, 0x31a6,
  0x0005, 0x3186,
  0x001c, 0x31a6,
  0x0001, 0x3186,
  0x0003, 0x31a6,
  0x0002, 0x3186,
  0x0001, 0x31a6,
  0x0001, 0x3186,
  0x0001, 0x31a6,
  0x0001, 0x3186,
  0x0056, 0x31a6,
  0x0002, 0x3186,
  0x000a, 0x31a6,
  0x0019, 0x3186,
  0x0012, 0x31a6,
  0x0003, 0x3186,
  0x0005, 0x31a6,
  0x0006, 0x3186,
  0x0005, 0x31a6,
  0x0002, 0x3186,
  0x0006, 0x31a6,
  0x0003, 0x3186,
  0x0002, 0x31a6,
  0x0002, 0x3186,
  0x0002, 0x31a6,
  0x0002, 0x3186,
  0x0002, 0x31a6,
  0x0002, 0x3186,
  0x0005, 0x31a6,
  0x0001, 0x3186,
  0x0002, 0x31a6,
  0x0002, 0x3186,
  0x0001, 0x31a6,
  0x0003, 0x3186,
  0x001f, 0x31a6,
  0x0001, 0x3186,
  0x0004, 0x31a6,
  0x0002, 0x3186,
  0x0002, 0x31a6,
  0x0003, 0x3186,
  0x0002, 0x31a6,
  0x0008, 0x3186,
  0x0001, 0x31a6,
  0x0002, 0x3186,
  0x0018, 0x31a6,
  0x0003, 0x3186,
  0x000e, 0x31a6,
  0x0001, 0x3186,
  0x0001, 0x31a6,
  0x0001, 0x3186,
  0x0006, 0x31a6,
  0x0001, 0x3186,
  0x000a, 0x31a6,
  0x0002, 0x3186,
  0x0001, 0x31a6,
  0x0001, 0x3186,
  0x0001, 0x31a6,
  0x0001, 0x3186,
  0x003f, 0x31a6,
  0x0001, 0x3186,
  0x001b, 0x31a6,
  0x0001, 0x3186,
  0x0006, 0x31a6,
  0x0002, 0x3186,
  0x0002, 0x31a6,
  0x0012, 0x3186,
  0x0001, 0x31a6,
  0x0002, 0x3186,
  0x0012, 0x31a6,
  0x0002, 0x3186,
  0x0007, 0x31a6,
  0x0005, 0x3186,
  0x000f, 0x31a6,
  0x0005, 0x3186,
  0x0001, 0x31a6,
  0x0004, 0x3186,
  0x0002, 0x31a6,
  0x0001, 0x3186,
  0x0008, 0x31a6,
  0x0002, 0x3186,
  0x0002, 0x31a6,
  0x0004, 0x3186,
  0x0022, 0x31a6,
  0x0002, 0x3186,
  0x0003, 0x31a6,
  0x0008, 0x3186,
  0x0008, 0x31a6,
  0x0002, 0x3186,
  0x0019, 0x31a6,
  0x0002, 0x3186,
  0x001f, 0x31a6,
  0x0002, 0x3186,
  0x005f, 0x31a6,
  0x0001, 0x3186,
  0x0006, 0x31a6,
  0x0002, 0x3186,
  0x0002, 0x31a6,
  0x0012, 0x3186,
  0x0016, 0x31a6,
  0x0001, 0x3186,
  0x0008, 0x31a6,
  0x0004, 0x3186,
  0x000f, 0x31a6,
  0x0004, 0x3186,
  0x0002, 0x31a6,
  0x0004, 0x3186,
  0x0002, 0x31a6,
  0x0001, 0x3186,
  0x0009, 0x31a6,
  0x0002, 0x3186,
  0x0003, 0x31a6,
  0x0002, 0x3186,
  0x0022, 0x31a6,
  0x000b, 0x3186,
  0x0046, 0x31a6,
  0x0001, 0x3186,
  0x0007, 0x31a6,
  0x0001, 0x3186,
  0x0058, 0x31a6,
  0x0001, 0x3186,
  0x0006, 0x31a6,
  0x000d, 0x3186,
  0x0001, 0x31a6,
  0x0007, 0x3186,
  0x0032, 0x31a6,
  0x0002, 0x3186,
  0x0001, 0x31a6,
  0x0002, 0x3186,
  0x0012, 0x31a6,
  0x0002, 0x3186,
  0x0003, 0x31a6,
  0x0001, 0x3186,
  0x0023, 0x31a6,
  0x000b, 0x3186,
  0x002f, 0x31a6,
  0x0002, 0x3186,
  0x001b, 0x31a6,
  0x0003, 0x3186,
  0x0058, 0x31a6,
  0x0001, 0x3186,
  0x0007, 0x31a6,
  0x000c, 0x3186,
  0x0002, 0x31a6,
  0x0003, 0x3186,
  0x0001, 0x31a6,
  0x0003, 0x3186,
  0x0001, 0x31a6,
  0x0001, 0x3186,
  0x002b, 0x31a6,
  0x0005, 0x3186,
  0x0002, 0x31a6,
  0x0002, 0x3186,
  0x0010, 0x31a6,
  0x0004, 0x3186,
  0x0003, 0x31a6,
  0x0001, 0x3186,
  0x0007, 0x31a6,
  0x0002, 0x3186,
  0x001b, 0x31a6,
  0x000a, 0x3186,
  0x0024, 0x31a6,
  0x0002, 0x3186,
  0x0009, 0x31a6,
  0x0002, 0x3186,
  0x001a, 0x31a6,
  0x0004, 0x3186,
  0x0058, 0x31a6,
  0x0001, 0x3186,
  0x0009, 0x31a6,
  0x000a, 0x3186,
  0x0002, 0x31a6,
  0x0003, 0x3186,
  0x0001, 0x31a6,
  0x0003, 0x3186,
  0x0001, 0x31a6,
  0x0001, 0x3186,
  0x0016, 0x31a6,
  0x0002, 0x3186,
  0x0012, 0x31a6,
  0x0006, 0x3186,
  0x0002, 0x31a6,
  0x0002, 0x3186,
  0x0010, 0x31a6,
  0x0004, 0x3186,
  0x000b, 0x31a6,
  0x0002, 0x3186,
  0x0004, 0x31a6,
  0x0001, 0x3186,
  0x0018, 0x31a6,
  0x0007, 0x3186,
  0x0026, 0x31a6,
  0x0001, 0x3186,
  0x0006, 0x31a6,
  0x0001, 0x3186,
  0x0011, 0x31a6,
  0x0002, 0x3186,
  0x000b, 0x31a6,
  0x0004, 0x3186,
  0x0063, 0x31a6,
  0x0008, 0x3186,
  0x0005, 0x31a6,
  0x0002, 0x3186,
  0x0001, 0x31a6,
  0x0002, 0x3186,
  0x0002, 0x31a6,
  0x0001, 0x3186,
  0x0001, 0x31a6,
  0x0002, 0x3186,
  0x0012, 0x31a6,
  0x0002, 0x3186,
  0x0011, 0x31a6,
  0x0004, 0x3186,
  0x0002, 0x31a6,
  0x0001, 0x3186,
  0x0004, 0x31a6,
  0x0002, 0x3186,
  0x000e, 0x31a6,
  0x0001, 0x3186,
  0x0001, 0x31a6,
  0x0002, 0x3186,
  0x0004, 0x31a6,
  0x0002, 0x3186,
  0x0005, 0x31a6,
  0x0002, 0x3186,
  0x0004, 0x31a6,
  0x0001, 0x3186,
  0x000b, 0x31a6,
  0x0004, 0x3186,
  0x0008, 0x31a6,
  0x0007, 0x3186,
  0x000b, 0x31a6,
  0x0004, 0x3186,
  0x001e, 0x31a6,
  0x0002, 0x3186,
  0x0007, 0x31a6,
  0x0001, 0x3186,
  0x0007, 0x31a6,
  0x0004, 0x3186,
  0x0008, 0x31a6,
  0x0002, 0x3186,
  0x0001, 0x31a6,
  0x0001, 0x3186,
  0x0001, 0x31a6,
  0x0002, 0x3186,
  0x0001, 0x31a6,
  0x0002, 0x3186,
  0x0060, 0x31a6,
  0x0003, 0x3186,
  0x000a, 0x31a6,
  0x0002, 0x3186,
  0x0001, 0x31a6,
  0x0002, 0x3186,
  0x0004, 0x31a6,
  0x0002, 0x3186,
  0x000f, 0x31a6,
  0x0001, 0x3186,
  0x0002, 0x31a6,
  0x0003, 0x3186,
  0x0010, 0x31a6,
  0x0004, 0x3186,
  0x0007, 0x31a6,
  0x0002, 0x3186,
  0x0004, 0x31a6,
  0x0001, 0x31a5,
  0x000b, 0x31a6,
  0x0002, 0x3186,
  0x0004, 0x31a6,
  0x0002, 0x3186,
  0x0003, 0x31a6,
  0x0004, 0x3186,
  0x0004, 0x31a6,
  0x0001, 0x3186,
  0x000c, 0x31a6,
  0x0003, 0x3186,
  0x0008, 0x31a6,
  0x0007, 0x3186,
  0x0007, 0x31a6,
  0x0001, 0x3186,
  0x0001, 0x31a6,
  0x0008, 0x3186,
  0x0017, 0x31a6,
  0x0002, 0x3186,
  0x0001, 0x31a6,
  0x0004, 0x3186,
  0x0007, 0x31a6,
  0x0001, 0x3186,
  0x0005, 0x31a6,
  0x0001, 0x3186,
  0x0001, 0x31a6,
  0x0002, 0x3186,
  0x0001, 0x31a6,
  0x0001, 0x3186,
  0x0008, 0x31a6,
  0x0002, 0x3186,
  0x0003, 0x31a6,
  0x0002, 0x3186,
  0x0001, 0x31a6,
  0x0002, 0x3186,
  0x006d, 0x31a6,
  0x0002, 0x3186,
  0x0007, 0x31a6,
  0x0002, 0x3186,
  0x0012, 0x31a6,
  0x0003, 0x3186,
  0x001e, 0x31a6,
  0x0001, 0x3186,
  0x0002, 0x31a6,
  0x0002, 0x3186,
  0x000a, 0x31a6,
  0x0002, 0x3186,
  0x0006, 0x31a6,
  0x0009, 0x3186,
  0x0002, 0x31a6,
  0x0001, 0x3186,
  0x0017, 0x31a6,
  0x0002, 0x3186,
  0x0001, 0x31a6,
  0x0004, 0x3186,
  0x0009, 0x31a6,
  0x000b, 0x3186,
  0x0014, 0x31a6,
  0x0007, 0x3186,
  0x000a, 0x31a6,
  0x0001, 0x3186,
  0x0001, 0x31a6,
  0x0002, 0x3186,
  0x0003, 0x31a6,
  0x0001, 0x3186,
  0x000b, 0x31a6,
  0x0002, 0x3186,
  0x0004, 0x31a6,
  0x0003, 0x3186,
  0x000e, 0x31a6,
  0x0001, 0x3186,
  0x003f, 0x31a6,
  0x0001, 0x3186,
  0x000e, 0x31a6,
  0x0001, 0x3186,
  0x000e, 0x31a6,
  0x0003, 0x3186,
  0x0006, 0x31a6,
  0x0003, 0x3186,
  0x0003, 0x31a6,
  0x0001, 0x3186,
  0x000f, 0x31a6,
  0x0001, 0x3186,
  0x001e, 0x31a6,
  0x0004, 0x3186,
  0x0012, 0x31a6,
  0x000e, 0x3186,
  0x0016, 0x31a6,
  0x0002, 0x3186,
  0x0003, 0x31a6,
  0x0003, 0x3186,
  0x0008, 0x31a6,
  0x000b, 0x3186,
  0x0015, 0x31a6,
  0x0002, 0x3186,
  0x0004, 0x31a6,
  0x0002, 0x3186,
  0x001b, 0x31a6,
  0x0005, 0x3186,
  0x0012, 0x31a6,
  0x0001, 0x3186,
  0x0050, 0x31a6,
  0x0003, 0x3186,
  0x000a, 0x31a6,
  0x0003, 0x3186,
  0x0006, 0x31a6,
  0x0003, 0x3186,
  0x0013, 0x31a6,
  0x0001, 0x3186,
  0x000c, 0x31a6,
  0x0001, 0x3186,
  0x0011, 0x31a6,
  0x0004, 0x3186,
  0x000e, 0x31a6,
  0x000d, 0x3186,
  0x0001, 0x31a6,
  0x0001, 0x3186,
  0x0001, 0x31a6,
  0x0002, 0x3186,
  0x0016, 0x31a6,
  0x0007, 0x3186,
  0x0022, 0x31a6,
  0x0001, 0x3186,
  0x001b, 0x31a6,
  0x0002, 0x3186,
  0x000b, 0x31a6,
  0x0004, 0x3186,
  0x0002, 0x31a6,
  0x0002, 0x3186,
  0x000f, 0x31a6,
  0x0001, 0x3186,
  0x002c, 0x31a6,
  0x0001, 0x3186,
  0x0050, 0x31a6,
  0x0002, 0x3186,
  0x000b, 0x31a6,
  0x0002, 0x3186,
  0x0011, 0x31a6,
  0x0003, 0x3186,
  0x000f, 0x31a6,
  0x0001, 0x3186,
  0x0002, 0x31a6,
  0x0009, 0x3186,
  0x0003, 0x31a6,
  0x0001, 0x3186,
  0x005c, 0x31a6,
  0x0002, 0x3186,
  0x000b, 0x31a6,
  0x0004, 0x3186,
  0x0002, 0x31a6,
  0x0002, 0x3186,
  0x000f, 0x31a6,
  0x0001, 0x3186,
  0x0053, 0x31a6,
  0x0001, 0x3186,
  0x0027, 0x31a6,
  0x0001, 0x3186,
  0x0001, 0x31a6,
  0x0004, 0x3186,
  0x0009, 0x31a6,
  0x0002, 0x3186,
  0x0012, 0x31a6,
  0x0001, 0x3186,
  0x0010, 0x31a6,
  0x0001, 0x3186,
  0x0006, 0x31a6,
  0x0005, 0x3186,
  0x004e, 0x31a6,
  0x0002, 0x3186,
  0x0004, 0x31a6,
  0x0002, 0x3186,
  0x000d, 0x31a6,
  0x0001, 0x3186,
  0x000d, 0x31a6,
  0x0001, 0x3186,
  0x0012, 0x31a6,
  0x0001, 0x3186,
  0x002a, 0x31a6,
  0x0001, 0x3186,
  0x0028, 0x31a6,
  0x0001, 0x3186,
  0x0027, 0x31a6,
  0x0001, 0x3186,
  0x0001, 0x31a6,
  0x0004, 0x3186,
  0x002e, 0x31a6,
  0x0001, 0x3186,
  0x0002, 0x31a6,
  0x0001, 0x3186,
  0x0004, 0x31a6,
  0x0001, 0x3186,
  0x0001, 0x31a6,
  0x0002, 0x3186,
  0x0001, 0x31a6,
  0x0001, 0x3186,
  0x004b, 0x31a6,
  0x0004, 0x3186,
  0x0003, 0x31a6,
  0x0002, 0x3186,
  0x000d, 0x31a6,
  0x0002, 0x3186,
  0x001f, 0x31a6,
  0x0001, 0x3186,
  0x0026, 0x31a6,
  0x0001, 0x3186,
  0x0028, 0x31a6,
  0x0005, 0x3186,
  0x0027, 0x31a6,
  0x0008, 0x3186,
  0x001a, 0x31a6,
  0x0001, 0x3186,
  0x0013, 0x31a6,
  0x0002, 0x3186,
  0x0006, 0x31a6,
  0x0002, 0x3186,
  0x004d, 0x31a6,
  0x0002, 0x3186,
  0x0001, 0x31a6,
  0x0002, 0x3186,
  0x0001, 0x31a6,
  0x0003, 0x3186,
  0x000d, 0x31a6,
  0x0002, 0x3186,
  0x0020, 0x31a6,
  0x0001, 0x3186,
  0x004e, 0x31a6,
  0x0001, 0x3186,
  0x0001, 0x31a6,
  0x0003, 0x3186,
  0x0027, 0x31a6,
  0x0009, 0x3186,
  0x0018, 0x31a6,
  0x0002, 0x3186,
  0x0013, 0x31a6,
  0x0002, 0x3186,
  0x0058, 0x31a6,
  0x0002, 0x3186,
  0x0001, 0x31a6,
  0x0002, 0x3186,
  0x000e, 0x31a6,
  0x0002, 0x3186,
  0x0020, 0x31a6,
  0x0001, 0x3186,
  0x0028, 0x31a6,
  0x0001, 0x3186,
  0x0027, 0x31a6,
  0x0002, 0x3186,
  0x001a, 0x31a6,
  0x0001, 0x3186,
  0x000d, 0x31a6,
  0x0003, 0x3186,
  0x0001, 0x31a6,
  0x0005, 0x3186,
  0x0006, 0x31a6,
  0x0002, 0x3186,
  0x0010, 0x31a6,
  0x0002, 0x3186,
  0x00a2, 0x31a6,
  0x0002, 0x3186,
  0x001b, 0x31a6,
  0x0001, 0x3186,
  0x0030, 0x31a6,
  0x0001, 0x3186,
  0x0001, 0x31a6,
  0x0002, 0x3186,
  0x0026, 0x31a6,
  0x0001, 0x3186,
  0x0003, 0x31a6,
  0x0006, 0x3186,
  0x001a, 0x31a6,
  0x0002, 0x3186,
  0x0014, 0x31a6,
  0x0002, 0x3186,
  0x000e, 0x31a6,
  0x0002, 0x3186,
  0x004b, 0x31a6,
  0x0002, 0x3186,
  0x002d, 0x31a6,
  0x0002, 0x3186,
  0x000c, 0x31a6,
  0x0001, 0x3186,
  0x0010, 0x31a6,
  0x0001, 0x3186,
  0x0032, 0x31a6,
  0x0004, 0x3186,
  0x0019, 0x31a6,
  0x0001, 0x3186,
  0x000d, 0x31a6,
  0x0007, 0x3186,
  0x0018, 0x31a6,
  0x0006, 0x3186,
  0x0015, 0x31a6,
  0x0001, 0x3186,
  0x000a, 0x31a6,
  0x0004, 0x3186,
  0x007a, 0x31a6,
  0x0003, 0x3186,
  0x0007, 0x31a6,
  0x0001, 0x3186,
  0x0001, 0x31a6,
  0x0002, 0x3186,
  0x0009, 0x31a6,
  0x000a, 0x3186,
  0x0031, 0x31a6,
  0x0005, 0x3186,
  0x0001, 0x31a6,
  0x0001, 0x3186,
  0x0024, 0x31a6,
  0x0007, 0x3186,
  0x0011, 0x31a6,
  0x0001, 0x3186,
  0x0006, 0x31a6,
  0x0004, 0x3186,
  0x0001, 0x31a6,
  0x0001, 0x3186,
  0x0009, 0x31a6,
  0x0003, 0x3186,
  0x0007, 0x31a6,
  0x0005, 0x3186,
  0x0002, 0x31a6,
  0x0003, 0x3186,
  0x0004, 0x31a6,
  0x0004, 0x3186,
  0x0056, 0x31a6,
  0x0003, 0x3186,
  0x0024, 0x31a6,
  0x0004, 0x3186,
  0x0001, 0x31a6,
  0x0002, 0x3186,
  0x0001, 0x31a6,
  0x0002, 0x3186,
  0x0009, 0x31a6,
  0x000b, 0x3186,
  0x0032, 0x31a6,
  0x0007, 0x3186,
  0x001d, 0x31a6,
  0x0002, 0x3186,
  0x0002, 0x31a6,
  0x0008, 0x3186,
  0x001c, 0x31a6,
  0x0002, 0x3186,
  0x0001, 0x31a6,
  0x0001, 0x3186,
  0x0006, 0x31a6,
  0x0001, 0x3186,
  0x0008, 0x31a6,
  0x0004, 0x3186,
  0x0003, 0x31a6,
  0x0001, 0x3186,
  0x0006, 0x31a6,
  0x0006, 0x3186,
  0x007a, 0x31a6,
  0x0001, 0x3186,
  0x0002, 0x31a6,
  0x0007, 0x3186,
  0x000c, 0x31a6,
  0x000b, 0x3186,
  0x002e, 0x31a6,
  0x0001, 0x3186,
  0x0003, 0x31a6,
  0x0007, 0x3186,
  0x001c, 0x31a6,
  0x0004, 0x3186,
  0x0001, 0x31a6,
  0x0005, 0x3186,
  0x0010, 0x31a6,
  0x0002, 0x3186,
  0x000c, 0x31a6,
  0x0003, 0x3186,
  0x0001, 0x31a6,
  0x0005, 0x3186,
  0x0002, 0x31a6,
  0x0003, 0x3186,
  0x0006, 0x31a6,
  0x0004, 0x3186,
  0x0001, 0x31a6,
  0x0001, 0x3186,
  0x0001, 0x31a6,
  0x0002, 0x3186,
  0x0005, 0x31a6,
  0x0007, 0x3186,
  0x0079, 0x31a6,
  0x0001, 0x3186,
  0x0003, 0x31a6,
  0x0006, 0x3186,
  0x000c, 0x31a6,
  0x0004, 0x3186,
  0x0001, 0x31a6,
  0x0006, 0x3186,
  0x0032, 0x31a6,
  0x0002, 0x3186,
  0x0001, 0x31a6,
  0x0004, 0x3186,
  0x001b, 0x31a6,
  0x0003, 0x3186,
  0x0002, 0x31a6,
  0x0001, 0x3186,
  0x0001, 0x31a6,
  0x0003, 0x3186,
  0x0011, 0x31a6,
  0x0002, 0x3186,
  0x000b, 0x31a6,
  0x0006, 0x3186,
  0x0001, 0x31a6,
  0x0003, 0x3186,
  0x000e, 0x31a6,
  0x0003, 0x3186,
  0x0001, 0x31a6,
  0x0002, 0x3186,
  0x0005, 0x31a6,
  0x0007, 0x3186,
  0x0048, 0x31a6,
  0x0001, 0x3186,
  0x0003, 0x31a6,
  0x0001, 0x3186,
  0x002e, 0x31a6,
  0x0007, 0x3186,
  0x000f, 0x31a6,
  0x000b, 0x3186,
  0x0031, 0x31a6,
  0x0001, 0x3186,
  0x0002, 0x31a6,
  0x0002, 0x3186,
  0x001c, 0x31a6,
  0x0003, 0x3186,
  0x0002, 0x31a6,
  0x0005, 0x3186,
  0x0013, 0x31a6,
  0x0001, 0x3186,
  0x000a, 0x31a6,
  0x000a, 0x3186,
  0x000a, 0x31a6,
  0x0001, 0x3186,
  0x0003, 0x31a6,
  0x0003, 0x3186,
  0x0001, 0x31a6,
  0x0002, 0x3186,
  0x0007, 0x31a6,
  0x0004, 0x3186,
  0x0031, 0x31a6,
  0x0001, 0x3186,
  0x0006, 0x31a6,
  0x0001, 0x3186,
  0x0041, 0x31a6,
  0x0007, 0x3186,
  0x0011, 0x31a6,
  0x000b, 0x3186,
  0x0031, 0x31a6,
  0x0001, 0x3186,
  0x0002, 0x31a6,
  0x0002, 0x3186,
  0x001c, 0x31a6,
  0x0005, 0x3186,
  0x0001, 0x31a6,
  0x0002, 0x3186,
  0x0001, 0x31a6,
  0x0001, 0x3186,
  0x0005, 0x31a6,
  0x0001, 0x3186,
  0x000b, 0x31a6,
  0x0005, 0x3186,
  0x000b, 0x31a6,
  0x0004, 0x3186,
  0x0007, 0x31a6,
  0x0001, 0x3186,
  0x0005, 0x31a6,
  0x0003, 0x3186,
  0x0001, 0x31a6,
  0x0002, 0x3186,
  0x0006, 0x31a6,
  0x0004, 0x3186,
  0x0001, 0x31a6,
  0x0002, 0x3186,
  0x0001, 0x31a6,
  0x0001, 0x3186,
  0x0045, 0x31a6,
  0x0001, 0x3186,
  0x0002, 0x31a6,
  0x0002, 0x3186,
  0x0030, 0x31a6,
  0x0003, 0x3186,
  0x0002, 0x31a6,
  0x0002, 0x3186,
  0x0011, 0x31a6,
  0x000b, 0x3186,
  0x0013, 0x31a6,
  0x0002, 0x3186,
  0x001e, 0x31a6,
  0x0001, 0x3186,
  0x0020, 0x31a6,
  0x0002, 0x3186,
  0x0003, 0x31a6,
  0x0003, 0x3186,
  0x0004, 0x31a6,
  0x0002, 0x3186,
  0x000b, 0x31a6,
  0x0002, 0x3186,
  0x0001, 0x31a6,
  0x0002, 0x3186,
  0x0012, 0x31a6,
  0x0002, 0x3186,
  0x0008, 0x31a6,
  0x0003, 0x3186,
  0x000c, 0x31a6,
  0x0001, 0x3186,
  0x0003, 0x31a6,
  0x0001, 0x3186,
  0x0044, 0x31a6,
  0x0003, 0x3186,
  0x0052, 0x31a6,
  0x0002, 0x3186,
  0x0001, 0x31a6,
  0x0002, 0x3186,
  0x0012, 0x31a6,
  0x0001, 0x3186,
  0x0044, 0x31a6,
  0x0002, 0x3186,
  0x0012, 0x31a6,
  0x0002, 0x3186,
  0x0003, 0x31a6,
  0x0004, 0x3186,
  0x0016, 0x31a6,
  0x0003, 0x3186,
  0x0015, 0x31a6,
  0x0001, 0x3186,
  0x0043, 0x31a6,
  0x0002, 0x3186,
  0x0014, 0x31a6,
  0x0002, 0x3186,
  0x0039, 0x31a6,
  0x0003, 0x3186,
  0x0001, 0x31a6,
  0x0002, 0x3186,
  0x0058, 0x31a6,
  0x0002, 0x3186,
  0x0002, 0x31a6,
  0x0006, 0x3186,
  0x000d, 0x31a6,
  0x0004, 0x3186,
  0x001c, 0x31a6,
  0x0002, 0x3186,
  0x000e, 0x31a6,
  0x0001, 0x3186,
  0x0001, 0x31a6,
  0x0003, 0x3186,
  0x003a, 0x31a6,
  0x0001, 0x3186,
  0x000a, 0x31a6,
  0x0002, 0x3186,
  0x0001, 0x31a6,
  0x0003, 0x3186,
  0x0010, 0x31a6,
  0x0001, 0x3186,
  0x003e, 0x31a6,
  0x0002, 0x3186,
  0x0057, 0x31a6,
  0x0004, 0x3186,
  0x0003, 0x31a6,
  0x0004, 0x3186,
  0x0001, 0x31a6,
  0x0004, 0x3186,
  0x0005, 0x31a6,
  0x0005, 0x3186,
  0x0001, 0x31a6,
  0x0001, 0x3186,
  0x001c, 0x31a6,
  0x0004, 0x3186,
  0x0010, 0x31a6,
  0x0003, 0x3186,
  0x0009, 0x31a6,
  0x0001, 0x3186,
  0x0015, 0x31a6,
  0x0001, 0x3186,
  0x0023, 0x31a6,
  0x0006, 0x3186,
  0x0051, 0x31a6,
  0x0007, 0x3186,
  0x0051, 0x31a6,
  0x0003, 0x3186,
  0x0004, 0x31a6,
  0x0003, 0x3186,
  0x0001, 0x31a6,
  0x0005, 0x3186,
  0x0004, 0x31a6,
  0x0006, 0x3186,
  0x0017, 0x31a6,
  0x0002, 0x3186,
  0x0005, 0x31a6,
  0x0003, 0x3186,
  0x000d, 0x31a6,
  0x0006, 0x3186,
  0x0009, 0x31a6,
  0x0002, 0x3186,
  0x0037, 0x31a6,
  0x0007, 0x3186,
  0x0002, 0x31a6,
  0x0001, 0x3186,
  0x004e, 0x31a6,
  0x0007, 0x3186,
  0x0056, 0x31a6,
  0x0005, 0x3186,
  0x0001, 0x31a6,
  0x0001, 0x3186,
  0x0002, 0x31a6,
  0x0002, 0x3186,
  0x0004, 0x31a6,
  0x0003, 0x3186,
  0x0001, 0x31a6,
  0x0002, 0x3186,
  0x0017, 0x31a6,
  0x0001, 0x3186,
  0x0006, 0x31a6,
  0x0001, 0x3186,
  0x000f, 0x31a6,
  0x0007, 0x3186,
  0x0008, 0x31a6,
  0x0002, 0x3186,
  0x0036, 0x31a6,
  0x0003, 0x3186,
  0x0001, 0x31a6,
  0x0004, 0x3186,
  0x0001, 0x31a6,
  0x0002, 0x3186,
  0x000f, 0x31a6,
  0x0002, 0x3186,
  0x003f, 0x31a6,
  0x0004, 0x3186,
  0x0057, 0x31a6,
  0x0003, 0x3186,
  0x0003, 0x31a6,
  0x0001, 0x3186,
  0x0002, 0x31a6,
  0x0002, 0x3186,
  0x0004, 0x31a6,
  0x0003, 0x3186,
  0x0001, 0x31a6,
  0x0002, 0x3186,
  0x001a, 0x31a6,
  0x0001, 0x3186,
  0x0017, 0x31a6,
  0x0003, 0x3186,
  0x0008, 0x31a6,
  0x0002, 0x3186,
  0x0036, 0x31a6,
  0x0003, 0x3186,
  0x0001, 0x31a6,
  0x0008, 0x3186,
  0x000d, 0x31a6,
  0x0004, 0x3186,
  0x003e, 0x31a6,
  0x0004, 0x3186,
  0x0056, 0x31a6,
  0x0004, 0x3186,
  0x0004, 0x31a6,
  0x0001, 0x3186,
  0x003c, 0x31a6,
  0x0003, 0x3186,
  0x0001, 0x31a6,
  0x0002, 0x3186,
  0x002b, 0x31a6,
  0x0001, 0x3186,
  0x0014, 0x31a6,
  0x0001, 0x3186,
  0x0007, 0x31a6,
  0x0003, 0x3186,
  0x000e, 0x31a6,
  0x0002, 0x3186,
  0x0040, 0x31a6,
  0x0006, 0x3186,
  0x0023, 0x31a6,
  0x0001, 0x3186,
  0x002f, 0x31a6,
  0x0006, 0x3186,
  0x000e, 0x31a6,
  0x0001, 0x3186,
  0x0003, 0x31a6,
  0x0001, 0x3186,
  0x002c, 0x31a6,
  0x0004, 0x3186,
  0x0009, 0x31a6,
  0x0001, 0x3186,
  0x0028, 0x31a6,
  0x0001, 0x3186,
  0x0014, 0x31a6,
  0x0005, 0x3186,
  0x0013, 0x31a6,
  0x0003, 0x3186,
  0x0033, 0x31a6,
  0x0001, 0x3186,
  0x0007, 0x31a6,
  0x000b, 0x3186,
  0x0050, 0x31a6,
  0x0005, 0x3186,
  0x000e, 0x31a6,
  0x0002, 0x3186,
  0x000e, 0x31a6,
  0x0002, 0x3186,
  0x000b, 0x31a6,
  0x0002, 0x3186,
  0x0013, 0x31a6,
  0x0002, 0x3186,
  0x0001, 0x31a6,
  0x0002, 0x3186,
  0x0007, 0x31a6,
  0x0002, 0x3186,
  0x0027, 0x31a6,
  0x0001, 0x3186,
  0x0014, 0x31a6,
  0x0005, 0x3186,
  0x0013, 0x31a6,
  0x0001, 0x3186,
  0x003d, 0x31a6,
  0x0006, 0x3186,
  0x0058, 0x31a6,
  0x0002, 0x3186,
  0x000f, 0x31a6,
  0x0002, 0x3186,
  0x000d, 0x31a6,
  0x0001, 0x3186,
  0x0002, 0x31a6,
  0x0001, 0x3186,
  0x001c, 0x31a6,
  0x0001, 0x3186,
  0x0004, 0x31a6,
  0x0002, 0x3186,
  0x0006, 0x31a6,
  0x0003, 0x3186,
  0x003c, 0x31a6,
  0x0005, 0x3186,
  0x0013, 0x31a6,
  0x0002, 0x3186,
  0x0005, 0x31a6,
  0x0001, 0x3186,
  0x002f, 0x31a6,
  0x0002, 0x3186,
  0x0006, 0x31a6,
  0x0005, 0x3186,
  0x0001, 0x31a6,
  0x0001, 0x3186,
  0x0067, 0x31a6,
  0x0002, 0x3186,
  0x0010, 0x31a6,
  0x0001, 0x3186,
  0x0009, 0x31a6,
  0x0002, 0x3186,
  0x0011, 0x31a6,
  0x0001, 0x3186,
  0x000c, 0x31a6,
  0x0003, 0x3186,
  0x0025, 0x31a6,
  0x0001, 0x3186,
  0x0014, 0x31a6,
  0x0003, 0x3186,
  0x0001, 0x31a6,
  0x0002, 0x3186,
  0x0014, 0x31a6,
  0x0002, 0x3186,
  0x0004, 0x31a6,
  0x0002, 0x3186,
  0x0003, 0x31a6,
  0x0001, 0x3186,
  0x002b, 0x31a6,
  0x0004, 0x3186,
  0x0002, 0x31a6,
  0x0003, 0x3186,
  0x0002, 0x31a6,
  0x0002, 0x3186,
  0x0001, 0x31a6,
  0x0001, 0x3186,
  0x0077, 0x31a6,
  0x0001, 0x31a5,
  0x000b, 0x31a6,
  0x0002, 0x3186,
  0x0011, 0x31a6,
  0x0001, 0x3186,
  0x000c, 0x31a6,
  0x0003, 0x3186,
  0x003a, 0x31a6,
  0x0007, 0x3186,
  0x0001, 0x31a5,
  0x0018, 0x31a6,
  0x0002, 0x3186,
  0x0002, 0x31a6,
  0x0002, 0x3186,
  0x002a, 0x31a6,
  0x000a, 0x3186,
  0x0005, 0x31a6,
  0x0001, 0x3186,
  0x0077, 0x31a6,
  0x0001, 0x3186,
  0x000b, 0x31a6,
  0x0002, 0x3186,
  0x001e, 0x31a6,
  0x0003, 0x3186,
  0x003c, 0x31a6,
  0x0002, 0x3186,
  0x0002, 0x31a6,
  0x0002, 0x3186,
  0x001a, 0x31a6,
  0x0004, 0x3186,
  0x002a, 0x31a6,
  0x000a, 0x3186,
  0x0024, 0x31a6,
  0x0001, 0x3186,
  0x0058, 0x31a6,
  0x0001, 0x3186,
  0x001f, 0x31a6,
  0x0001, 0x3186,
  0x000c, 0x31a6,
  0x0002, 0x3186,
  0x005c, 0x31a6,
  0x0004, 0x3186,
  0x0028, 0x31a6,
  0x0001, 0x31a5,
  0x0001, 0x3186,
  0x0001, 0x31a6,
  0x0009, 0x3186,
  0x0004, 0x31a6,
  0x0001, 0x3186,
  0x0019, 0x31a6,
  0x0001, 0x3186,
  0x000f, 0x31a6,
  0x0001, 0x3186,
  0x006e, 0x31a6,
  0x0001, 0x3186,
  0x000c, 0x31a6,
  0x0001, 0x3186,
  0x0010, 0x31a6,
  0x0001, 0x3186,
  0x0004, 0x31a6,
  0x0001, 0x3186,
  0x0006, 0x31a6,
  0x0001, 0x3186,
  0x003f, 0x31a6,
  0x0006, 0x3186,
  0x0026, 0x31a6,
  0x0004, 0x3186,
  0x0001, 0x31a6,
  0x0006, 0x3186,
  0x0003, 0x31a6,
  0x0001, 0x3186,
  0x00a2, 0x31a6,
  0x0001, 0x3186,
  0x005d, 0x31a6,
  0x0003, 0x3186,
  0x0002, 0x31a6,
  0x0003, 0x3186,
  0x0002, 0x31a6,
  0x0003, 0x3186,
  0x0024, 0x31a6,
  0x0001, 0x3186,
  0x0006, 0x31a6,
  0x0004, 0x3186,
  0x00a1, 0x31a6,
  0x0002, 0x3186,
  0x0006, 0x31a6,
  0x0001, 0x3186,
  0x0002, 0x31a6,
  0x0002, 0x3186,
  0x0056, 0x31a6,
  0x0003, 0x3186,
  0x0003, 0x31a6,
  0x0006, 0x3186,
  0x0028, 0x31a6,
  0x0007, 0x3186,
  0x0006, 0x31a6,
  0x0001, 0x3186,
  0x008a, 0x31a6,
  0x0002, 0x3186,
  0x000e, 0x31a6,
  0x0003, 0x3186,
  0x0009, 0x31a6,
  0x0002, 0x3186,
  0x000b, 0x31a6,
  0x0001, 0x3186,
  0x0001, 0x31a6,
  0x0001, 0x3186,
  0x0002, 0x31a6,
  0x0001, 0x3186,
  0x0034, 0x31a6,
  0x0002, 0x3186,
  0x0006, 0x31a6,
  0x0002, 0x3186,
  0x0005, 0x31a6,
  0x0001, 0x3186,
  0x0002, 0x31a6,
  0x0001, 0x3186,
  0x0002, 0x31a6,
  0x0006, 0x3186,
  0x0001, 0x31a6,
  0x0002, 0x3186,
  0x001a, 0x31a6,
  0x0002, 0x3186,
  0x0009, 0x31a6,
  0x0001, 0x3186,
  0x0001, 0x31a6,
  0x0007, 0x3186,
  0x006f, 0x31a6,
  0x0001, 0x3186,
  0x0021, 0x31a6,
  0x0002, 0x3186,
  0x0015, 0x31a6,
  0x0001, 0x3186,
  0x004b, 0x31a6,
  0x0002, 0x3186,
  0x0006, 0x31a6,
  0x0006, 0x3186,
  0x0001, 0x31a6,
  0x0006, 0x3186,
  0x0004, 0x31a6,
  0x0002, 0x3186,
  0x0001, 0x31a6,
  0x0002, 0x3186,
  0x001a, 0x31a6,
  0x0002, 0x3186,
  0x0009, 0x31a6,
  0x0002, 0x3186,
  0x0001, 0x31a6,
  0x0002, 0x3186,
  0x0001, 0x31a6,
  0x0004, 0x3186,
  0x0090, 0x31a6,
  0x0002, 0x3186,
  0x0015, 0x31a6,
  0x0001, 0x3186,
  0x0002, 0x31a6,
  0x0003, 0x3186,
  0x0015, 0x31a6,
  0x0001, 0x3186,
  0x0038, 0x31a6,
  0x0006, 0x3186,
  0x0001, 0x31a6,
  0x0006, 0x3186,
  0x002e, 0x31a6,
  0x0002, 0x3186,
  0x0001, 0x31a6,
  0x0002, 0x3186,
  0x0001, 0x31a6,
  0x0006, 0x3186,
  0x008e, 0x31a6,
  0x0002, 0x3186,
  0x000c, 0x31a6,
  0x0001, 0x3186,
  0x000c, 0x31a6,
  0x0002, 0x3186,
  0x004e, 0x31a6,
  0x0006, 0x3186,
  0x0001, 0x31a6,
  0x0006, 0x3186,
  0x002b, 0x31a6,
  0x0002, 0x3186,
  0x0002, 0x31a6,
  0x0001, 0x3186,
  0x0001, 0x31a6,
  0x0002, 0x3186,
  0x0004, 0x31a6,
  0x0003, 0x3186,
  0x009c, 0x31a6,
  0x0001, 0x3186,
  0x000c, 0x31a6,
  0x0002, 0x3186,
  0x004e, 0x31a6,
  0x0006, 0x3186,
  0x0001, 0x31a6,
  0x0002, 0x3186,
  0x0002, 0x31a6,
  0x0003, 0x3186,
  0x002a, 0x31a6,
  0x0002, 0x3186,
  0x0002, 0x31a6,
  0x0001, 0x3186,
  0x0003, 0x31a6,
  0x0001, 0x3186,
  0x0003, 0x31a6,
  0x0003, 0x3186,
  0x0001, 0x31a6,
  0x0002, 0x3186,
  0x0099, 0x31a6,
  0x0002, 0x3186,
  0x0007, 0x31a6,
  0x0001, 0x3186,
  0x0003, 0x31a6,
  0x0002, 0x3186,
  0x000b, 0x31a6,
  0x0001, 0x3186,
  0x000b, 0x31a6,
  0x0001, 0x3186,
  0x0027, 0x31a6,
  0x0001, 0x3186,
  0x0010, 0x31a6,
  0x0001, 0x3186,
  0x0008, 0x31a6,
  0x0003, 0x3186,
  0x0027, 0x31a6,
  0x0002, 0x3186,
  0x0003, 0x31a6,
  0x0002, 0x3186,
  0x0006, 0x31a6,
  0x0002, 0x3186,
  0x0004, 0x31a6,
  0x0002, 0x3186,
  0x0004, 0x31a6,
  0x0001, 0x3186,
  0x0003, 0x31a6,
  0x0001, 0x3186,
  0x0077, 0x31a6,
  0x0001, 0x3186,
  0x004d, 0x31a6,
  0x0002, 0x3186,
  0x0025, 0x31a6,
  0x0001, 0x3186,
  0x0002, 0x31a6,
  0x0001, 0x3186,
  0x0008, 0x31a6,
  0x0001, 0x3186,
  0x000e, 0x31a6,
  0x0001, 0x3186,
  0x001a, 0x31a6,
  0x0016, 0x3186,
  0x0008, 0x31a6,
  0x0002, 0x3186,
  0x00c8, 0x31a6,
  0x0003, 0x3186,
  0x0016, 0x31a6,
  0x0002, 0x3186,
  0x0002, 0x31a6,
  0x0003, 0x3186,
  0x0002, 0x31a6,
  0x0001, 0x3186,
  0x002c, 0x31a6,
  0x0001, 0x3186,
  0x0004, 0x31a6,
  0x0001, 0x3186,
  0x0003, 0x31a6,
  0x0016, 0x3186,
  0x0007, 0x31a6,
  0x0003, 0x3186,
  0x009e, 0x31a6,
  0x0001, 0x3186,
  0x0004, 0x31a6,
  0x0001, 0x3186,
  0x0005, 0x31a6,
  0x0003, 0x3186,
  0x0013, 0x31a6,
  0x0003, 0x3186,
  0x0004, 0x31a6,
  0x0005, 0x3186,
  0x0002, 0x31a6,
  0x0001, 0x3186,
  0x0006, 0x31a6,
  0x0001, 0x3186,
  0x000c, 0x31a6,
  0x0002, 0x3186,
  0x0002, 0x31a6,
  0x0005, 0x3186,
  0x0013, 0x31a6,
  0x0001, 0x3186,
  0x0016, 0x31a6,
  0x0002, 0x3186,
  0x0001, 0x31a6,
  0x0001, 0x3186,
  0x0002, 0x31a6,
  0x0003, 0x3186,
  0x0003, 0x31a6,
  0x001b, 0x3186,
  0x0002, 0x31a6,
  0x0005, 0x3186,
  0x0012, 0x31a6,
  0x0002, 0x3186,
  0x0024, 0x31a6,
  0x0002, 0x3186,
  0x0021, 0x31a6,
  0x0004, 0x3186,
  0x0030, 0x31a6,
  0x0002, 0x3186,
  0x000b, 0x31a6,
  0x0001, 0x3186,
  0x000a, 0x31a6,
  0x0003, 0x3186,
  0x0006, 0x31a6,
  0x0001, 0x3186,
  0x0001, 0x31a6,
  0x0001, 0x3186,
  0x0008, 0x31a6,
  0x0001, 0x3186,
  0x0001, 0x31a6,
  0x0003, 0x3186,
  0x0004, 0x31a6,
  0x0005, 0x3186,
  0x0005, 0x31a6,
  0x0003, 0x3186,
  0x0001, 0x31a6,
  0x0001, 0x3186,
  0x000a, 0x31a6,
  0x000b, 0x3186,
  0x0013, 0x31a6,
  0x0003, 0x3186,
  0x0002, 0x31a6,
  0x0003, 0x3186,
  0x000d, 0x31a6,
  0x0006, 0x3186,
  0x0002, 0x31a6,
  0x0003, 0x3186,
  0x0002, 0x31a6,
  0x0023, 0x3186,
  0x000c, 0x31a6,
  0x0004, 0x3186,
  0x0001, 0x31a6,
  0x0006, 0x3186,
  0x0021, 0x31a6,
  0x0001, 0x3186,
  0x0002, 0x31a6,
  0x0006, 0x3186,
  0x0016, 0x31a6,
  0x0001, 0x3186,
  0x0003, 0x31a6,
  0x0005, 0x3186,
  0x000f, 0x31a6,
  0x0001, 0x3186,
  0x0005, 0x31a6,
  0x0001, 0x3186,
  0x0018, 0x31a6,
  0x0003, 0x3186,
  0x0003, 0x31a6,
  0x0004, 0x3186,
  0x000c, 0x31a6,
  0x0001, 0x3186,
  0x0014, 0x31a6,
  0x0003, 0x3186,
  0x0002, 0x31a6,
  0x0003, 0x3186,
  0x0001, 0x31a6,
  0x0007, 0x3186,
  0x0005, 0x31a6,
  0x0003, 0x3186,
  0x0001, 0x31a6,
  0x0004, 0x3186,
  0x0007, 0x31a6,
  0x000c, 0x3186,
  0x0012, 0x31a6,
  0x0003, 0x3186,
  0x0002, 0x31a6,
  0x0003, 0x3186,
  0x000d, 0x31a6,
  0x000b, 0x3186,
  0x0002, 0x31a6,
  0x0024, 0x3186,
  0x000b, 0x31a6,
  0x0004, 0x3186,
  0x0001, 0x31a6,
  0x0006, 0x3186,
  0x0024, 0x31a6,
  0x0006, 0x3186,
  0x0014, 0x31a6,
  0x0003, 0x3186,
  0x0001, 0x31a6,
  0x0007, 0x3186,
  0x000f, 0x31a6,
  0x0001, 0x3186,
  0x0001, 0x31a6,
  0x0001, 0x3186,
  0x0001, 0x31a6,
  0x0001, 0x3186,
  0x0001, 0x31a6,
  0x0001, 0x3186,
  0x0018, 0x31a6,
  0x0002, 0x3186,
  0x0003, 0x31a6,
  0x0009, 0x3186,
  0x0008, 0x31a6,
  0x0003, 0x3186,
  0x0011, 0x31a6,
  0x0004, 0x3186,
  0x0002, 0x31a6,
  0x000a, 0x3186,
  0x0002, 0x31a6,
  0x0002, 0x3186,
  0x0004, 0x31a6,
  0x0001, 0x3186,
  0x0002, 0x31a6,
  0x0003, 0x3186,
  0x0005, 0x31a6,
  0x000e, 0x3186,
  0x0015, 0x31a6,
  0x0001, 0x3186,
  0x0004, 0x31a6,
  0x0002, 0x3186,
  0x000c, 0x31a6,
  0x000c, 0x3186,
  0x0002, 0x31a6,
  0x001a, 0x3186,
  0x0001, 0x31a6,
  0x0007, 0x3186,
  0x000b, 0x31a6,
  0x0004, 0x3186,
  0x0001, 0x31a6,
  0x0005, 0x3186,
  0x0010, 0x31a6,
  0x0002, 0x3186,
  0x0004, 0x31a6,
  0x0003, 0x3186,
  0x0005, 0x31a6,
  0x0002, 0x3186,
  0x0001, 0x31a6,
  0x0002, 0x3186,
  0x0002, 0x31a6,
  0x0006, 0x3186,
  0x0014, 0x31a6,
  0x0003, 0x3186,
  0x0001, 0x31a6,
  0x0006, 0x3186,
  0x0001, 0x31a6,
  0x0001, 0x3186,
  0x0010, 0x31a6,
  0x0003, 0x3186,
  0x0002, 0x31a6,
  0x0002, 0x3186,
  0x0014, 0x31a6,
  0x0001, 0x3186,
  0x0003, 0x31a6,
  0x000c, 0x3186,
  0x0004, 0x31a6,
  0x0007, 0x3186,
  0x0014, 0x31a6,
  0x0001, 0x3186,
  0x0002, 0x31a6,
  0x0004, 0x3186,
  0x0001, 0x31a6,
  0x000a, 0x3186,
  0x0002, 0x31a6,
  0x0001, 0x3186,
  0x0002, 0x31a6,
  0x0004, 0x3186,
  0x0005, 0x31a6,
  0x000a, 0x3186,
  0x0002, 0x31a6,
  0x0004, 0x3186,
  0x0009, 0x31a6,
  0x0001, 0x3186,
  0x0004, 0x31a6,
  0x0002, 0x3186,
  0x0003, 0x31a6,
  0x0001, 0x3186,
  0x0004, 0x31a6,
  0x0003, 0x3186,
  0x000b, 0x31a6,
  0x000c, 0x3186,
  0x0001, 0x31a6,
  0x000e, 0x3186,
  0x0001, 0x31a6,
  0x0013, 0x3186,
  0x000c, 0x31a6,
  0x0004, 0x3186,
  0x0001, 0x31a6,
  0x0003, 0x3186,
  0x0003, 0x31a6,
  0x0001, 0x3186,
  0x000e, 0x31a6,
  0x0004, 0x3186,
  0x0002, 0x31a6,
  0x0003, 0x3186,
  0x0005, 0x31a6,
  0x0005, 0x3186,
  0x0003, 0x31a6,
  0x0006, 0x3186,
  0x0013, 0x31a6,
  0x0003, 0x3186,
  0x0001, 0x31a6,
  0x000b, 0x3186,
  0x000d, 0x31a6,
  0x0004, 0x3186,
  0x0001, 0x31a6,
  0x0005, 0x3186,
  0x0014, 0x31a6,
  0x000b, 0x3186,
  0x0002, 0x31a6
};
static constexpr size_t NO_STREAM_PLACEHOLDER_RLE_WORDS = sizeof(NO_STREAM_PLACEHOLDER_RLE)/sizeof(NO_STREAM_PLACEHOLDER_RLE[0]);


class BitReader {
 public:
  BitReader(const uint8_t *data, size_t bits) : data_(data), bits_(bits) {}
  bool read(unsigned n, uint32_t &value) {
    if (n > 32 || pos_ + n > bits_) return false;
    value = 0;
    for (unsigned i = 0; i < n; i++) {
      value = (value << 1) | ((data_[(pos_ + i) >> 3] >> (7 - ((pos_ + i) & 7))) & 1U);
    }
    pos_ += n;
    return true;
  }
 private:
  const uint8_t *data_;
  size_t bits_;
  size_t pos_{0};
};

static const int JPEG_LUMA_Q[64] = {
    16,11,10,16,24,40,51,61, 12,12,14,19,26,58,60,55, 14,13,16,24,40,57,69,56, 14,17,22,29,51,87,80,62,
    18,22,37,56,68,109,103,77, 24,35,55,64,81,104,113,92, 49,64,78,87,103,121,120,101, 72,92,95,98,112,100,103,99};
static const int JPEG_CHROMA_Q[64] = {
    17,18,24,47,99,99,99,99, 18,21,26,66,99,99,99,99, 24,26,56,99,99,99,99,99, 47,66,99,99,99,99,99,99,
    99,99,99,99,99,99,99,99, 99,99,99,99,99,99,99,99, 99,99,99,99,99,99,99,99, 99,99,99,99,99,99,99,99};
static const uint8_t LUM_DC_LENS[] = {0,1,5,1,1,1,1,1,1,0,0,0,0,0,0,0};
static const uint8_t LUM_DC_SYMS[] = {0,1,2,3,4,5,6,7,8,9,10,11};
static const uint8_t LUM_AC_LENS[] = {0,2,1,3,3,2,4,3,5,5,4,4,0,0,1,0x7d};
static const uint8_t LUM_AC_SYMS[] = {
  0x01,0x02,0x03,0x00,0x04,0x11,0x05,0x12,0x21,0x31,0x41,0x06,0x13,0x51,0x61,0x07,
  0x22,0x71,0x14,0x32,0x81,0x91,0xa1,0x08,0x23,0x42,0xb1,0xc1,0x15,0x52,0xd1,0xf0,
  0x24,0x33,0x62,0x72,0x82,0x09,0x0a,0x16,0x17,0x18,0x19,0x1a,0x25,0x26,0x27,0x28,
  0x29,0x2a,0x34,0x35,0x36,0x37,0x38,0x39,0x3a,0x43,0x44,0x45,0x46,0x47,0x48,0x49,
  0x4a,0x53,0x54,0x55,0x56,0x57,0x58,0x59,0x5a,0x63,0x64,0x65,0x66,0x67,0x68,0x69,
  0x6a,0x73,0x74,0x75,0x76,0x77,0x78,0x79,0x7a,0x83,0x84,0x85,0x86,0x87,0x88,0x89,
  0x8a,0x92,0x93,0x94,0x95,0x96,0x97,0x98,0x99,0x9a,0xa2,0xa3,0xa4,0xa5,0xa6,0xa7,
  0xa8,0xa9,0xaa,0xb2,0xb3,0xb4,0xb5,0xb6,0xb7,0xb8,0xb9,0xba,0xc2,0xc3,0xc4,0xc5,
  0xc6,0xc7,0xc8,0xc9,0xca,0xd2,0xd3,0xd4,0xd5,0xd6,0xd7,0xd8,0xd9,0xda,0xe1,0xe2,
  0xe3,0xe4,0xe5,0xe6,0xe7,0xe8,0xe9,0xea,0xf1,0xf2,0xf3,0xf4,0xf5,0xf6,0xf7,0xf8,0xf9,0xfa};
static const uint8_t CHR_DC_LENS[] = {0,3,1,1,1,1,1,1,1,1,1,0,0,0,0,0};
static const uint8_t CHR_DC_SYMS[] = {0,1,2,3,4,5,6,7,8,9,10,11};
static const uint8_t CHR_AC_LENS[] = {0,2,1,2,4,4,3,4,7,5,4,4,0,1,2,0x77};
static const uint8_t CHR_AC_SYMS[] = {
  0x00,0x01,0x02,0x03,0x11,0x04,0x05,0x21,0x31,0x06,0x12,0x41,0x51,0x07,0x61,0x71,
  0x13,0x22,0x32,0x81,0x08,0x14,0x42,0x91,0xa1,0xb1,0xc1,0x09,0x23,0x33,0x52,0xf0,
  0x15,0x62,0x72,0xd1,0x0a,0x16,0x24,0x34,0xe1,0x25,0xf1,0x17,0x18,0x19,0x1a,0x26,
  0x27,0x28,0x29,0x2a,0x35,0x36,0x37,0x38,0x39,0x3a,0x43,0x44,0x45,0x46,0x47,0x48,
  0x49,0x4a,0x53,0x54,0x55,0x56,0x57,0x58,0x59,0x5a,0x63,0x64,0x65,0x66,0x67,0x68,
  0x69,0x6a,0x73,0x74,0x75,0x76,0x77,0x78,0x79,0x7a,0x82,0x83,0x84,0x85,0x86,0x87,
  0x88,0x89,0x8a,0x92,0x93,0x94,0x95,0x96,0x97,0x98,0x99,0x9a,0xa2,0xa3,0xa4,0xa5,
  0xa6,0xa7,0xa8,0xa9,0xaa,0xb2,0xb3,0xb4,0xb5,0xb6,0xb7,0xb8,0xb9,0xba,0xc2,0xc3,
  0xc4,0xc5,0xc6,0xc7,0xc8,0xc9,0xca,0xd2,0xd3,0xd4,0xd5,0xd6,0xd7,0xd8,0xd9,0xda,
  0xe2,0xe3,0xe4,0xe5,0xe6,0xe7,0xe8,0xe9,0xea,0xf2,0xf3,0xf4,0xf5,0xf6,0xf7,0xf8,0xf9,0xfa};

std::string RtspResponse::header(const char *name) const {
  const std::string wanted = BabyMonitor::lowercase_(name);
  size_t pos = 0;
  while (pos < headers.size()) {
    size_t end = headers.find("\r\n", pos);
    if (end == std::string::npos) end = headers.size();
    std::string line = headers.substr(pos, end - pos);
    size_t colon = line.find(':');
    if (colon != std::string::npos && BabyMonitor::lowercase_(BabyMonitor::trim_(line.substr(0, colon))) == wanted)
      return BabyMonitor::trim_(line.substr(colon + 1));
    pos = end + 2;
  }
  return {};
}

void BabyMonitor::setup() {
  // Production baseline: Home/touch only submit requests; a low-priority control task performs stop/start.
  ESP_LOGI(TAG, "Baby Monitor external component v1.0.0-private-placeholder");
  ESP_LOGI(TAG, "Video: RTSP/RTP -> latest-frame queue -> JPEGDEC 1/2 -> QVGA RGB565 PSRAM framebuffer -> persistent DMA staging -> LCD");
  ESP_LOGI(TAG, "Audio: RTP MPEG4-GENERIC/AAC -> esp_audio_codec -> PCM16 mono 16kHz -> ES8311/I2S");
  ESP_LOGI(TAG, "Local control: GT911 Home/touch -> async control worker (no blocking in ESPHome main loop)");
  requested_camera_.store(active_camera_);
  dev8_log_mem_stage_("setup-before-control");
  if (control_task_handle_ == nullptr) {
    if (xTaskCreatePinnedToCore(control_task_trampoline_, "baby_ctrl", 6144, this, 2, &control_task_handle_, 0) != pdPASS) {
      control_task_handle_ = nullptr;
      ESP_LOGE(TAG, "Cannot create control task");
    }
  }
  dev8_log_mem_stage_("setup-after-control");
  if (speaker_ != nullptr) {
    speaker_->set_audio_stream_info(audio::AudioStreamInfo(16, 1, 16000));
  }
}

void BabyMonitor::dump_config() {
  ESP_LOGCONFIG(TAG, "Baby Monitor v1.0.0: camera=%u (%s), enabled=%s", active_camera_ + 1,
                cameras_[active_camera_].name.c_str(), YESNO(enabled_.load()));
}

void BabyMonitor::set_camera_name(uint8_t i,const std::string &v){if(i<2)cameras_[i].name=v;}
void BabyMonitor::set_camera_host(uint8_t i,const std::string &v){if(i<2)cameras_[i].host=v;}
void BabyMonitor::set_camera_port(uint8_t i,uint16_t v){if(i<2)cameras_[i].port=v;}
void BabyMonitor::set_camera_username(uint8_t i,const std::string &v){if(i<2)cameras_[i].username=v;}
void BabyMonitor::set_camera_password(uint8_t i,const std::string &v){if(i<2)cameras_[i].password=v;}
void BabyMonitor::set_camera_path(uint8_t i,const std::string &v){if(i<2)cameras_[i].path=v;}
float BabyMonitor::get_free_heap_kb() const { return (float) esp_get_free_heap_size()/1024.0f; }

void BabyMonitor::set_audio_enabled(bool enabled) {
  // v1.2.0: this flag controls local playback only. AAC decode must continue while
  // muted because NoiseAnalyzer depends on source PCM for autonomous alarms.
  audio_enabled_.store(enabled);
}

void BabyMonitor::reset_diagnostics_() {
  rtsp_connected_.store(false);
  diagnostics_video_fps_x100_.store(0);
  diagnostics_video_bitrate_x10_.store(0);
  diagnostics_audio_bitrate_x10_.store(0);
  diagnostics_video_drops_.store(0);
  diagnostics_video_replaced_.store(0);
  diagnostics_audio_drops_.store(0);
}

void BabyMonitor::set_enabled(bool enabled) {
  const bool previous = enabled_.exchange(enabled);
  if (previous == enabled) return;
  ESP_LOGI(TAG, "Monitor request: %s", enabled ? "ON" : "OFF");
  if (!enabled) { motion_detector_.reset(); cry_detector_.reset(); }
  if (control_task_handle_ != nullptr) {
    xTaskNotifyGive(control_task_handle_);
  } else {
    // Safety fallback if the control worker could not be created.
    if (enabled) start_session_(); else stop_session_();
  }
}

void BabyMonitor::set_camera(uint8_t index) {
  if (index > 1) return;
  const uint8_t previous = requested_camera_.exchange(index);
  if (previous == index && active_camera_ == index) return;
  ESP_LOGI(TAG, "Camera request: %s -> %s", cameras_[active_camera_].name.c_str(), cameras_[index].name.c_str());
  cry_detector_.reset();
  motion_detector_.reset();
  if (control_task_handle_ != nullptr) {
    xTaskNotifyGive(control_task_handle_);
  } else {
    // Safety fallback if the control worker could not be created.
    const bool restart = enabled_.load();
    if (restart) stop_session_();
    active_camera_ = index;
    media_epoch_.fetch_add(1);
    placeholder_due_ms_.store(0);
    render_no_stream_placeholder_();
    if (restart) start_session_();
  }
}

void BabyMonitor::request_audio_reset_() {
  audio_reset_requested_.store(true);
  if (audio_queue_ != nullptr) xQueueReset(audio_queue_);
}

void BabyMonitor::request_video_reset_() {
  video_reset_requested_.store(true);
  if (video_queue_mutex_ != nullptr) xSemaphoreTake(video_queue_mutex_, portMAX_DELAY);
  if (video_queue_ != nullptr) xQueueReset(video_queue_);
  if (video_queue_mutex_ != nullptr) xSemaphoreGive(video_queue_mutex_);
}

void BabyMonitor::release_media_resources_() {
  jpeg_state_ = JpegFrameState{};
  jpeg_scan_length_ = 0;
  free_jpeg_buffers_();
  // Keep the 320x240 RGB565 framebuffer allocated across media restarts.
  // It is also the canvas for the no-stream placeholder, and retaining it avoids
  // stale-camera pixels plus repeated 150 kB PSRAM alloc/free cycles on switches.
  // v1.4.0-dev46: keep JPEGDEC alive across media/camera restarts.
  // It is tiny compared with frame buffers, and retaining it eliminates the
  // dynamic first-frame allocation that raced TFLM initialization in dev12.
  if (!audio_task_running_.load()) close_aac_decoder_();
}

void BabyMonitor::start_session_() {
  if (!enabled_.load()) return;
  reset_diagnostics_();
  placeholder_due_ms_.store(0);
  dev8_log_mem_stage_("session-enter");

  // v1.4.1-dev9: reserve the LCD staging buffer before placeholder rendering,
  // Cry ML runtime initialization and media task creation. Keeping this block
  // permanently allocated prevents per-frame DMA-capable heap allocation.
  if (!ensure_lcd_dma_stage_()) {
    ESP_LOGE(TAG, "v1.4.1-dev9 LCD DMA staging unavailable; refusing media start");
    return;
  }
  dev8_log_mem_stage_("lcd-stage-ready");
  render_no_stream_placeholder_();
  dev8_log_mem_stage_("placeholder-ready");
  if (task_running_.load() || audio_task_running_.load() || video_task_running_.load()) {
    ESP_LOGW(TAG, "Media tasks still running; refusing duplicate start");
    return;
  }

  stop_requested_.store(false);
  audio_reset_requested_.store(false);
  video_reset_requested_.store(false);
  media_epoch_.fetch_add(1);

  if (audio_queue_ == nullptr) audio_queue_ = xQueueCreate(AUDIO_QUEUE_DEPTH, sizeof(AudioAu));
  if (video_queue_ == nullptr) video_queue_ = xQueueCreate(VIDEO_QUEUE_DEPTH, sizeof(VideoFrame));
  if (video_queue_mutex_ == nullptr) video_queue_mutex_ = xSemaphoreCreateMutex();
  if (audio_queue_ == nullptr || video_queue_ == nullptr || video_queue_mutex_ == nullptr) {
    ESP_LOGE(TAG, "Cannot create media queues/mutex");
    if (audio_queue_ != nullptr) { vQueueDelete(audio_queue_); audio_queue_ = nullptr; }
    if (video_queue_ != nullptr) { vQueueDelete(video_queue_); video_queue_ = nullptr; }
    if (video_queue_mutex_ != nullptr) { vSemaphoreDelete(video_queue_mutex_); video_queue_mutex_ = nullptr; }
    return;
  }
  xQueueReset(audio_queue_);
  xQueueReset(video_queue_);
  video_busy_slot_.store(-1);
  dev8_log_mem_stage_("queues-ready");

  // v1.4.0-dev46: serialize the two initialization paths that overlapped in
  // dev12. First create the persistent JPEGDEC object without global operator
  // new, then execute the one-shot TFLM preflight. Only after both complete do
  // we create baby_audio/baby_video/baby_rtsp. ML failure is intentionally
  // non-fatal: the monitor continues with Cry ML in shadow/error state.
  if (!ensure_jpeg_decoder_()) {
    ESP_LOGE(TAG, "dev46 preflight: JPEGDEC unavailable; refusing media start");
    return;
  }
  dev8_log_mem_stage_("jpegdec-ready");

  ESP_LOGI(TAG, "dev46 preflight: JPEGDEC ready; starting serialized Cry ML runtime init");
  const bool cry_ready = cry_detector_.prepare_runtime();
  ESP_LOGI(TAG, "dev46 preflight: Cry ML init complete ready=%s status=%s; starting media tasks",
           YESNO(cry_ready), cry_detector_.status());
  dev8_log_mem_stage_("cry-runtime-ready");

  audio_task_running_.store(true);
  dev8_log_mem_stage_("audio-task-before");
  if (!create_media_task_psram_(audio_task_trampoline_, "baby_audio", AUDIO_TASK_STACK_BYTES, 5,
                                &audio_task_handle_, 1, audio_task_psram_stack_)) {
    audio_task_running_.store(false);
    audio_task_handle_ = nullptr;
    ESP_LOGE(TAG, "Cannot create audio task");
    return;
  }
  dev8_log_mem_stage_("audio-task-created");

  video_task_running_.store(true);
  dev8_log_mem_stage_("video-task-before");
  if (!create_media_task_psram_(video_task_trampoline_, "baby_video", VIDEO_TASK_STACK_BYTES, 3,
                                &video_task_handle_, 1, video_task_psram_stack_)) {
    video_task_running_.store(false);
    video_task_handle_ = nullptr;
    stop_requested_.store(true);
    ESP_LOGE(TAG, "Cannot create video task");
    return;
  }
  dev8_log_mem_stage_("video-task-created");

  task_running_.store(true);
  dev8_log_mem_stage_("rtsp-task-before");
  if (!create_media_task_psram_(rtsp_task_trampoline_, "baby_rtsp", RTSP_TASK_STACK_BYTES, 4,
                                &rtsp_task_handle_, 0, rtsp_task_psram_stack_)) {
    task_running_.store(false);
    rtsp_task_handle_ = nullptr;
    stop_requested_.store(true);
    ESP_LOGE(TAG, "Cannot create RTSP task");
  } else {
    dev8_log_mem_stage_("rtsp-task-created");
  }
}

bool BabyMonitor::create_media_task_psram_(TaskFunction_t fn, const char *name, uint32_t stack_bytes,
                                                UBaseType_t priority, TaskHandle_t *handle, BaseType_t core,
                                                std::atomic<bool> &psram_flag) {
  psram_flag.store(false);
  if (handle == nullptr) return false;
  *handle = nullptr;

  const uint32_t int_before = heap_caps_get_free_size(MALLOC_CAP_INTERNAL | MALLOC_CAP_8BIT);
  const uint32_t int_largest_before = heap_caps_get_largest_free_block(MALLOC_CAP_INTERNAL | MALLOC_CAP_8BIT);
  const uint32_t psram_before = heap_caps_get_free_size(MALLOC_CAP_SPIRAM);

  const BaseType_t psram_result = xTaskCreatePinnedToCoreWithCaps(
      fn, name, stack_bytes, this, priority, handle, core, MALLOC_CAP_SPIRAM | MALLOC_CAP_8BIT);
  if (psram_result == pdPASS && *handle != nullptr) {
    psram_flag.store(true);
    ESP_LOGI(TAG,
             "v1.4.1-dev9 TASK_STACK: task=%s result=PSRAM bytes=%u core=%d prio=%u int=%u->%uB int_largest=%u->%uB psram=%u->%uB",
             name, (unsigned) stack_bytes, (int) core, (unsigned) priority,
             (unsigned) int_before,
             (unsigned) heap_caps_get_free_size(MALLOC_CAP_INTERNAL | MALLOC_CAP_8BIT),
             (unsigned) int_largest_before,
             (unsigned) heap_caps_get_largest_free_block(MALLOC_CAP_INTERNAL | MALLOC_CAP_8BIT),
             (unsigned) psram_before,
             (unsigned) heap_caps_get_free_size(MALLOC_CAP_SPIRAM));
    return true;
  }

  // Do not make monitor start dependent on the experimental placement. If the
  // external-stack allocation is unavailable, preserve dev8 semantics and make
  // that fact explicit in diagnostics.
  *handle = nullptr;
  const BaseType_t fallback_result = xTaskCreatePinnedToCore(
      fn, name, stack_bytes, this, priority, handle, core);
  if (fallback_result == pdPASS && *handle != nullptr) {
    ESP_LOGW(TAG,
             "v1.4.1-dev9 TASK_STACK: task=%s result=INTERNAL_FALLBACK bytes=%u core=%d prio=%u psram_create=%d int=%uB int_largest=%uB psram=%uB",
             name, (unsigned) stack_bytes, (int) core, (unsigned) priority, (int) psram_result,
             (unsigned) heap_caps_get_free_size(MALLOC_CAP_INTERNAL | MALLOC_CAP_8BIT),
             (unsigned) heap_caps_get_largest_free_block(MALLOC_CAP_INTERNAL | MALLOC_CAP_8BIT),
             (unsigned) heap_caps_get_free_size(MALLOC_CAP_SPIRAM));
    return true;
  }

  ESP_LOGE(TAG,
           "v1.4.1-dev9 TASK_STACK: task=%s result=FAIL bytes=%u psram_create=%d fallback=%d int=%uB int_largest=%uB psram=%uB",
           name, (unsigned) stack_bytes, (int) psram_result, (int) fallback_result,
           (unsigned) heap_caps_get_free_size(MALLOC_CAP_INTERNAL | MALLOC_CAP_8BIT),
           (unsigned) heap_caps_get_largest_free_block(MALLOC_CAP_INTERNAL | MALLOC_CAP_8BIT),
           (unsigned) heap_caps_get_free_size(MALLOC_CAP_SPIRAM));
  return false;
}

void BabyMonitor::stop_session_() {
  reset_diagnostics_();
  noise_analyzer_.reset();
  stop_requested_.store(true);
  media_epoch_.fetch_add(1);
  request_audio_reset_();
  request_video_reset_();
  close_socket_();

  const uint32_t started = millis();
  while ((task_running_.load() || audio_task_running_.load() || video_task_running_.load()) && millis() - started < 4000) {
    vTaskDelay(pdMS_TO_TICKS(10));
  }

  if (task_running_.load() || audio_task_running_.load() || video_task_running_.load()) {
    ESP_LOGW(TAG, "Media stop timeout: rtsp=%s audio=%s video=%s; resources kept to avoid use-after-free",
             YESNO(task_running_.load()), YESNO(audio_task_running_.load()), YESNO(video_task_running_.load()));
    return;
  }

  // The audio task owns the speaker lifecycle and has already stopped I2S.
  if (audio_queue_ != nullptr) { vQueueDelete(audio_queue_); audio_queue_ = nullptr; }
  if (video_queue_ != nullptr) { vQueueDelete(video_queue_); video_queue_ = nullptr; }
  if (video_queue_mutex_ != nullptr) { vSemaphoreDelete(video_queue_mutex_); video_queue_mutex_ = nullptr; }
  release_media_resources_();
  ESP_LOGI(TAG, "Media session fully stopped; heap=%.1f kB", get_free_heap_kb());
}

void BabyMonitor::close_socket_() {
  int s = socket_;
  socket_ = -1;
  if (s >= 0) {
    shutdown(s, SHUT_RDWR);
    close(s);
  }
}

void BabyMonitor::control_task_trampoline_(void *arg) { static_cast<BabyMonitor *>(arg)->control_task_(); }

void BabyMonitor::control_task_() {
  ESP_LOGI(TAG, "Control task started on core %d", xPortGetCoreID());
  while (true) {
    ulTaskNotifyTake(pdTRUE, portMAX_DELAY);
    // Coalesce rapid Home/touch/HA changes into the latest requested state.
    vTaskDelay(pdMS_TO_TICKS(20));
    while (ulTaskNotifyTake(pdTRUE, 0) > 0) {}

    const bool want_enabled = enabled_.load();
    const uint8_t want_camera = requested_camera_.load();
    bool running = task_running_.load() || audio_task_running_.load() || video_task_running_.load();

    if (!want_enabled) {
      if (running) stop_session_();
      if (active_camera_ != want_camera) {
        active_camera_ = want_camera;
        media_epoch_.fetch_add(1);
      }
      continue;
    }

    if (active_camera_ != want_camera) {
      if (running) stop_session_();
      active_camera_ = want_camera;
      media_epoch_.fetch_add(1);
      running = task_running_.load() || audio_task_running_.load() || video_task_running_.load();
      ESP_LOGI(TAG, "Camera applied: %s", cameras_[active_camera_].name.c_str());
      placeholder_due_ms_.store(0);
      render_no_stream_placeholder_();
    }

    if (enabled_.load() && !running) start_session_();
  }
}

void BabyMonitor::rtsp_task_trampoline_(void *arg) {
  auto *self = static_cast<BabyMonitor *>(arg);
  self->rtsp_task_();
  const bool psram_stack = self->rtsp_task_psram_stack_.exchange(false);
  self->rtsp_task_handle_ = nullptr;
  self->task_running_.store(false);
  ESP_LOGI(TAG, "RTSP task stopped; stack=%s", psram_stack ? "PSRAM" : "internal");
  if (psram_stack)
    vTaskDeleteWithCaps(nullptr);
  else
    vTaskDelete(nullptr);
}

void BabyMonitor::audio_task_trampoline_(void *arg) {
  auto *self = static_cast<BabyMonitor *>(arg);
  self->audio_task_();
  const bool psram_stack = self->audio_task_psram_stack_.exchange(false);
  self->audio_task_handle_ = nullptr;
  self->audio_task_running_.store(false);
  ESP_LOGI(TAG, "Audio task stopped; stack=%s", psram_stack ? "PSRAM" : "internal");
  if (psram_stack)
    vTaskDeleteWithCaps(nullptr);
  else
    vTaskDelete(nullptr);
}

void BabyMonitor::video_task_trampoline_(void *arg) {
  auto *self = static_cast<BabyMonitor *>(arg);
  self->video_task_();
  const bool psram_stack = self->video_task_psram_stack_.exchange(false);
  self->video_task_handle_ = nullptr;
  self->video_task_running_.store(false);
  ESP_LOGI(TAG, "Video task stopped; stack=%s", psram_stack ? "PSRAM" : "internal");
  if (psram_stack)
    vTaskDeleteWithCaps(nullptr);
  else
    vTaskDelete(nullptr);
}

void BabyMonitor::audio_task_() {
  ESP_LOGI(TAG, "Audio task started on core %d", xPortGetCoreID());
  dev8_log_mem_stage_("audio-task-entry");
  AudioAu au{};
  uint32_t local_epoch = 0;
  bool speaker_started = false;

  // Start I2S once for the lifetime of this media session.
  // Ordinary MUTE only gates AAC decode/PCM and the external amplifier.
  if (speaker_ != nullptr) {
    speaker_->set_audio_stream_info(audio::AudioStreamInfo(16, 1, 16000));
    speaker_->set_mute_state(false);
    speaker_->start();
    speaker_started = true;
  }
  dev8_log_mem_stage_("speaker-started");

  while (enabled_.load() && !stop_requested_.load()) {
    if (audio_reset_requested_.exchange(false)) {
      close_aac_decoder_();
      local_epoch = 0;
      if (audio_queue_ != nullptr) xQueueReset(audio_queue_);
    }

    if (audio_queue_ == nullptr) break;
    if (xQueueReceive(audio_queue_, &au, pdMS_TO_TICKS(100)) != pdTRUE) continue;

    // v1.4.2-dev2: observe queue residence and consumer scheduling without
    // altering the queue, priorities or decode path. esp_timer_get_time() is
    // monotonic; uint32 subtraction is intentionally wrap-safe.
    const uint32_t dequeue_us = static_cast<uint32_t>(esp_timer_get_time());
    if (au.enqueue_us != 0) {
      const uint32_t wait_us = dequeue_us - au.enqueue_us;
      audio_flow_wait_us_total_.fetch_add(wait_us, std::memory_order_relaxed);
      audio_flow_wait_count_.fetch_add(1, std::memory_order_relaxed);
      uint32_t prev = audio_flow_wait_us_max_.load(std::memory_order_relaxed);
      while (wait_us > prev && !audio_flow_wait_us_max_.compare_exchange_weak(prev, wait_us, std::memory_order_relaxed)) {}
    }
    if (audio_flow_last_dequeue_us_ != 0) {
      const uint32_t gap_us = dequeue_us - audio_flow_last_dequeue_us_;
      uint32_t prev = audio_flow_consumer_gap_max_us_.load(std::memory_order_relaxed);
      while (gap_us > prev && !audio_flow_consumer_gap_max_us_.compare_exchange_weak(prev, gap_us, std::memory_order_relaxed)) {}
    }
    audio_flow_last_dequeue_us_ = dequeue_us;

    if (au.length == 0) continue;

    // v1.2.0: even while local playback is muted we still decode AAC so the
    // NoiseAnalyzer keeps receiving source PCM. MUTE gates only speaker output.

    if (au.epoch != local_epoch) {
      close_aac_decoder_();
      local_epoch = au.epoch;
    }

    if (decode_aac_au_(au.data.data(), au.length))
      audio_decoded_aus_.fetch_add(1);
    else if (audio_enabled_.load())
      audio_dropped_aus_.fetch_add(1);
  }

  close_aac_decoder_();
  if (speaker_started && speaker_ != nullptr) speaker_->stop();
  // The trampoline owns running flag, handle and vTaskDelete().
  // Keep running=true until speaker/AAC cleanup is completely finished.
}

void BabyMonitor::video_task_() {
  ESP_LOGI(TAG, "Video task started on core %d", xPortGetCoreID());
  dev8_log_mem_stage_("video-task-entry");
  VideoFrame frame{};

  while (enabled_.load() && !stop_requested_.load()) {
    if (placeholder_requested_.load()) {
      const uint32_t due = placeholder_due_ms_.load();
      const uint32_t now = millis();
      if (due == 0 || (int32_t) (now - due) >= 0) {
        if (placeholder_requested_.exchange(false)) {
          placeholder_due_ms_.store(0);
          render_no_stream_placeholder_();
        }
      }
    }
    if (video_reset_requested_.exchange(false)) {
      if (video_queue_mutex_ != nullptr) xSemaphoreTake(video_queue_mutex_, portMAX_DELAY);
      if (video_queue_ != nullptr) xQueueReset(video_queue_);
      if (video_queue_mutex_ != nullptr) xSemaphoreGive(video_queue_mutex_);
    }

    if (video_queue_ == nullptr || video_queue_mutex_ == nullptr) break;

    bool got = false;
    xSemaphoreTake(video_queue_mutex_, portMAX_DELAY);
    if (xQueueReceive(video_queue_, &frame, 0) == pdTRUE) {
      video_busy_slot_.store(frame.slot);
      got = true;
    }
    xSemaphoreGive(video_queue_mutex_);

    if (!got) {
      vTaskDelay(pdMS_TO_TICKS(2));
      continue;
    }

    const uint32_t current_epoch = media_epoch_.load();
    if (frame.epoch == current_epoch && frame.slot < jpeg_frame_buffers_.size() &&
        jpeg_frame_buffers_[frame.slot] != nullptr && frame.length > 0 &&
        !stop_requested_.load()) {
      if (decode_and_display_(jpeg_frame_buffers_[frame.slot], frame.length)) {
        placeholder_requested_.store(false);
        placeholder_due_ms_.store(0);
        decoded_frames_.fetch_add(1);
      }
      else
        dropped_frames_.fetch_add(1);
    }
    video_busy_slot_.store(-1);
  }

  video_busy_slot_.store(-1);
  // The trampoline owns running flag, handle and vTaskDelete().
}

void BabyMonitor::rtsp_task_() {
  dev8_log_mem_stage_("rtsp-task-entry");
  uint32_t retry_ms = RTSP_RETRY_INITIAL_MS;

  while (enabled_.load() && !stop_requested_.load()) {
    if (!network::is_connected()) {
      vTaskDelay(pdMS_TO_TICKS(500));
      continue;
    }

    const uint8_t idx = active_camera_;
    const CameraConfig cam = cameras_[idx];
    const uint32_t attempt_epoch = media_epoch_.fetch_add(1) + 1;
    (void) attempt_epoch;

    request_audio_reset_();
    request_video_reset_();
    cseq_ = 1;
    session_id_.clear(); content_base_.clear(); auth_ = RtspAuth{};
    video_rtp_channel_ = audio_rtp_channel_ = -1;
    video_bytes_ = audio_bytes_ = 0; video_packets_ = audio_packets_ = 0;
    decoded_frames_.store(0); dropped_frames_.store(0); video_replaced_frames_.store(0); jpeg_state_ = JpegFrameState{};
    audio_aus_ = 0; audio_decoded_aus_.store(0); audio_dropped_aus_.store(0);
    video_decode_us_total_.store(0); video_decode_count_.store(0); video_decode_us_max_.store(0);
    dev4_reset_spi_diag_();
    dev5_spi_err101_window_.store(0, std::memory_order_relaxed);
    audio_decode_us_total_.store(0); audio_decode_count_.store(0); audio_decode_us_max_.store(0);
    aac_rtp_supported_ = false;
    session_media_packets_ = 0;

    ESP_LOGI(TAG, "Opening RTSP session: %s (%s:%u%s)", cam.name.c_str(), cam.host.c_str(), cam.port, cam.path.c_str());
    if (connect_rtsp_(cam) && run_rtsp_handshake_(cam)) receive_interleaved_loop_();
    reset_diagnostics_();
    close_socket_();
    request_audio_reset_();
    request_video_reset_();

    // Brief reconnects of the same camera keep the last good framebuffer.
    // A session that never delivered media still gets the placeholder immediately.
    if (session_media_packets_ > 0) {
      placeholder_due_ms_.store(millis() + NO_STREAM_PLACEHOLDER_GRACE_MS);
      placeholder_requested_.store(true);
    } else {
      placeholder_due_ms_.store(0);
      placeholder_requested_.store(true);
    }

    if (!enabled_.load() || stop_requested_.load() || active_camera_ != idx) break;

    if (session_media_packets_ > 0) {
      retry_ms = RTSP_RETRY_INITIAL_MS;
    } else {
      retry_ms = std::min<uint32_t>(retry_ms * 2, RTSP_RETRY_MAX_MS);
    }

    ESP_LOGW(TAG, "RTSP session ended; retry in %u ms%s", (unsigned) retry_ms,
             session_media_packets_ == 0 ? " (backoff: no media)" : "");
    for (uint32_t waited = 0; waited < retry_ms && enabled_.load() && !stop_requested_.load() && active_camera_ == idx; waited += 100)
      vTaskDelay(pdMS_TO_TICKS(100));
  }

  close_socket_();
  request_audio_reset_();
  request_video_reset_();
  // The trampoline owns running flag, handle and vTaskDelete().
}

bool BabyMonitor::connect_rtsp_(const CameraConfig &cam) {
  addrinfo hints{}; hints.ai_family=AF_INET; hints.ai_socktype=SOCK_STREAM; addrinfo *res=nullptr;
  int err=getaddrinfo(cam.host.c_str(),std::to_string(cam.port).c_str(),&hints,&res);
  if(err||!res){ESP_LOGE(TAG,"getaddrinfo(%s) failed: %d",cam.host.c_str(),err);return false;}
  int s=socket(res->ai_family,res->ai_socktype,res->ai_protocol); if(s<0){freeaddrinfo(res);return false;}
  int flags=fcntl(s,F_GETFL,0); fcntl(s,F_SETFL,flags|O_NONBLOCK);
  int rc=connect(s,res->ai_addr,res->ai_addrlen);
  if(rc<0 && errno!=EINPROGRESS){ESP_LOGE(TAG,"connect(%s:%u) failed: errno=%d (%s)",cam.host.c_str(),cam.port,errno,strerror(errno));close(s);freeaddrinfo(res);return false;}
  if(rc<0){fd_set wfds;FD_ZERO(&wfds);FD_SET(s,&wfds);timeval tv{(long)(RTSP_CONNECT_TIMEOUT_MS/1000),(long)((RTSP_CONNECT_TIMEOUT_MS%1000)*1000)};rc=select(s+1,nullptr,&wfds,nullptr,&tv);int soerr=0;socklen_t sl=sizeof(soerr);getsockopt(s,SOL_SOCKET,SO_ERROR,&soerr,&sl);if(rc<=0||soerr){ESP_LOGE(TAG,"connect(%s:%u) failed: errno=%d (%s)",cam.host.c_str(),cam.port,soerr?soerr:ETIMEDOUT,strerror(soerr?soerr:ETIMEDOUT));close(s);freeaddrinfo(res);return false;}}
  fcntl(s,F_SETFL,flags); timeval tv{(long)(RTSP_SOCKET_TIMEOUT_MS/1000),(long)((RTSP_SOCKET_TIMEOUT_MS%1000)*1000)};setsockopt(s,SOL_SOCKET,SO_RCVTIMEO,&tv,sizeof(tv));setsockopt(s,SOL_SOCKET,SO_SNDTIMEO,&tv,sizeof(tv));
  freeaddrinfo(res); socket_=s; ESP_LOGI(TAG,"TCP connected to %s:%u",cam.host.c_str(),cam.port); return true;
}

bool BabyMonitor::run_rtsp_handshake_(const CameraConfig &cam) {
  std::string url=request_url_(cam); RtspResponse r;
  if(!send_rtsp_(cam,"OPTIONS",url,"",r))return false;
  if(!send_rtsp_(cam,"DESCRIBE",url,"Accept: application/sdp\r\n",r)||r.status!=200)return false;
  content_base_=r.header("Content-Base");if(content_base_.empty())content_base_=r.header("Content-Location");if(content_base_.empty())content_base_=url;
  SdpTrack video,audio;std::string session_control;if(!parse_sdp_(r.body,video,audio,session_control))return false;
  ESP_LOGI(TAG,"VIDEO: payload=%d rtpmap='%s'",video.payload_type,video.rtpmap.c_str());
  ESP_LOGI(TAG,"AUDIO: payload=%d rtpmap='%s' fmtp='%s'",audio.payload_type,audio.rtpmap.c_str(),audio.fmtp.c_str());
  configure_aac_from_sdp_(audio);
  int ch=0;
  if(video.valid){std::string u=resolve_control_url_(content_base_,video.control);std::string tr="Transport: RTP/AVP/TCP;unicast;interleaved="+std::to_string(ch)+"-"+std::to_string(ch+1)+"\r\n";if(!send_rtsp_(cam,"SETUP",u,tr,r)||r.status!=200)return false;std::string sid=r.header("Session");size_t semi=sid.find(';');if(semi!=std::string::npos)sid.resize(semi);session_id_=trim_(sid);video_rtp_channel_=ch;ch+=2;}
  if(audio.valid){std::string u=resolve_control_url_(content_base_,audio.control);std::string tr="Transport: RTP/AVP/TCP;unicast;interleaved="+std::to_string(ch)+"-"+std::to_string(ch+1)+"\r\n";if(!send_rtsp_(cam,"SETUP",u,tr,r)||r.status!=200)return false;audio_rtp_channel_=ch;}
  std::string play=url;if(!session_control.empty()&&session_control!="*")play=resolve_control_url_(content_base_,session_control);
  if(!send_rtsp_(cam,"PLAY",play,"Range: npt=0.000-\r\n",r)||r.status!=200)return false;
  ESP_LOGI(TAG,"PLAY -> 200; waiting for media");rtsp_connected_.store(true);last_stats_ms_=millis();return true;
}

bool BabyMonitor::send_rtsp_(const CameraConfig &cam,const std::string &method,const std::string &uri,const std::string &extra,RtspResponse &r,bool retry){
  if(socket_<0)return false;std::ostringstream q;q<<method<<" "<<uri<<" RTSP/1.0\r\nCSeq: "<<cseq_++<<"\r\nUser-Agent: ESPHome-BabyMonitor/1.0.0\r\n";if(!session_id_.empty()&&method!="OPTIONS"&&method!="DESCRIBE")q<<"Session: "<<session_id_<<"\r\n";std::string a=build_authorization_(cam,method,uri);if(!a.empty())q<<"Authorization: "<<a<<"\r\n";q<<extra<<"\r\n";std::string s=q.str();if(!send_all_(s.data(),s.size())||!read_rtsp_response_(r))return false;if(r.status==401&&retry){std::string c=r.header("WWW-Authenticate");if(!parse_auth_challenge_(c))return false;return send_rtsp_(cam,method,uri,extra,r,false);}return true;
}
bool BabyMonitor::send_all_(const char *data,size_t len){size_t d=0;while(d<len&&!stop_requested_.load()){int n=send(socket_,data+d,len-d,0);if(n<=0)return false;d+=n;}return d==len;}
bool BabyMonitor::read_exact_(uint8_t *dst,size_t len){size_t d=0;while(d<len&&!stop_requested_.load()){int n=recv(socket_,dst+d,len-d,0);if(n<=0)return false;d+=n;}return d==len;}
bool BabyMonitor::read_rtsp_response_(RtspResponse &r){r=RtspResponse{};std::string raw;raw.reserve(2048);char c;while(raw.find("\r\n\r\n")==std::string::npos&&raw.size()<16384&&!stop_requested_.load()){int n=recv(socket_,&c,1,0);if(n<=0)return false;raw.push_back(c);}size_t split=raw.find("\r\n\r\n"),fle=raw.find("\r\n");if(split==std::string::npos||fle==std::string::npos)return false;r.status_line=raw.substr(0,fle);r.headers=raw.substr(fle+2,split-fle-2);std::istringstream ss(r.status_line);std::string proto;ss>>proto>>r.status;size_t cl=0;std::string h=r.header("Content-Length");if(!h.empty())cl=strtoul(h.c_str(),nullptr,10);if(cl>65536)return false;if(cl){r.body.resize(cl);if(!read_exact_((uint8_t*)&r.body[0],cl))return false;}return true;}

void BabyMonitor::receive_interleaved_loop_(){std::vector<uint8_t> p;p.reserve(2048);while(enabled_.load()&&!stop_requested_.load()&&socket_>=0){uint8_t m=0;int n=recv(socket_,&m,1,0);if(n<=0)break;if(m=='$'){uint8_t h[3];if(!read_exact_(h,3))break;uint8_t ch=h[0];uint16_t len=(uint16_t(h[1])<<8)|h[2];p.resize(len);if(len&&!read_exact_(p.data(),len))break;if(ch==video_rtp_channel_){video_packets_++;session_media_packets_++;video_bytes_+=len;handle_video_rtp_(p.data(),p.size());}else if(ch==audio_rtp_channel_){audio_packets_++;session_media_packets_++;audio_bytes_+=len;handle_audio_rtp_(p.data(),p.size());}}else{std::string t(1,(char)m);char c;while(t.find("\r\n\r\n")==std::string::npos&&t.size()<4096){int r=recv(socket_,&c,1,0);if(r<=0)break;t.push_back(c);}}
  uint32_t now=millis();if(now-last_stats_ms_>=RTSP_STATS_INTERVAL_MS){
    uint32_t vcount = video_decode_count_.exchange(0);
    uint64_t vtotal = video_decode_us_total_.exchange(0);
    uint32_t vmax = video_decode_us_max_.exchange(0);
    uint64_t vlcd_total = video_lcd_us_total_.exchange(0);
    uint64_t vother_total = video_other_us_total_.exchange(0);
    uint32_t vlcd_max = video_lcd_us_max_.exchange(0);
    uint32_t vother_max = video_other_us_max_.exchange(0);
    uint32_t vlcd_blocks = video_lcd_blocks_total_.exchange(0);
    uint32_t vframes = decoded_frames_.exchange(0);
    uint32_t vdrop = dropped_frames_.exchange(0);
    uint32_t vrepl = video_replaced_frames_.exchange(0);
    uint32_t vavg = vcount ? (uint32_t) (vtotal / vcount / 1000) : 0;
    uint32_t vlcd_avg = vcount ? (uint32_t) (vlcd_total / vcount / 1000) : 0;
    uint32_t vother_avg = vcount ? (uint32_t) (vother_total / vcount / 1000) : 0;
    uint32_t vblocks_avg = vcount ? (uint32_t) (vlcd_blocks / vcount) : 0;
    uint32_t acount = audio_decode_count_.exchange(0);
    uint64_t atotal = audio_decode_us_total_.exchange(0);
    uint32_t amax = audio_decode_us_max_.exchange(0);
    uint32_t aok = audio_decoded_aus_.exchange(0);
    uint32_t adrop = audio_dropped_aus_.exchange(0);
    uint32_t aavg = acount ? (uint32_t) (atotal / acount) : 0;
    const uint32_t apipe_count = audio_pipe_count_.exchange(0, std::memory_order_relaxed);
    const uint64_t anoise_total = audio_pipe_noise_us_total_.exchange(0, std::memory_order_relaxed);
    const uint64_t acry_total = audio_pipe_cry_us_total_.exchange(0, std::memory_order_relaxed);
    const uint64_t aplay_total = audio_pipe_play_us_total_.exchange(0, std::memory_order_relaxed);
    const uint64_t apipe_total = audio_pipe_total_us_total_.exchange(0, std::memory_order_relaxed);
    const uint32_t anoise_max = audio_pipe_noise_us_max_.exchange(0, std::memory_order_relaxed);
    const uint32_t acry_max = audio_pipe_cry_us_max_.exchange(0, std::memory_order_relaxed);
    const uint32_t aplay_max = audio_pipe_play_us_max_.exchange(0, std::memory_order_relaxed);
    const uint32_t apipe_max = audio_pipe_total_us_max_.exchange(0, std::memory_order_relaxed);
    const uint32_t aq_peak = audio_pipe_queue_peak_.exchange(0, std::memory_order_relaxed);
    const uint32_t aflow_gap_min_raw = audio_flow_enq_gap_min_us_.exchange(UINT32_MAX, std::memory_order_relaxed);
    const uint32_t aflow_gap_max = audio_flow_enq_gap_max_us_.exchange(0, std::memory_order_relaxed);
    const uint32_t aflow_burst_max = audio_flow_burst_max_.exchange(0, std::memory_order_relaxed);
    const uint64_t aflow_wait_total = audio_flow_wait_us_total_.exchange(0, std::memory_order_relaxed);
    const uint32_t aflow_wait_max = audio_flow_wait_us_max_.exchange(0, std::memory_order_relaxed);
    const uint32_t aflow_wait_count = audio_flow_wait_count_.exchange(0, std::memory_order_relaxed);
    const uint32_t aflow_consumer_gap_max = audio_flow_consumer_gap_max_us_.exchange(0, std::memory_order_relaxed);
    const uint32_t aflow_gap_min = aflow_gap_min_raw == UINT32_MAX ? 0U : aflow_gap_min_raw;
    const uint32_t aflow_wait_avg = aflow_wait_count ? static_cast<uint32_t>(aflow_wait_total / aflow_wait_count) : 0U;
    const uint32_t anoise_avg = apipe_count ? static_cast<uint32_t>(anoise_total / apipe_count) : 0U;
    const uint32_t acry_avg = apipe_count ? static_cast<uint32_t>(acry_total / apipe_count) : 0U;
    const uint32_t aplay_avg = apipe_count ? static_cast<uint32_t>(aplay_total / apipe_count) : 0U;
    const uint32_t apipe_avg = apipe_count ? static_cast<uint32_t>(apipe_total / apipe_count) : 0U;
    const uint32_t stats_elapsed_ms = now - last_stats_ms_;
    if (stats_elapsed_ms > 0) {
      diagnostics_video_fps_x100_.store((uint32_t) (((uint64_t) vframes * 100000ULL) / stats_elapsed_ms));
      diagnostics_video_bitrate_x10_.store((uint32_t) (((uint64_t) video_bytes_ * 80ULL) / stats_elapsed_ms));
      diagnostics_audio_bitrate_x10_.store((uint32_t) (((uint64_t) audio_bytes_ * 80ULL) / stats_elapsed_ms));
    } else {
      diagnostics_video_fps_x100_.store(0);
      diagnostics_video_bitrate_x10_.store(0);
      diagnostics_audio_bitrate_x10_.store(0);
    }
    diagnostics_video_drops_.store(vdrop);
    diagnostics_video_replaced_.store(vrepl);
    diagnostics_audio_drops_.store(adrop);
    ESP_LOGI(TAG,"5s: video=%u pkt/%llu B frames=%u drop=%u replace=%u q=%u/%u total=%ums avg/%ums max decode=%ums avg/%ums max lcd=%ums avg/%ums max jpeg_blocks=%u/frame scan_peak=%u B jpeg_peak=%u B | audio=%u pkt/%llu B AU=%u ok=%u drop=%u q=%u/%u dec=%uus avg/%uus max | heap=%.1f kB rtsp_stack=%u B video_stack=%u B audio_stack=%u B",
      (unsigned) video_packets_,(unsigned long long) video_bytes_,(unsigned) vframes,(unsigned) vdrop,(unsigned) vrepl,
      video_queue_ ? (unsigned) uxQueueMessagesWaiting(video_queue_) : 0U, (unsigned) VIDEO_QUEUE_DEPTH,
      (unsigned) vavg,(unsigned) (vmax/1000),
      (unsigned) vother_avg,(unsigned) (vother_max/1000),
      (unsigned) vlcd_avg,(unsigned) (vlcd_max/1000),(unsigned) vblocks_avg,
      (unsigned) jpeg_scan_peak_,(unsigned) jpeg_interchange_peak_,
      (unsigned) audio_packets_,(unsigned long long) audio_bytes_,(unsigned) audio_aus_,(unsigned) aok,(unsigned) adrop,
      audio_queue_ ? (unsigned) uxQueueMessagesWaiting(audio_queue_) : 0U,(unsigned) AUDIO_QUEUE_DEPTH,(unsigned) aavg,(unsigned) amax,
      get_free_heap_kb(),(unsigned) uxTaskGetStackHighWaterMark(nullptr),
      video_task_handle_ ? (unsigned) uxTaskGetStackHighWaterMark(video_task_handle_) : 0U,
      audio_task_handle_ ? (unsigned) uxTaskGetStackHighWaterMark(audio_task_handle_) : 0U);
    ESP_LOGI(TAG,
             "v1.5.0 AUDIO_PIPE: n=%u decode=%u/%uus noise=%u/%uus cry=%u/%uus play=%u/%uus total=%u/%uus q_peak=%u/%u",
             (unsigned) apipe_count, (unsigned) aavg, (unsigned) amax,
             (unsigned) anoise_avg, (unsigned) anoise_max,
             (unsigned) acry_avg, (unsigned) acry_max,
             (unsigned) aplay_avg, (unsigned) aplay_max,
             (unsigned) apipe_avg, (unsigned) apipe_max,
             (unsigned) aq_peak, (unsigned) AUDIO_QUEUE_DEPTH);
    ESP_LOGI(TAG,
             "v1.5.0 AAC_FLOW: enq_gap=%u/%uus burst10=%u wait=%u/%uus consumer_gap_max=%uus q_peak=%u/%u",
             (unsigned) aflow_gap_min, (unsigned) aflow_gap_max,
             (unsigned) aflow_burst_max, (unsigned) aflow_wait_avg,
             (unsigned) aflow_wait_max, (unsigned) aflow_consumer_gap_max,
             (unsigned) aq_peak, (unsigned) AUDIO_QUEUE_DEPTH);
    dev4_log_spi_diag_();
    // Keep timestamps across the reporting boundary, but make burst length
    // strictly local to the next 5 s diagnostic window.
    audio_flow_current_burst_ = 0;
    video_packets_=audio_packets_=0;video_bytes_=audio_bytes_=0;audio_aus_=0;last_stats_ms_=now;}}
}


int BabyMonitor::parse_fmtp_int_(const std::string &fmtp, const char *name, int fallback) {
  std::string low = lowercase_(fmtp), key = lowercase_(name) + "=";
  size_t p = low.find(key); if (p == std::string::npos) return fallback; p += key.size();
  return strtol(fmtp.c_str() + p, nullptr, 10);
}

void BabyMonitor::configure_aac_from_sdp_(const SdpTrack &audio) {
  aac_rtp_supported_ = false;
  std::string map = lowercase_(audio.rtpmap);
  if (!audio.valid || map.find("mpeg4-generic/") != 0) {
    if (audio.valid) ESP_LOGW(TAG, "Audio RTP format '%s' is not MPEG4-GENERIC; playback disabled", audio.rtpmap.c_str());
    return;
  }
  aac_size_length_ = parse_fmtp_int_(audio.fmtp, "sizelength", 13);
  aac_index_length_ = parse_fmtp_int_(audio.fmtp, "indexlength", 3);
  aac_index_delta_length_ = parse_fmtp_int_(audio.fmtp, "indexdeltalength", 3);
  if (aac_size_length_ <= 0 || aac_size_length_ > 24 || aac_index_length_ < 0 || aac_index_length_ > 16 ||
      aac_index_delta_length_ < 0 || aac_index_delta_length_ > 16) {
    ESP_LOGW(TAG, "Unsupported AAC AU header lengths: size=%d index=%d delta=%d", aac_size_length_, aac_index_length_, aac_index_delta_length_);
    return;
  }
  aac_rtp_supported_ = true;
  ESP_LOGI(TAG, "AAC RTP: MPEG4-GENERIC, sizeLength=%d indexLength=%d indexDeltaLength=%d", aac_size_length_, aac_index_length_, aac_index_delta_length_);
}

bool BabyMonitor::ensure_aac_decoder_() {
  if (aac_decoder_ != nullptr) return true;

  const uint32_t now = millis();
  if (aac_next_open_retry_ms_ != 0 && (int32_t) (now - aac_next_open_retry_ms_) < 0) return false;

  const uint32_t attempt = ++aac_open_attempts_;
  dev8_log_aac_heap_("runtime-before", 0, attempt);

  esp_aac_dec_cfg_t cfg{};
  cfg.sample_rate = 16000;
  cfg.channel = 1;
  cfg.bits_per_sample = 16;
  cfg.no_adts_header = true;
  cfg.aac_plus_enable = false;

  const int64_t begin_us = esp_timer_get_time();
  esp_audio_err_t ret = esp_aac_dec_open(&cfg, sizeof(cfg), &aac_decoder_);
  const uint32_t elapsed_us = (uint32_t) (esp_timer_get_time() - begin_us);

  if (ret != ESP_AUDIO_ERR_OK || aac_decoder_ == nullptr) {
    aac_decoder_ = nullptr;
    const uint32_t failures = ++aac_open_failures_;
    aac_next_open_retry_ms_ = now + 3000U;
    dev8_log_aac_heap_("runtime-fail", (int) ret, attempt);
    ESP_LOGE(TAG,
             "v1.4.1-dev9 AAC_OPEN: phase=runtime result=FAIL ret=%d attempt=%u failures=%u elapsed=%uus retry=3000ms",
             (int) ret, (unsigned) attempt, (unsigned) failures, (unsigned) elapsed_us);
    return false;
  }

  // dev8: capture the decoder's real internal/DMA footprint before allocating
  // any PCM output buffer. If the decoder leaves too little reserve for the
  // ESPHome API/SPI/Wi-Fi, close it immediately instead of allowing a later
  // operator new[] failure to abort the whole device.
  dev8_log_aac_heap_("runtime-opened", (int) ret, attempt);
  const uint32_t int_free = heap_caps_get_free_size(MALLOC_CAP_INTERNAL | MALLOC_CAP_8BIT);
  const uint32_t int_largest = heap_caps_get_largest_free_block(MALLOC_CAP_INTERNAL | MALLOC_CAP_8BIT);
  const uint32_t dma_free = heap_caps_get_free_size(MALLOC_CAP_INTERNAL | MALLOC_CAP_DMA);
  const uint32_t dma_largest = heap_caps_get_largest_free_block(MALLOC_CAP_INTERNAL | MALLOC_CAP_DMA);
  if (int_free < AAC_INTERNAL_GUARD_FREE_BYTES || int_largest < AAC_INTERNAL_GUARD_LARGEST_BYTES ||
      dma_free < AAC_DMA_GUARD_FREE_BYTES || dma_largest < AAC_DMA_GUARD_LARGEST_BYTES) {
    ESP_LOGW(TAG,
             "v1.4.1-dev9 AAC_GUARD: result=REJECT attempt=%u int=%u/%uB dma=%u/%uB thresholds int=%u/%uB dma=%u/%uB",
             (unsigned) attempt, (unsigned) int_free, (unsigned) int_largest,
             (unsigned) dma_free, (unsigned) dma_largest,
             (unsigned) AAC_INTERNAL_GUARD_FREE_BYTES, (unsigned) AAC_INTERNAL_GUARD_LARGEST_BYTES,
             (unsigned) AAC_DMA_GUARD_FREE_BYTES, (unsigned) AAC_DMA_GUARD_LARGEST_BYTES);
    esp_aac_dec_close(aac_decoder_);
    aac_decoder_ = nullptr;
    aac_next_open_retry_ms_ = now + 5000U;
    dev8_log_aac_heap_("runtime-guard-closed", (int) ret, attempt);
    return false;
  }

  if (!ensure_aac_pcm_psram_()) {
    ESP_LOGE(TAG, "v1.4.1-dev9 AAC_OPEN: PCM PSRAM allocation failed; closing decoder");
    esp_aac_dec_close(aac_decoder_);
    aac_decoder_ = nullptr;
    aac_next_open_retry_ms_ = now + 5000U;
    dev8_log_aac_heap_("runtime-pcm-fail", (int) ret, attempt);
    return false;
  }

  aac_next_open_retry_ms_ = 0;
  dev8_log_aac_heap_("runtime-ok", (int) ret, attempt);
  ESP_LOGI(TAG,
           "v1.4.1-dev9 AAC_OPEN: phase=runtime result=OK attempt=%u elapsed=%uus pcm=%uB region=PSRAM",
           (unsigned) attempt, (unsigned) elapsed_us, (unsigned) aac_pcm_capacity_);
  return true;
}

void BabyMonitor::dev8_log_aac_heap_(const char *phase, int ret, uint32_t attempt) const {
  const uint32_t int_caps = MALLOC_CAP_INTERNAL | MALLOC_CAP_8BIT;
  const uint32_t dma_caps = MALLOC_CAP_INTERNAL | MALLOC_CAP_DMA;
  ESP_LOGI(TAG,
           "v1.4.1-dev9 AAC_MEM: phase=%s ret=%d attempt=%u int=%uB int_largest=%uB "
           "dma=%uB dma_largest=%uB 8bit=%uB 8bit_largest=%uB 32bit=%uB 32bit_largest=%uB psram=%uB psram_largest=%uB stack=%uB",
           phase, ret, (unsigned) attempt,
           (unsigned) heap_caps_get_free_size(int_caps),
           (unsigned) heap_caps_get_largest_free_block(int_caps),
           (unsigned) heap_caps_get_free_size(dma_caps),
           (unsigned) heap_caps_get_largest_free_block(dma_caps),
           (unsigned) heap_caps_get_free_size(MALLOC_CAP_8BIT),
           (unsigned) heap_caps_get_largest_free_block(MALLOC_CAP_8BIT),
           (unsigned) heap_caps_get_free_size(MALLOC_CAP_32BIT),
           (unsigned) heap_caps_get_largest_free_block(MALLOC_CAP_32BIT),
           (unsigned) heap_caps_get_free_size(MALLOC_CAP_SPIRAM),
           (unsigned) heap_caps_get_largest_free_block(MALLOC_CAP_SPIRAM),
           (unsigned) uxTaskGetStackHighWaterMark(nullptr));
}

void BabyMonitor::dev8_log_mem_stage_(const char *phase) const {
  const uint32_t int_caps = MALLOC_CAP_INTERNAL | MALLOC_CAP_8BIT;
  const uint32_t dma_caps = MALLOC_CAP_INTERNAL | MALLOC_CAP_DMA;
  const uint32_t self_stack = uxTaskGetStackHighWaterMark(nullptr);
  ESP_LOGI(TAG,
           "v1.4.1-dev9 MEM_STAGE: phase=%s core=%d task=%s int=%uB int_largest=%uB dma=%uB dma_largest=%uB "
           "psram=%uB psram_largest=%uB self_stack=%uB",
           phase, xPortGetCoreID(), pcTaskGetName(nullptr),
           (unsigned) heap_caps_get_free_size(int_caps),
           (unsigned) heap_caps_get_largest_free_block(int_caps),
           (unsigned) heap_caps_get_free_size(dma_caps),
           (unsigned) heap_caps_get_largest_free_block(dma_caps),
           (unsigned) heap_caps_get_free_size(MALLOC_CAP_SPIRAM),
           (unsigned) heap_caps_get_largest_free_block(MALLOC_CAP_SPIRAM),
           (unsigned) self_stack);
}

bool BabyMonitor::ensure_aac_pcm_psram_() {
  if (aac_pcm_ != nullptr && aac_pcm_capacity_ >= AAC_PCM_MAX_BYTES) return true;
  if (aac_pcm_ != nullptr) {
    heap_caps_free(aac_pcm_);
    aac_pcm_ = nullptr;
    aac_pcm_capacity_ = 0;
  }
  aac_pcm_ = static_cast<uint8_t *>(heap_caps_malloc(AAC_PCM_MAX_BYTES, MALLOC_CAP_SPIRAM | MALLOC_CAP_8BIT));
  if (aac_pcm_ == nullptr) return false;
  aac_pcm_capacity_ = AAC_PCM_MAX_BYTES;
  ESP_LOGI(TAG, "v1.4.1-dev9 AAC_PCM: ready=%uB region=PSRAM ptr=%p",
           (unsigned) aac_pcm_capacity_, aac_pcm_);
  return true;
}

void BabyMonitor::close_aac_decoder_() {
  if (aac_decoder_ != nullptr) {
    esp_aac_dec_close(aac_decoder_);
    aac_decoder_ = nullptr;
  }
  // dev8: keep the fixed PSRAM PCM buffer across RTSP/AAC reconnects.
  // This avoids internal-heap vector reallocations and PSRAM fragmentation.
}

bool BabyMonitor::decode_aac_au_(const uint8_t *data, size_t length) {
  const int64_t pipe_start_us = esp_timer_get_time();
  if (!enabled_.load() || stop_requested_.load() || speaker_ == nullptr || !ensure_aac_decoder_()) return false;
  esp_audio_dec_in_raw_t raw{}; raw.buffer = const_cast<uint8_t *>(data); raw.len = length;
  esp_audio_dec_out_frame_t out{}; out.buffer = aac_pcm_; out.len = aac_pcm_capacity_;
  esp_audio_dec_info_t info{};
  int64_t start_us = esp_timer_get_time();
  esp_audio_err_t ret = esp_aac_dec_decode(aac_decoder_, &raw, &out, &info);
  if (ret == ESP_AUDIO_ERR_BUFF_NOT_ENOUGH && out.needed_size > aac_pcm_capacity_) {
    ESP_LOGE(TAG, "AAC PCM output exceeds fixed PSRAM buffer: needed=%u capacity=%u",
             (unsigned) out.needed_size, (unsigned) aac_pcm_capacity_);
    return false;
  }
  uint32_t elapsed = (uint32_t) (esp_timer_get_time() - start_us);
  audio_decode_us_total_.fetch_add(elapsed);
  audio_decode_count_.fetch_add(1);
  uint32_t prev_max = audio_decode_us_max_.load();
  while (elapsed > prev_max && !audio_decode_us_max_.compare_exchange_weak(prev_max, elapsed)) {}
  if (ret != ESP_AUDIO_ERR_OK || out.decoded_size == 0) {
    ESP_LOGW(TAG, "AAC decode failed: ret=%d in=%u consumed=%u need=%u", (int) ret, (unsigned) length,
             (unsigned) raw.consumed, (unsigned) out.needed_size);
    return false;
  }
  if (info.sample_rate != 16000 || info.channel != 1 || info.bits_per_sample != 16) {
    ESP_LOGW(TAG, "Unexpected AAC output: %u Hz, %u ch, %u bit", (unsigned) info.sample_rate, info.channel, info.bits_per_sample);
    return false;
  }

  const int16_t *source_samples = reinterpret_cast<const int16_t *>(out.buffer);
  const size_t source_sample_count = out.decoded_size / sizeof(int16_t);

  const int64_t noise_start_us = esp_timer_get_time();
  noise_analyzer_.process(source_samples, source_sample_count, info.sample_rate);
  const uint32_t noise_us = static_cast<uint32_t>(esp_timer_get_time() - noise_start_us);
  audio_pipe_noise_us_total_.fetch_add(noise_us, std::memory_order_relaxed);
  prev_max = audio_pipe_noise_us_max_.load(std::memory_order_relaxed);
  while (noise_us > prev_max && !audio_pipe_noise_us_max_.compare_exchange_weak(prev_max, noise_us, std::memory_order_relaxed)) {}

  const int64_t cry_start_us = esp_timer_get_time();
  cry_detector_.feed(source_samples, source_sample_count, info.sample_rate);
  const uint32_t cry_us = static_cast<uint32_t>(esp_timer_get_time() - cry_start_us);
  audio_pipe_cry_us_total_.fetch_add(cry_us, std::memory_order_relaxed);
  prev_max = audio_pipe_cry_us_max_.load(std::memory_order_relaxed);
  while (cry_us > prev_max && !audio_pipe_cry_us_max_.compare_exchange_weak(prev_max, cry_us, std::memory_order_relaxed)) {}

  uint32_t play_us = 0;
  if (audio_enabled_.load()) {
    const int64_t play_start_us = esp_timer_get_time();
    const float volume = audio_volume_.load();
    if (volume < 0.999f) {
      int16_t *samples = reinterpret_cast<int16_t *>(out.buffer);
      const size_t sample_count = out.decoded_size / sizeof(int16_t);
      if (volume <= 0.001f) {
        memset(samples, 0, sample_count * sizeof(int16_t));
      } else {
        for (size_t i = 0; i < sample_count; i++)
          samples[i] = static_cast<int16_t>(static_cast<float>(samples[i]) * volume);
      }
    }

    size_t offset = 0;
    int64_t stall_start = esp_timer_get_time();
    while (offset < out.decoded_size && enabled_.load() && audio_enabled_.load() && !stop_requested_.load()) {
      size_t written = speaker_->play(out.buffer + offset, out.decoded_size - offset, pdMS_TO_TICKS(100));
      if (written > 0) {
        offset += written;
        stall_start = esp_timer_get_time();
        continue;
      }
      if ((esp_timer_get_time() - stall_start) / 1000 > AUDIO_WRITE_STALL_MS) {
        ESP_LOGW(TAG, "Speaker stalled: wrote %u/%u B", (unsigned) offset, (unsigned) out.decoded_size);
        return false;
      }
    }
    if (!audio_enabled_.load()) return true;
    if (offset != out.decoded_size) return false;
    play_us = static_cast<uint32_t>(esp_timer_get_time() - play_start_us);
  }

  audio_pipe_play_us_total_.fetch_add(play_us, std::memory_order_relaxed);
  prev_max = audio_pipe_play_us_max_.load(std::memory_order_relaxed);
  while (play_us > prev_max && !audio_pipe_play_us_max_.compare_exchange_weak(prev_max, play_us, std::memory_order_relaxed)) {}

  const uint32_t total_us = static_cast<uint32_t>(esp_timer_get_time() - pipe_start_us);
  audio_pipe_total_us_total_.fetch_add(total_us, std::memory_order_relaxed);
  audio_pipe_count_.fetch_add(1, std::memory_order_relaxed);
  prev_max = audio_pipe_total_us_max_.load(std::memory_order_relaxed);
  while (total_us > prev_max && !audio_pipe_total_us_max_.compare_exchange_weak(prev_max, total_us, std::memory_order_relaxed)) {}
  return true;
}

bool BabyMonitor::enqueue_aac_au_(const uint8_t *data, size_t length) {
  if (audio_queue_ == nullptr || length == 0 || length > AudioAu::MAX_BYTES) return false;
  AudioAu item{};
  item.epoch = media_epoch_.load();
  item.enqueue_us = static_cast<uint32_t>(esp_timer_get_time());
  item.length = static_cast<uint16_t>(length);
  memcpy(item.data.data(), data, length);

  // v1.4.2-dev2: characterize producer burstiness. A burst is a run of AUs
  // whose enqueue-to-enqueue gap is <=10 ms. This is diagnostic only.
  if (audio_flow_last_enqueue_us_ != 0) {
    const uint32_t gap_us = item.enqueue_us - audio_flow_last_enqueue_us_;
    uint32_t prev_min = audio_flow_enq_gap_min_us_.load(std::memory_order_relaxed);
    while (gap_us < prev_min && !audio_flow_enq_gap_min_us_.compare_exchange_weak(prev_min, gap_us, std::memory_order_relaxed)) {}
    uint32_t prev_max = audio_flow_enq_gap_max_us_.load(std::memory_order_relaxed);
    while (gap_us > prev_max && !audio_flow_enq_gap_max_us_.compare_exchange_weak(prev_max, gap_us, std::memory_order_relaxed)) {}
    audio_flow_current_burst_ = (gap_us <= 10000U) ? (audio_flow_current_burst_ + 1U) : 1U;
  } else {
    audio_flow_current_burst_ = 1U;
  }
  audio_flow_last_enqueue_us_ = item.enqueue_us;
  uint32_t burst_prev = audio_flow_burst_max_.load(std::memory_order_relaxed);
  while (audio_flow_current_burst_ > burst_prev &&
         !audio_flow_burst_max_.compare_exchange_weak(burst_prev, audio_flow_current_burst_, std::memory_order_relaxed)) {}

  const uint32_t queued_before = static_cast<uint32_t>(uxQueueMessagesWaiting(audio_queue_));
  uint32_t qprev = audio_pipe_queue_peak_.load(std::memory_order_relaxed);
  while (queued_before > qprev && !audio_pipe_queue_peak_.compare_exchange_weak(qprev, queued_before, std::memory_order_relaxed)) {}
  if (xQueueSend(audio_queue_, &item, 0) != pdTRUE) return false;
  const uint32_t queued_after_send = std::min<uint32_t>(AUDIO_QUEUE_DEPTH, queued_before + 1U);
  qprev = audio_pipe_queue_peak_.load(std::memory_order_relaxed);
  while (queued_after_send > qprev && !audio_pipe_queue_peak_.compare_exchange_weak(qprev, queued_after_send, std::memory_order_relaxed)) {}
  return true;
}

void BabyMonitor::handle_audio_rtp_(const uint8_t *packet, size_t length) {
  if (!aac_rtp_supported_) return;
  size_t po, pl; uint16_t seq; uint32_t ts; bool marker;
  if (!parse_rtp_header_(packet, length, po, pl, seq, ts, marker) || pl < 2) return;
  const uint8_t *p = packet + po;
  uint16_t au_header_bits = (uint16_t(p[0]) << 8) | p[1];
  size_t au_header_bytes = (au_header_bits + 7) / 8;
  if (2 + au_header_bytes > pl || au_header_bits == 0) { audio_dropped_aus_++; return; }
  BitReader br(p + 2, au_header_bits);
  std::array<uint32_t, 8> sizes{};
  size_t size_count = 0;
  while (size_count < sizes.size()) {
    uint32_t au_size = 0, ignored = 0;
    if (!br.read(aac_size_length_, au_size)) break;
    unsigned index_bits = size_count == 0 ? aac_index_length_ : aac_index_delta_length_;
    if (index_bits && !br.read(index_bits, ignored)) { size_count = 0; break; }
    sizes[size_count++] = au_size;
  }
  if (size_count == 0) { audio_dropped_aus_++; return; }
  const uint8_t *au = p + 2 + au_header_bytes;
  size_t remaining = pl - 2 - au_header_bytes;
  for (size_t i = 0; i < size_count; i++) {
    uint32_t size = sizes[i];
    audio_aus_++;
    if (size == 0 || size > remaining) { audio_dropped_aus_++; break; }
    if (!enqueue_aac_au_(au, size)) {
      audio_dropped_aus_++;
      ESP_LOGW(TAG, "AAC queue full/oversize: %u B (queued=%u/%u)", (unsigned) size,
               audio_queue_ ? (unsigned) uxQueueMessagesWaiting(audio_queue_) : 0U, (unsigned) AUDIO_QUEUE_DEPTH);
    }
    au += size; remaining -= size;
  }
}

bool BabyMonitor::parse_rtp_header_(const uint8_t *p,size_t len,size_t &off,size_t &plen,uint16_t &seq,uint32_t &ts,bool &marker) const {if(len<12||(p[0]>>6)!=2)return false;uint8_t cc=p[0]&0x0f;bool ext=p[0]&0x10,pad=p[0]&0x20;off=12+4*cc;if(off>len)return false;if(ext){if(off+4>len)return false;uint16_t words=(uint16_t(p[off+2])<<8)|p[off+3];off+=4+words*4;if(off>len)return false;}plen=len-off;if(pad){uint8_t n=p[len-1];if(n>plen)return false;plen-=n;}seq=(uint16_t(p[2])<<8)|p[3];ts=(uint32_t(p[4])<<24)|(uint32_t(p[5])<<16)|(uint32_t(p[6])<<8)|p[7];marker=(p[1]&0x80)!=0;return true;}

void BabyMonitor::handle_video_rtp_(const uint8_t *packet, size_t length) {
  size_t po, pl;
  uint16_t seq;
  uint32_t ts;
  bool marker;
  if (!parse_rtp_header_(packet, length, po, pl, seq, ts, marker) || pl < 8) return;

  const uint8_t *p = packet + po;
  const uint32_t frag = (uint32_t(p[1]) << 16) | (uint32_t(p[2]) << 8) | p[3];
  size_t scan_off = 0;
  uint32_t fragment_offset = frag;

  if (frag == 0) {
    if (!begin_jpeg_frame_(p, pl, ts, seq, scan_off, fragment_offset)) {
      dropped_frames_++;
      return;
    }
  } else {
    if (!jpeg_state_.active || !jpeg_state_.valid || jpeg_state_.timestamp != ts ||
        seq != jpeg_state_.expected_seq) {
      jpeg_state_.valid = false;
      dropped_frames_++;
      return;
    }
    scan_off = 8;
    if (jpeg_state_.type >= 64) scan_off += 4;
    if (scan_off > pl || frag != jpeg_scan_length_) {
      ESP_LOGW(TAG, "RTP/JPEG discontinuity: frag=%u expected=%u seq=%u expected_seq=%u",
               (unsigned) frag, (unsigned) jpeg_scan_length_, seq, jpeg_state_.expected_seq);
      jpeg_state_.valid = false;
      dropped_frames_++;
      return;
    }
  }

  if (!jpeg_state_.valid) return;
  if (!ensure_jpeg_buffers_()) {
    jpeg_state_.valid = false;
    dropped_frames_++;
    return;
  }

  const size_t n = pl - scan_off;
  if (n > MAX_RTP_JPEG_SCAN - jpeg_scan_length_) {
    ESP_LOGW(TAG, "RTP/JPEG frame too large: current=%u + packet=%u > limit=%u B; dropping frame",
             (unsigned) jpeg_scan_length_, (unsigned) n, (unsigned) MAX_RTP_JPEG_SCAN);
    jpeg_state_.valid = false;
    dropped_frames_++;
    return;
  }

  memcpy(jpeg_scan_buffer_ + jpeg_scan_length_, p + scan_off, n);
  jpeg_scan_length_ += n;
  jpeg_scan_peak_ = std::max(jpeg_scan_peak_, jpeg_scan_length_);
  jpeg_state_.expected_seq = seq + 1;
  if (marker) finish_jpeg_frame_();
}

bool BabyMonitor::begin_jpeg_frame_(const uint8_t *p, size_t len, uint32_t ts, uint16_t seq,
                                    size_t &scan_off, uint32_t &fragment_offset) {
  jpeg_state_.active = true;
  jpeg_state_.valid = false;
  jpeg_state_.timestamp = ts;
  jpeg_state_.expected_seq = seq;
  jpeg_scan_length_ = 0;
  jpeg_state_.type = p[4];
  jpeg_state_.q = p[5];
  jpeg_state_.width_blocks = p[6];
  jpeg_state_.height_blocks = p[7];
  jpeg_state_.dri = 0;

  if ((jpeg_state_.type & 0x3f) > 1 || !jpeg_state_.width_blocks || !jpeg_state_.height_blocks) {
    ESP_LOGW(TAG, "Unsupported RTP/JPEG type=%u size=%ux%u blocks", jpeg_state_.type,
             jpeg_state_.width_blocks, jpeg_state_.height_blocks);
    return false;
  }

  scan_off = 8;
  if (jpeg_state_.type >= 64) {
    if (len < 12) return false;
    jpeg_state_.dri = (uint16_t(p[8]) << 8) | p[9];
    scan_off += 4;
  }

  if (jpeg_state_.q >= 128) {
    if (len < scan_off + 4) return false;
    const uint8_t precision = p[scan_off + 1];
    const uint16_t qlen = (uint16_t(p[scan_off + 2]) << 8) | p[scan_off + 3];
    scan_off += 4;
    if (precision != 0 || qlen < 128 || len < scan_off + qlen) {
      ESP_LOGW(TAG, "Unsupported/incomplete in-band quant tables q=%u precision=%u len=%u",
               jpeg_state_.q, precision, qlen);
      return false;
    }
    memcpy(jpeg_state_.lqt.data(), p + scan_off, 64);
    memcpy(jpeg_state_.cqt.data(), p + scan_off + 64, 64);
    scan_off += qlen;
  } else {
    if (jpeg_state_.q < 1 || jpeg_state_.q > 99) return false;
    make_quant_tables_(jpeg_state_.q, jpeg_state_.lqt.data(), jpeg_state_.cqt.data());
  }

  if (scan_off > len) return false;
  fragment_offset = 0;
  jpeg_state_.valid = true;
  return true;
}

bool BabyMonitor::ensure_jpeg_buffers_() {
  if (jpeg_scan_buffer_ != nullptr && jpeg_frame_buffers_[0] != nullptr && jpeg_frame_buffers_[1] != nullptr) return true;

  if (jpeg_scan_buffer_ == nullptr) {
    jpeg_scan_buffer_ = static_cast<uint8_t *>(
        heap_caps_malloc(MAX_RTP_JPEG_SCAN, MALLOC_CAP_SPIRAM | MALLOC_CAP_8BIT));
  }
  for (auto &buf : jpeg_frame_buffers_) {
    if (buf == nullptr)
      buf = static_cast<uint8_t *>(heap_caps_malloc(MAX_INTERCHANGE_JPEG, MALLOC_CAP_SPIRAM | MALLOC_CAP_8BIT));
  }

  if (jpeg_scan_buffer_ == nullptr || jpeg_frame_buffers_[0] == nullptr || jpeg_frame_buffers_[1] == nullptr) {
    ESP_LOGE(TAG,
             "PSRAM JPEG buffer allocation failed: scan=%s frame0=%s frame1=%s free_psram=%u B largest_psram=%u B",
             YESNO(jpeg_scan_buffer_ != nullptr), YESNO(jpeg_frame_buffers_[0] != nullptr), YESNO(jpeg_frame_buffers_[1] != nullptr),
             (unsigned) heap_caps_get_free_size(MALLOC_CAP_SPIRAM),
             (unsigned) heap_caps_get_largest_free_block(MALLOC_CAP_SPIRAM));
    free_jpeg_buffers_();
    return false;
  }

  ESP_LOGI(TAG,
           "JPEG PSRAM buffers ready: scan=%u B frame_slots=2x%u B total=%u B free_psram=%u B largest_psram=%u B",
           (unsigned) MAX_RTP_JPEG_SCAN, (unsigned) MAX_INTERCHANGE_JPEG,
           (unsigned) (MAX_RTP_JPEG_SCAN + 2 * MAX_INTERCHANGE_JPEG),
           (unsigned) heap_caps_get_free_size(MALLOC_CAP_SPIRAM),
           (unsigned) heap_caps_get_largest_free_block(MALLOC_CAP_SPIRAM));
  return true;
}

void BabyMonitor::free_jpeg_buffers_() {
  if (jpeg_scan_buffer_ != nullptr) {
    heap_caps_free(jpeg_scan_buffer_);
    jpeg_scan_buffer_ = nullptr;
  }
  for (auto &buf : jpeg_frame_buffers_) {
    if (buf != nullptr) {
      heap_caps_free(buf);
      buf = nullptr;
    }
  }
  jpeg_scan_length_ = 0;
  jpeg_scan_peak_ = 0;
  jpeg_interchange_peak_ = 0;
}

void BabyMonitor::finish_jpeg_frame_() {
  if (!jpeg_state_.active || !jpeg_state_.valid || jpeg_scan_length_ == 0) return;
  if (!ensure_jpeg_buffers_() || video_queue_ == nullptr || video_queue_mutex_ == nullptr) {
    dropped_frames_.fetch_add(1);
    jpeg_state_.active = false;
    jpeg_state_.valid = false;
    jpeg_scan_length_ = 0;
    return;
  }

  xSemaphoreTake(video_queue_mutex_, portMAX_DELAY);
  VideoFrame pending{};
  const bool has_pending = xQueuePeek(video_queue_, &pending, 0) == pdTRUE;
  const int busy = video_busy_slot_.load();
  uint8_t slot = 0;
  if (has_pending) {
    slot = pending.slot;  // replace the not-yet-decoded frame in place
    video_replaced_frames_.fetch_add(1);
  } else {
    slot = (busy == 0) ? 1 : 0;
  }

  size_t jpeg_length = 0;
  bool built = slot < jpeg_frame_buffers_.size() && jpeg_frame_buffers_[slot] != nullptr &&
               build_interchange_jpeg_(jpeg_frame_buffers_[slot], MAX_INTERCHANGE_JPEG, jpeg_length);
  if (built) {
    VideoFrame frame{};
    frame.epoch = media_epoch_.load();
    frame.length = static_cast<uint32_t>(jpeg_length);
    frame.slot = slot;
    xQueueOverwrite(video_queue_, &frame);
  } else {
    dropped_frames_.fetch_add(1);
  }
  xSemaphoreGive(video_queue_mutex_);

  jpeg_state_.active = false;
  jpeg_state_.valid = false;
  jpeg_scan_length_ = 0;
}

void BabyMonitor::make_quant_tables_(int q, uint8_t *lqt, uint8_t *cqt) {
  int factor = std::clamp(q, 1, 99);
  int scale = factor < 50 ? 5000 / factor : 200 - factor * 2;
  for (int i = 0; i < 64; i++) {
    int l = (JPEG_LUMA_Q[i] * scale + 50) / 100;
    int c = (JPEG_CHROMA_Q[i] * scale + 50) / 100;
    lqt[i] = std::clamp(l, 1, 255);
    cqt[i] = std::clamp(c, 1, 255);
  }
}

bool BabyMonitor::append_byte_(uint8_t *out, size_t capacity, size_t &pos, uint8_t value) {
  if (pos >= capacity) return false;
  out[pos++] = value;
  return true;
}

bool BabyMonitor::append_bytes_(uint8_t *out, size_t capacity, size_t &pos, const uint8_t *data, size_t length) {
  if (pos > capacity || length > capacity - pos) return false;
  memcpy(out + pos, data, length);
  pos += length;
  return true;
}

bool BabyMonitor::append_quant_header_(uint8_t *out, size_t capacity, size_t &pos, const uint8_t *q, uint8_t n) {
  const uint8_t hdr[] = {0xff, 0xdb, 0x00, 67, n};
  return append_bytes_(out, capacity, pos, hdr, sizeof(hdr)) &&
         append_bytes_(out, capacity, pos, q, 64);
}

bool BabyMonitor::append_huffman_header_(uint8_t *out, size_t capacity, size_t &pos, const uint8_t *lens,
                                         size_t lens_len, const uint8_t *symbols, size_t symbols_len,
                                         uint8_t n, uint8_t cls) {
  const uint16_t len = 3 + lens_len + symbols_len;
  const uint8_t hdr[] = {0xff, 0xc4, uint8_t(len >> 8), uint8_t(len), uint8_t((cls << 4) | n)};
  return append_bytes_(out, capacity, pos, hdr, sizeof(hdr)) &&
         append_bytes_(out, capacity, pos, lens, lens_len) &&
         append_bytes_(out, capacity, pos, symbols, symbols_len);
}

bool BabyMonitor::append_jpeg_headers_(uint8_t *out, size_t capacity, size_t &pos, uint8_t type,
                                       uint8_t wb, uint8_t hb, const uint8_t *lqt, const uint8_t *cqt,
                                       uint16_t dri) {
  const uint8_t soi[] = {0xff, 0xd8};
  if (!append_bytes_(out, capacity, pos, soi, sizeof(soi)) ||
      !append_quant_header_(out, capacity, pos, lqt, 0) ||
      !append_quant_header_(out, capacity, pos, cqt, 1)) return false;

  if (dri) {
    const uint8_t dri_hdr[] = {0xff, 0xdd, 0x00, 0x04, uint8_t(dri >> 8), uint8_t(dri)};
    if (!append_bytes_(out, capacity, pos, dri_hdr, sizeof(dri_hdr))) return false;
  }

  const uint16_t w = wb * 8;
  const uint16_t h = hb * 8;
  const uint8_t sof0[] = {0xff, 0xc0, 0x00, 17, 8, uint8_t(h >> 8), uint8_t(h),
                          uint8_t(w >> 8), uint8_t(w), 3, 0,
                          uint8_t(((type & 0x3f) == 0) ? 0x21 : 0x22), 0,
                          1, 0x11, 1, 2, 0x11, 1};
  if (!append_bytes_(out, capacity, pos, sof0, sizeof(sof0)) ||
      !append_huffman_header_(out, capacity, pos, LUM_DC_LENS, sizeof(LUM_DC_LENS), LUM_DC_SYMS,
                              sizeof(LUM_DC_SYMS), 0, 0) ||
      !append_huffman_header_(out, capacity, pos, LUM_AC_LENS, sizeof(LUM_AC_LENS), LUM_AC_SYMS,
                              sizeof(LUM_AC_SYMS), 0, 1) ||
      !append_huffman_header_(out, capacity, pos, CHR_DC_LENS, sizeof(CHR_DC_LENS), CHR_DC_SYMS,
                              sizeof(CHR_DC_SYMS), 1, 0) ||
      !append_huffman_header_(out, capacity, pos, CHR_AC_LENS, sizeof(CHR_AC_LENS), CHR_AC_SYMS,
                              sizeof(CHR_AC_SYMS), 1, 1)) return false;

  const uint8_t sos[] = {0xff, 0xda, 0x00, 12, 3, 0, 0, 1, 0x11, 2, 0x11, 0, 63, 0};
  return append_bytes_(out, capacity, pos, sos, sizeof(sos));
}

bool BabyMonitor::build_interchange_jpeg_(uint8_t *out, size_t capacity, size_t &jpeg_length) {
  jpeg_length = 0;
  if (out == nullptr || capacity == 0) return false;
  if (!append_jpeg_headers_(out, capacity, jpeg_length,
                            jpeg_state_.type, jpeg_state_.width_blocks, jpeg_state_.height_blocks,
                            jpeg_state_.lqt.data(), jpeg_state_.cqt.data(), jpeg_state_.dri)) {
    ESP_LOGW(TAG, "JPEG header exceeds interchange buffer");
    return false;
  }

  if (jpeg_scan_length_ > capacity - jpeg_length) {
    ESP_LOGW(TAG, "JPEG interchange overflow: header=%u scan=%u limit=%u B",
             (unsigned) jpeg_length, (unsigned) jpeg_scan_length_, (unsigned) capacity);
    return false;
  }
  memcpy(out + jpeg_length, jpeg_scan_buffer_, jpeg_scan_length_);
  jpeg_length += jpeg_scan_length_;

  if (jpeg_length < 2 || out[jpeg_length - 2] != 0xff ||
      out[jpeg_length - 1] != 0xd9) {
    if (jpeg_length + 2 > capacity) return false;
    out[jpeg_length++] = 0xff;
    out[jpeg_length++] = 0xd9;
  }
  jpeg_interchange_peak_ = std::max(jpeg_interchange_peak_, jpeg_length);
  return true;
}

int BabyMonitor::jpeg_draw_callback_(JPEGDRAW *draw) {
  return static_cast<BabyMonitor *>(draw->pUser)->draw_jpeg_block_(draw);
}

int BabyMonitor::draw_jpeg_block_(JPEGDRAW *d) {
  if (!enabled_.load() || stop_requested_.load() || video_reset_requested_.load()) return 0;
  if (video_framebuffer_ == nullptr || d == nullptr || d->pPixels == nullptr) return 0;

  const int used_width = d->iWidthUsed > 0 ? d->iWidthUsed : d->iWidth;
  if (used_width <= 0 || d->iHeight <= 0 || d->x < 0 || d->y < 0) return 0;
  if (d->x + used_width > static_cast<int>(VIDEO_WIDTH) ||
      d->y + d->iHeight > static_cast<int>(VIDEO_HEIGHT)) {
    ESP_LOGW(TAG, "JPEG block outside QVGA framebuffer: x=%d y=%d w=%d h=%d", d->x, d->y, used_width, d->iHeight);
    return 0;
  }

  const uint8_t *src = reinterpret_cast<const uint8_t *>(d->pPixels);
  const size_t src_stride = static_cast<size_t>(d->iWidth) * 2;
  const size_t copy_bytes = static_cast<size_t>(used_width) * 2;
  for (int row = 0; row < d->iHeight; row++) {
    uint8_t *dst = video_framebuffer_ +
                   (static_cast<size_t>(d->y + row) * VIDEO_WIDTH + static_cast<size_t>(d->x)) * 2;
    memcpy(dst, src + static_cast<size_t>(row) * src_stride, copy_bytes);
  }
  current_frame_lcd_blocks_++;
  return 1;
}

bool BabyMonitor::ensure_jpeg_decoder_() {
  if (jpeg_decoder_ != nullptr) return true;

  const size_t bytes = sizeof(JPEGDEC);
  void *storage = heap_caps_malloc(bytes, MALLOC_CAP_INTERNAL | MALLOC_CAP_8BIT);
  const char *region = "internal";
  if (storage == nullptr) {
    storage = heap_caps_malloc(bytes, MALLOC_CAP_SPIRAM | MALLOC_CAP_8BIT);
    region = "psram";
  }
  if (storage == nullptr) {
    ESP_LOGE(TAG,
             "dev46 JPEGDEC storage allocation failed: %u B free_internal=%u B free_psram=%u B",
             (unsigned) bytes,
             (unsigned) heap_caps_get_free_size(MALLOC_CAP_INTERNAL | MALLOC_CAP_8BIT),
             (unsigned) heap_caps_get_free_size(MALLOC_CAP_SPIRAM | MALLOC_CAP_8BIT));
    return false;
  }

  jpeg_decoder_ = new (storage) JPEGDEC();
  ESP_LOGI(TAG,
           "dev46 persistent JPEGDEC ready: %u B region=%s @%p free_internal=%u B free_psram=%u B",
           (unsigned) bytes, region, jpeg_decoder_,
           (unsigned) heap_caps_get_free_size(MALLOC_CAP_INTERNAL | MALLOC_CAP_8BIT),
           (unsigned) heap_caps_get_free_size(MALLOC_CAP_SPIRAM | MALLOC_CAP_8BIT));
  return true;
}

void BabyMonitor::dev4_reset_spi_diag_() {
  dev4_lcd_flushes_.store(0);
  dev4_lcd_cry_overlap_.store(0);
  dev4_lcd_slow_flushes_.store(0);
  dev4_lcd_us_max_.store(0);
  dev4_int_free_min_.store(UINT32_MAX);
  dev4_int_largest_min_.store(UINT32_MAX);
  dev4_dma_free_min_.store(UINT32_MAX);
  dev4_dma_largest_min_.store(UINT32_MAX);
  dev4_video_stack_min_.store(UINT32_MAX);
}

bool BabyMonitor::ensure_lcd_dma_stage_() {
  if (lcd_dma_stage_ != nullptr) return true;

  lcd_dma_stage_ = static_cast<uint8_t *>(heap_caps_malloc(
      LCD_DMA_STAGE_BYTES, MALLOC_CAP_DMA | MALLOC_CAP_INTERNAL | MALLOC_CAP_8BIT));
  if (lcd_dma_stage_ == nullptr) {
    ESP_LOGE(TAG,
             "v1.4.1-dev9 LCD DMA stage allocation failed: %u B int=%uB int_largest=%uB dma=%uB dma_largest=%uB",
             (unsigned) LCD_DMA_STAGE_BYTES,
             (unsigned) heap_caps_get_free_size(MALLOC_CAP_INTERNAL | MALLOC_CAP_8BIT),
             (unsigned) heap_caps_get_largest_free_block(MALLOC_CAP_INTERNAL | MALLOC_CAP_8BIT),
             (unsigned) heap_caps_get_free_size(MALLOC_CAP_DMA | MALLOC_CAP_INTERNAL),
             (unsigned) heap_caps_get_largest_free_block(MALLOC_CAP_DMA | MALLOC_CAP_INTERNAL));
    return false;
  }

  ESP_LOGI(TAG,
           "v1.4.1-dev9 LCD DMA stage ready: %u B rows=%u chunks/frame=%u int=%uB int_largest=%uB dma=%uB dma_largest=%uB",
           (unsigned) LCD_DMA_STAGE_BYTES, (unsigned) LCD_DMA_STAGE_ROWS,
           (unsigned) ((VIDEO_HEIGHT + LCD_DMA_STAGE_ROWS - 1) / LCD_DMA_STAGE_ROWS),
           (unsigned) heap_caps_get_free_size(MALLOC_CAP_INTERNAL | MALLOC_CAP_8BIT),
           (unsigned) heap_caps_get_largest_free_block(MALLOC_CAP_INTERNAL | MALLOC_CAP_8BIT),
           (unsigned) heap_caps_get_free_size(MALLOC_CAP_DMA | MALLOC_CAP_INTERNAL),
           (unsigned) heap_caps_get_largest_free_block(MALLOC_CAP_DMA | MALLOC_CAP_INTERNAL));
  return true;
}

void BabyMonitor::dev6_draw_staged_frame_(const char *reason) {
  if (display_ == nullptr || video_framebuffer_ == nullptr || !ensure_lcd_dma_stage_()) return;

  const bool cry_active = cry_detector_.inference_active();
  const uint32_t int_free_pre = heap_caps_get_free_size(MALLOC_CAP_INTERNAL | MALLOC_CAP_8BIT);
  const uint32_t int_largest_pre = heap_caps_get_largest_free_block(MALLOC_CAP_INTERNAL | MALLOC_CAP_8BIT);
  const uint32_t dma_free_pre = heap_caps_get_free_size(MALLOC_CAP_DMA | MALLOC_CAP_INTERNAL);
  const uint32_t dma_largest_pre = heap_caps_get_largest_free_block(MALLOC_CAP_DMA | MALLOC_CAP_INTERNAL);
  const uint32_t stack_pre = video_task_handle_ ? uxTaskGetStackHighWaterMark(video_task_handle_) : UINT32_MAX;

  const int64_t t0 = esp_timer_get_time();
  dev5_lcd_flush_start_us_.store(static_cast<uint32_t>(t0), std::memory_order_relaxed);
  dev5_lcd_flush_active_.store(true, std::memory_order_release);

  // The display component sees only a persistent DMA-capable internal buffer.
  // No draw_pixels_at() call receives the PSRAM framebuffer directly.
  for (size_t y = 0; y < VIDEO_HEIGHT; y += LCD_DMA_STAGE_ROWS) {
    const size_t rows = std::min(LCD_DMA_STAGE_ROWS, VIDEO_HEIGHT - y);
    const size_t bytes = VIDEO_WIDTH * rows * 2;
    const uint8_t *src = video_framebuffer_ + y * VIDEO_WIDTH * 2;
    memcpy(lcd_dma_stage_, src, bytes);
    display_->draw_pixels_at(0, static_cast<int>(y), VIDEO_WIDTH, rows, lcd_dma_stage_,
                             display::COLOR_ORDER_RGB, display::COLOR_BITNESS_565,
                             true, 0, 0, 0);
  }

  dev5_lcd_flush_active_.store(false, std::memory_order_release);
  const uint32_t elapsed_us = static_cast<uint32_t>(std::max<int64_t>(0, esp_timer_get_time() - t0));

  const uint32_t int_free_post = heap_caps_get_free_size(MALLOC_CAP_INTERNAL | MALLOC_CAP_8BIT);
  const uint32_t int_largest_post = heap_caps_get_largest_free_block(MALLOC_CAP_INTERNAL | MALLOC_CAP_8BIT);
  const uint32_t dma_free_post = heap_caps_get_free_size(MALLOC_CAP_DMA | MALLOC_CAP_INTERNAL);
  const uint32_t dma_largest_post = heap_caps_get_largest_free_block(MALLOC_CAP_DMA | MALLOC_CAP_INTERNAL);
  const uint32_t stack_post = video_task_handle_ ? uxTaskGetStackHighWaterMark(video_task_handle_) : UINT32_MAX;

  auto atomic_min = [](std::atomic<uint32_t> &dst, uint32_t value) {
    uint32_t cur = dst.load(std::memory_order_relaxed);
    while (value < cur && !dst.compare_exchange_weak(cur, value, std::memory_order_relaxed)) {}
  };
  auto atomic_max = [](std::atomic<uint32_t> &dst, uint32_t value) {
    uint32_t cur = dst.load(std::memory_order_relaxed);
    while (value > cur && !dst.compare_exchange_weak(cur, value, std::memory_order_relaxed)) {}
  };

  dev4_lcd_flushes_.fetch_add(1, std::memory_order_relaxed);
  if (cry_active) dev4_lcd_cry_overlap_.fetch_add(1, std::memory_order_relaxed);
  if (elapsed_us >= 80000U) dev4_lcd_slow_flushes_.fetch_add(1, std::memory_order_relaxed);
  atomic_max(dev4_lcd_us_max_, elapsed_us);
  atomic_min(dev4_int_free_min_, std::min(int_free_pre, int_free_post));
  atomic_min(dev4_int_largest_min_, std::min(int_largest_pre, int_largest_post));
  atomic_min(dev4_dma_free_min_, std::min(dma_free_pre, dma_free_post));
  atomic_min(dev4_dma_largest_min_, std::min(dma_largest_pre, dma_largest_post));
  atomic_min(dev4_video_stack_min_, std::min(stack_pre, stack_post));

  (void) reason;
}

void BabyMonitor::record_spi_err101() {
  // Called from logger.on_message while the original spi-esp-idf error is being
  // emitted. Do not allocate, do not log and do not touch queues from here.
  const uint32_t now_us = static_cast<uint32_t>(esp_timer_get_time());
  const bool in_flush = dev5_lcd_flush_active_.load(std::memory_order_acquire);
  const uint32_t flush_start = dev5_lcd_flush_start_us_.load(std::memory_order_relaxed);

  dev5_spi_err101_total_.fetch_add(1, std::memory_order_relaxed);
  dev5_spi_err101_window_.fetch_add(1, std::memory_order_relaxed);
  dev5_spi_err101_last_us_.store(now_us, std::memory_order_relaxed);
  dev5_spi_err101_int_free_.store(
      heap_caps_get_free_size(MALLOC_CAP_INTERNAL | MALLOC_CAP_8BIT), std::memory_order_relaxed);
  dev5_spi_err101_int_largest_.store(
      heap_caps_get_largest_free_block(MALLOC_CAP_INTERNAL | MALLOC_CAP_8BIT), std::memory_order_relaxed);
  dev5_spi_err101_dma_free_.store(
      heap_caps_get_free_size(MALLOC_CAP_DMA | MALLOC_CAP_INTERNAL), std::memory_order_relaxed);
  dev5_spi_err101_dma_largest_.store(
      heap_caps_get_largest_free_block(MALLOC_CAP_DMA | MALLOC_CAP_INTERNAL), std::memory_order_relaxed);
  dev5_spi_err101_stack_.store(uxTaskGetStackHighWaterMark(nullptr), std::memory_order_relaxed);
  dev5_spi_err101_core_.store(static_cast<uint8_t>(xPortGetCoreID()), std::memory_order_relaxed);
  dev5_spi_err101_in_flush_.store(in_flush, std::memory_order_relaxed);
  dev5_spi_err101_cry_active_.store(cry_detector_.inference_active(), std::memory_order_relaxed);
  dev5_spi_err101_video_task_.store(
      video_task_handle_ != nullptr && xTaskGetCurrentTaskHandle() == video_task_handle_,
      std::memory_order_relaxed);
  dev5_spi_err101_flush_offset_us_.store(in_flush ? (now_us - flush_start) : 0U,
                                         std::memory_order_relaxed);
}

void BabyMonitor::dev4_log_spi_diag_() {
  const uint32_t flushes = dev4_lcd_flushes_.exchange(0);
  const uint32_t cry_overlap = dev4_lcd_cry_overlap_.exchange(0);
  const uint32_t slow80 = dev4_lcd_slow_flushes_.exchange(0);
  const uint32_t lcd_max = dev4_lcd_us_max_.exchange(0);
  const uint32_t int_min = dev4_int_free_min_.exchange(UINT32_MAX);
  const uint32_t int_largest = dev4_int_largest_min_.exchange(UINT32_MAX);
  const uint32_t dma_min = dev4_dma_free_min_.exchange(UINT32_MAX);
  const uint32_t dma_largest = dev4_dma_largest_min_.exchange(UINT32_MAX);
  const uint32_t stack_min = dev4_video_stack_min_.exchange(UINT32_MAX);

  if (flushes == 0) {
    ESP_LOGI(TAG, "v1.4.1-dev9 SPI_DIAG: flush=0 (no LCD transfer in window)");
  } else {
    ESP_LOGI(TAG,
             "v1.4.1-dev9 SPI_DIAG: flush=%u cry_overlap=%u slow80=%u lcd_max=%uus "
             "int_min=%uB int_largest_min=%uB dma_min=%uB dma_largest_min=%uB "
             "video_stack_min=%uB src=DMA-stage/16rows",
             (unsigned) flushes, (unsigned) cry_overlap, (unsigned) slow80, (unsigned) lcd_max,
             (unsigned) (int_min == UINT32_MAX ? 0U : int_min),
             (unsigned) (int_largest == UINT32_MAX ? 0U : int_largest),
             (unsigned) (dma_min == UINT32_MAX ? 0U : dma_min),
             (unsigned) (dma_largest == UINT32_MAX ? 0U : dma_largest),
             (unsigned) (stack_min == UINT32_MAX ? 0U : stack_min));
  }

  const uint32_t err_win = dev5_spi_err101_window_.exchange(0, std::memory_order_relaxed);
  if (err_win != 0) {
    const uint32_t now_us = static_cast<uint32_t>(esp_timer_get_time());
    const uint32_t last_us = dev5_spi_err101_last_us_.load(std::memory_order_relaxed);
    ESP_LOGI(TAG,
             "v1.4.1-dev9 SPI_ERR101: win=%u total=%u age=%uus in_flush=%s at=%uus "
             "cry=%s core=%u task=%s int=%uB int_largest=%uB dma=%uB dma_largest=%uB stack=%uB",
             (unsigned) err_win,
             (unsigned) dev5_spi_err101_total_.load(std::memory_order_relaxed),
             (unsigned) (now_us - last_us),
             dev5_spi_err101_in_flush_.load(std::memory_order_relaxed) ? "YES" : "NO",
             (unsigned) dev5_spi_err101_flush_offset_us_.load(std::memory_order_relaxed),
             dev5_spi_err101_cry_active_.load(std::memory_order_relaxed) ? "YES" : "NO",
             (unsigned) dev5_spi_err101_core_.load(std::memory_order_relaxed),
             dev5_spi_err101_video_task_.load(std::memory_order_relaxed) ? "baby_video" : "other",
             (unsigned) dev5_spi_err101_int_free_.load(std::memory_order_relaxed),
             (unsigned) dev5_spi_err101_int_largest_.load(std::memory_order_relaxed),
             (unsigned) dev5_spi_err101_dma_free_.load(std::memory_order_relaxed),
             (unsigned) dev5_spi_err101_dma_largest_.load(std::memory_order_relaxed),
             (unsigned) dev5_spi_err101_stack_.load(std::memory_order_relaxed));
  }
}

bool BabyMonitor::decode_and_display_(const uint8_t *jpeg, size_t jpeg_length) {
  // Normally guaranteed by start_session_(). Keep a defensive check so future
  // call paths cannot dereference a missing decoder. This path still avoids
  // global operator new.
  if (!ensure_jpeg_decoder_()) return false;

  if (video_framebuffer_ == nullptr) {
    video_framebuffer_ = static_cast<uint8_t *>(
        heap_caps_malloc(VIDEO_FRAMEBUFFER_BYTES, MALLOC_CAP_SPIRAM | MALLOC_CAP_8BIT));
    if (video_framebuffer_ == nullptr) {
      ESP_LOGE(TAG, "QVGA framebuffer allocation failed: %u B, free_psram=%u B largest_psram=%u B",
               (unsigned) VIDEO_FRAMEBUFFER_BYTES,
               (unsigned) heap_caps_get_free_size(MALLOC_CAP_SPIRAM),
               (unsigned) heap_caps_get_largest_free_block(MALLOC_CAP_SPIRAM));
      return false;
    }
    memset(video_framebuffer_, 0, VIDEO_FRAMEBUFFER_BYTES);
    ESP_LOGI(TAG, "QVGA RGB565 framebuffer ready: %u B in PSRAM", (unsigned) VIDEO_FRAMEBUFFER_BYTES);
  }

  JPEGDEC &dec = *jpeg_decoder_;
  if (!dec.openRAM(const_cast<uint8_t *>(jpeg), static_cast<int>(jpeg_length), jpeg_draw_callback_)) {
    ESP_LOGW(TAG, "JPEGDEC open failed: %d", dec.getLastError());
    return false;
  }
  if (dec.getJPEGType() != JPEG_MODE_BASELINE) {
    dec.close();
    return false;
  }
  if (dec.getWidth() != 640 || dec.getHeight() != 480)
    ESP_LOGW(TAG, "Unexpected JPEG size %dx%d", dec.getWidth(), dec.getHeight());

  dec.setUserPointer(this);
  dec.setPixelType(RGB565_BIG_ENDIAN);
  current_frame_lcd_blocks_ = 0;

  const int64_t total_start_us = esp_timer_get_time();
  const int64_t decode_start_us = total_start_us;
  const int ok = dec.decode(0, 0, JPEG_SCALE_HALF);
  const int err = dec.getLastError();
  const uint32_t decode_us = static_cast<uint32_t>(esp_timer_get_time() - decode_start_us);
  dec.close();
  if (!ok) {
    ESP_LOGW(TAG, "JPEG decode failed: %d", err);
    return false;
  }

  if (!display_ || !enabled_.load() || stop_requested_.load() || video_reset_requested_.load()) return false;

  // v1.1.0 zero-copy video handoff. The detector sees the decoded camera
  // frame before local UI overlays are drawn. It receives the existing PSRAM
  // framebuffer directly; no second QVGA framebuffer is allocated.
  motion_detector_.process_rgb565_be(video_framebuffer_, static_cast<uint16_t>(VIDEO_WIDTH),
                                     static_cast<uint16_t>(VIDEO_HEIGHT), VIDEO_WIDTH * 2);

  // Draw the lightweight UI directly into the completed RGB565 framebuffer.
  // No LVGL, no widget tree and no extra display refresh.
  render_ui_overlay_();

  const int64_t lcd_start_us = esp_timer_get_time();
  dev6_draw_staged_frame_("video");
  const uint32_t lcd_us = static_cast<uint32_t>(esp_timer_get_time() - lcd_start_us);
  const uint32_t total_us = static_cast<uint32_t>(esp_timer_get_time() - total_start_us);

  video_decode_us_total_.fetch_add(total_us);
  video_lcd_us_total_.fetch_add(lcd_us);
  video_other_us_total_.fetch_add(decode_us);
  video_lcd_blocks_total_.fetch_add(current_frame_lcd_blocks_);
  video_decode_count_.fetch_add(1);

  uint32_t prev_max = video_decode_us_max_.load();
  while (total_us > prev_max && !video_decode_us_max_.compare_exchange_weak(prev_max, total_us)) {}
  prev_max = video_lcd_us_max_.load();
  while (lcd_us > prev_max && !video_lcd_us_max_.compare_exchange_weak(prev_max, lcd_us)) {}
  prev_max = video_other_us_max_.load();
  while (decode_us > prev_max && !video_other_us_max_.compare_exchange_weak(prev_max, decode_us)) {}

  ESP_LOGD(TAG, "JPEG %u B: total=%u ms decode=%u ms lcd_flush=%u ms jpeg_blocks=%u",
           (unsigned) jpeg_length, (unsigned) (total_us / 1000), (unsigned) (decode_us / 1000),
           (unsigned) (lcd_us / 1000), (unsigned) current_frame_lcd_blocks_);
  return true;
}


// -----------------------------------------------------------------------------
// Lightweight framebuffer UI
// -----------------------------------------------------------------------------
// 3x5 glyphs packed row-major, bit 14 = top-left. Only A-Z, 0-9 and '-'.
uint16_t BabyMonitor::ui_glyph3x5_(char c) {
  c = static_cast<char>(std::toupper(static_cast<unsigned char>(c)));
  switch (c) {
    case 'A': return 0b010101111101101;
    case 'B': return 0b110101110101110;
    case 'C': return 0b011100100100011;
    case 'D': return 0b110101101101110;
    case 'E': return 0b111100110100111;
    case 'F': return 0b111100110100100;
    case 'G': return 0b011100101101011;
    case 'H': return 0b101101111101101;
    case 'I': return 0b111010010010111;
    case 'J': return 0b001001001101010;
    case 'K': return 0b101101110101101;
    case 'L': return 0b100100100100111;
    case 'M': return 0b101111111101101;
    case 'N': return 0b101111111111101;
    case 'O': return 0b010101101101010;
    case 'P': return 0b110101110100100;
    case 'Q': return 0b010101101111011;
    case 'R': return 0b110101110101101;
    case 'S': return 0b011100010001110;
    case 'T': return 0b111010010010010;
    case 'U': return 0b101101101101111;
    case 'V': return 0b101101101101010;
    case 'W': return 0b101101111111101;
    case 'X': return 0b101101010101101;
    case 'Y': return 0b101101010010010;
    case 'Z': return 0b111001010100111;
    case '0': return 0b111101101101111;
    case '1': return 0b010110010010111;
    case '2': return 0b110001010100111;
    case '3': return 0b110001010001110;
    case '4': return 0b101101111001001;
    case '5': return 0b111100110001110;
    case '6': return 0b011100110101010;
    case '7': return 0b111001010010010;
    case '8': return 0b010101010101010;
    case '9': return 0b010101011001110;
    case '-': return 0b000000111000000;
    default:  return 0;
  }
}

void BabyMonitor::ui_set_pixel_(int x, int y, uint16_t rgb565) {
  if (video_framebuffer_ == nullptr || x < 0 || y < 0 || x >= static_cast<int>(VIDEO_WIDTH) || y >= static_cast<int>(VIDEO_HEIGHT)) return;
  const size_t off = (static_cast<size_t>(y) * VIDEO_WIDTH + static_cast<size_t>(x)) * 2;
  // Framebuffer is RGB565 big-endian, matching JPEGDEC output and display byte_order.
  video_framebuffer_[off] = static_cast<uint8_t>(rgb565 >> 8);
  video_framebuffer_[off + 1] = static_cast<uint8_t>(rgb565 & 0xff);
}

uint16_t BabyMonitor::ui_get_pixel_(int x, int y) const {
  if (video_framebuffer_ == nullptr || x < 0 || y < 0 || x >= static_cast<int>(VIDEO_WIDTH) || y >= static_cast<int>(VIDEO_HEIGHT)) return 0;
  const size_t off = (static_cast<size_t>(y) * VIDEO_WIDTH + static_cast<size_t>(x)) * 2;
  return (static_cast<uint16_t>(video_framebuffer_[off]) << 8) | video_framebuffer_[off + 1];
}

uint16_t BabyMonitor::ui_blend565_(uint16_t dst, uint16_t src, uint8_t alpha) {
  const uint32_t inv = 255U - alpha;
  const uint32_t dr = (dst >> 11) & 0x1f, dg = (dst >> 5) & 0x3f, db = dst & 0x1f;
  const uint32_t sr = (src >> 11) & 0x1f, sg = (src >> 5) & 0x3f, sb = src & 0x1f;
  const uint32_t r = (dr * inv + sr * alpha + 127U) / 255U;
  const uint32_t g = (dg * inv + sg * alpha + 127U) / 255U;
  const uint32_t b = (db * inv + sb * alpha + 127U) / 255U;
  return static_cast<uint16_t>((r << 11) | (g << 5) | b);
}

void BabyMonitor::ui_blend_rect_(int x, int y, int w, int h, uint16_t rgb565, uint8_t alpha) {
  if (w <= 0 || h <= 0 || alpha == 0) return;
  const int x0 = std::max(0, x), y0 = std::max(0, y);
  const int x1 = std::min(static_cast<int>(VIDEO_WIDTH), x + w);
  const int y1 = std::min(static_cast<int>(VIDEO_HEIGHT), y + h);
  for (int yy = y0; yy < y1; ++yy)
    for (int xx = x0; xx < x1; ++xx)
      ui_set_pixel_(xx, yy, ui_blend565_(ui_get_pixel_(xx, yy), rgb565, alpha));
}

void BabyMonitor::ui_blend_round_rect_(int x, int y, int w, int h, int radius, uint16_t rgb565, uint8_t alpha) {
  if (w <= 0 || h <= 0) return;
  radius = std::max(0, std::min(radius, std::min(w, h) / 2));
  for (int yy = 0; yy < h; ++yy) {
    int inset = 0;
    if (yy < radius) inset = radius - yy - 1;
    else if (yy >= h - radius) inset = yy - (h - radius);
    ui_blend_rect_(x + inset, y + yy, w - 2 * inset, 1, rgb565, alpha);
  }
}

void BabyMonitor::ui_draw_text_fg_(int x, int y, const char *text, uint16_t fg, uint8_t scale) {
  if (text == nullptr || scale == 0) return;
  int cx = x;
  for (const char *p = text; *p; ++p) {
    if (*p == ' ') { cx += 4 * scale; continue; }
    const uint16_t glyph = ui_glyph3x5_(*p);
    for (int row = 0; row < 5; ++row)
      for (int col = 0; col < 3; ++col) {
        const int bit = 14 - (row * 3 + col);
        if ((glyph >> bit) & 1U)
          ui_fill_rect_(cx + col * scale, y + row * scale, scale, scale, fg);
      }
    cx += 4 * scale;
  }
}

void BabyMonitor::ui_fill_rect_(int x, int y, int w, int h, uint16_t rgb565) {
  if (w <= 0 || h <= 0) return;
  int x0 = std::max(0, x), y0 = std::max(0, y);
  int x1 = std::min(static_cast<int>(VIDEO_WIDTH), x + w);
  int y1 = std::min(static_cast<int>(VIDEO_HEIGHT), y + h);
  for (int yy = y0; yy < y1; ++yy)
    for (int xx = x0; xx < x1; ++xx)
      ui_set_pixel_(xx, yy, rgb565);
}

void BabyMonitor::ui_draw_rect_(int x, int y, int w, int h, uint16_t rgb565) {
  if (w <= 0 || h <= 0) return;
  for (int xx = x; xx < x + w; ++xx) { ui_set_pixel_(xx, y, rgb565); ui_set_pixel_(xx, y + h - 1, rgb565); }
  for (int yy = y; yy < y + h; ++yy) { ui_set_pixel_(x, yy, rgb565); ui_set_pixel_(x + w - 1, yy, rgb565); }
}

void BabyMonitor::ui_draw_text_(int x, int y, const char *text, uint16_t fg, uint16_t bg, uint8_t scale) {
  if (text == nullptr || scale == 0) return;
  int cx = x;
  for (const char *p = text; *p; ++p) {
    if (*p == ' ') { cx += 4 * scale; continue; }
    const uint16_t glyph = ui_glyph3x5_(*p);
    // Solid tiny background makes text readable over a moving camera image.
    ui_fill_rect_(cx, y, 3 * scale, 5 * scale, bg);
    for (int row = 0; row < 5; ++row) {
      for (int col = 0; col < 3; ++col) {
        const int bit = 14 - (row * 3 + col);
        if ((glyph >> bit) & 1U)
          ui_fill_rect_(cx + col * scale, y + row * scale, scale, scale, fg);
      }
    }
    cx += 4 * scale;
  }
}

void BabyMonitor::update_ui_wifi_() {
  const uint32_t now = millis();
  if (now - ui_last_wifi_ms_ < 1000 && ui_last_wifi_ms_ != 0) return;
  ui_last_wifi_ms_ = now;
  wifi_ap_record_t ap{};
  if (esp_wifi_sta_get_ap_info(&ap) == ESP_OK) ui_wifi_rssi_ = ap.rssi;
  else ui_wifi_rssi_ = -127;
}

void BabyMonitor::ui_draw_wifi_() {
  update_ui_wifi_();
  constexpr int x = 74, y = 4;
  ui_blend_round_rect_(x - 5, y - 3, 26, 16, 4, 0x0000, 118);
  int bars = 0;
  if (ui_wifi_rssi_ > -90) bars = 1;
  if (ui_wifi_rssi_ > -78) bars = 2;
  if (ui_wifi_rssi_ > -67) bars = 3;
  if (ui_wifi_rssi_ > -55) bars = 4;
  for (int i = 0; i < 4; ++i) {
    const int h = 2 + i * 2;
    const uint16_t color = (i < bars) ? 0xffff : 0x8410;
    ui_fill_rect_(x + i * 5, y + 8 - h, 3, h, color);
  }
}

void BabyMonitor::ui_draw_battery_placeholder_() {
  constexpr int x = 47, y = 4;
  ui_blend_round_rect_(x - 5, y - 3, 27, 16, 4, 0x0000, 118);
  ui_draw_rect_(x, y, 17, 9, 0xffff);
  ui_fill_rect_(x + 17, y + 3, 2, 3, 0xffff);
  const int pct = ui_battery_percent_.load();
  if (pct < 0) {
    ui_draw_text_fg_(x + 4, y + 2, "--", 0xbdf7, 1);
    return;
  }
  const int fill = (pct * 13 + 50) / 100;
  uint16_t color = 0x07e0;
  if (pct <= 15) color = 0xf800;
  else if (pct <= 35) color = 0xfd20;
  if (fill > 0) ui_fill_rect_(x + 2, y + 2, fill, 5, color);
}

void BabyMonitor::ui_draw_media_status_() {
  constexpr int x = 4, y = 4;
  ui_blend_round_rect_(x - 2, y - 2, 36, 15, 4, 0x0000, 118);
  const uint16_t dot = rtsp_connected_.load() ? 0x07e0 : 0xf800;
  ui_fill_rect_(x, y + 2, 5, 5, dot);
  ui_draw_text_fg_(x + 8, y + 1, "RTSP", 0xffff, 1);
}

void BabyMonitor::ui_draw_camera_name_() {
  const char *name = cameras_[active_camera_].name.c_str();
  const size_t len = cameras_[active_camera_].name.size();
  const int scale = 2;
  const int text_w = static_cast<int>(len) * 4 * scale - scale;
  const int box_w = text_w + 14;
  const int x = (static_cast<int>(VIDEO_WIDTH) - box_w) / 2;
  const int y = static_cast<int>(VIDEO_HEIGHT) - 19;
  ui_blend_round_rect_(x, y, box_w, 16, 5, 0x0000, 128);
  ui_draw_text_fg_(x + 7, y + 3, name, 0xffff, scale);
}

void BabyMonitor::ui_draw_alarm_border_(uint8_t level) {
  if (level == 0) return;

  // Lekka animacja bez osobnego tasku/UI refresh. Faza jest liczona
  // tylko podczas renderowania kolejnej klatki kamery.
  const uint32_t now = millis();
  uint16_t color;
  int thickness;
  if (level >= 2) {
    // Level 2: szybkie czerwone pulsowanie 4 Hz, grubsza ramka.
    color = ((now / 250U) & 1U) ? 0xf800 : 0x7800;
    thickness = 5;
  } else {
    // Level 1: calmer orange pulsing at 2 Hz.
    color = ((now / 500U) & 1U) ? 0xfd20 : 0x8200;
    thickness = 3;
  }
  // The panel clips the outermost pixels on the left and top edges.
  // Shift only those two edges by 2 px; the right (x=319) and bottom
  // (y=239) edges remain in their existing positions.
  constexpr int LEFT_INSET = 2;
  constexpr int TOP_INSET = 2;
  for (int i = 0; i < thickness; ++i) {
    const int x = LEFT_INSET + i;
    const int y = TOP_INSET + i;
    const int right = static_cast<int>(VIDEO_WIDTH) - 1 - i;
    const int bottom = static_cast<int>(VIDEO_HEIGHT) - 1 - i;
    ui_draw_rect_(x, y, right - x + 1, bottom - y + 1, color);
  }
}

void BabyMonitor::ui_draw_alarm_causes_(uint8_t mask) {
  if (mask == 0) return;

  // v1.5.0: alarm causes extend the left status bar to the right.
  // Sound T2 supersedes T1 in the UI; motion and Cry may be shown together.
  // When audio is ON the mute icon disappears and the alarm group closes the gap.
  int x = audio_enabled_.load() ? 103 : 129;
  constexpr int y = 2;
  constexpr int box_w = 22;
  constexpr int box_h = 16;
  constexpr int gap = 3;
  const uint16_t white = 0xffff;
  const uint16_t amber = 0xfd20;
  const uint16_t red = 0xf800;

  auto box = [&](uint16_t accent) {
    ui_blend_round_rect_(x, y, box_w, box_h, 4, 0x0000, 138);
    ui_fill_rect_(x + 2, y + box_h - 2, box_w - 4, 1, accent);
  };
  auto advance = [&]() { x += box_w + gap; };

  if (mask & 0x01U) {  // local motion
    box(amber);
    // Small moving-person pictogram.
    ui_fill_rect_(x + 10, y + 3, 3, 3, white);          // head
    ui_fill_rect_(x + 9, y + 6, 3, 5, white);           // torso
    ui_fill_rect_(x + 6, y + 7, 4, 2, white);           // rear arm
    ui_fill_rect_(x + 12, y + 7, 4, 2, white);          // front arm
    ui_fill_rect_(x + 7, y + 11, 4, 2, white);          // rear leg
    ui_fill_rect_(x + 11, y + 10, 2, 4, white);         // front leg
    advance();
  }

  if (mask & 0x04U) {  // sound T2
    box(red);
    ui_fill_rect_(x + 5, y + 7, 4, 5, white);
    ui_fill_rect_(x + 9, y + 6, 2, 7, white);
    ui_fill_rect_(x + 11, y + 5, 2, 9, white);
    ui_fill_rect_(x + 15, y + 6, 1, 7, red);
    ui_fill_rect_(x + 18, y + 4, 1, 11, red);
    advance();
  } else if (mask & 0x02U) {  // sound T1
    box(amber);
    ui_fill_rect_(x + 5, y + 7, 4, 5, white);
    ui_fill_rect_(x + 9, y + 6, 2, 7, white);
    ui_fill_rect_(x + 11, y + 5, 2, 9, white);
    ui_fill_rect_(x + 16, y + 6, 1, 7, amber);
    advance();
  }

  if (mask & 0x08U) {  // local Cry ML
    box(red);
    // Baby-face / tear pictogram kept intentionally geometric for 320x240 UI.
    ui_draw_rect_(x + 6, y + 4, 10, 9, white);
    ui_fill_rect_(x + 8, y + 6, 2, 2, white);
    ui_fill_rect_(x + 13, y + 6, 2, 2, white);
    ui_fill_rect_(x + 9, y + 10, 5, 1, white);
    ui_fill_rect_(x + 17, y + 9, 2, 3, red);
    ui_set_pixel_(x + 18, y + 12, red);
    advance();
  }
}

void BabyMonitor::ui_draw_mute_icon_() {
  if (audio_enabled_.load()) return;
  constexpr int x = 103, y = 3;
  ui_blend_round_rect_(x - 3, y - 2, 26, 16, 4, 0x0000, 128);
  const uint16_t white = 0xffff;
  const uint16_t red = 0xf800;
  ui_fill_rect_(x, y + 4, 4, 5, white);
  ui_fill_rect_(x + 4, y + 3, 2, 7, white);
  ui_fill_rect_(x + 6, y + 2, 2, 9, white);
  for (int i = 0; i < 12; ++i) {
    ui_set_pixel_(x + 9 + i, y + i, red);
    ui_set_pixel_(x + 9 + i, y + i + 1, red);
  }
}

void BabyMonitor::render_no_stream_placeholder_() {
  if (!display_ || !enabled_.load()) return;
  if (video_framebuffer_ == nullptr) {
    video_framebuffer_ = static_cast<uint8_t *>(
        heap_caps_malloc(VIDEO_FRAMEBUFFER_BYTES, MALLOC_CAP_SPIRAM | MALLOC_CAP_8BIT));
    if (video_framebuffer_ == nullptr) {
      ESP_LOGE(TAG, "Placeholder framebuffer allocation failed");
      return;
    }
  }

  // Private v1.0.0 visual variant: restore the prepared 320x240 artwork
  // directly into the existing big-endian RGB565 framebuffer. The artwork is
  // stored RLE-compressed in flash, so it consumes no additional persistent PSRAM.
  size_t px = 0;
  for (size_t i = 0; i + 1 < NO_STREAM_PLACEHOLDER_RLE_WORDS && px < VIDEO_WIDTH * VIDEO_HEIGHT; i += 2) {
    const uint16_t count = NO_STREAM_PLACEHOLDER_RLE[i];
    const uint16_t color = NO_STREAM_PLACEHOLDER_RLE[i + 1];
    for (uint16_t n = 0; n < count && px < VIDEO_WIDTH * VIDEO_HEIGHT; ++n, ++px) {
      const size_t off = px * 2;
      video_framebuffer_[off] = static_cast<uint8_t>(color >> 8);
      video_framebuffer_[off + 1] = static_cast<uint8_t>(color & 0xff);
    }
  }
  if (px != VIDEO_WIDTH * VIDEO_HEIGHT) {
    ESP_LOGE(TAG, "Placeholder RLE decode incomplete: %u/%u pixels", (unsigned) px,
             (unsigned) (VIDEO_WIDTH * VIDEO_HEIGHT));
    return;
  }

  // Preserve the production overlay semantics: RTSP/Wi-Fi/battery/mute,
  // selected camera name and alarm border remain identical to a normal frame.
  render_ui_overlay_();
  dev6_draw_staged_frame_("placeholder");
  ESP_LOGI(TAG, "No-stream image placeholder: %s", cameras_[active_camera_].name.c_str());
}

void BabyMonitor::render_ui_overlay_() {
  if (video_framebuffer_ == nullptr) return;

  // v1.5.0: alarm border is the bottom overlay layer. Status/name UI is
  // drawn afterwards, so the frame never paints over interface elements.
  ui_draw_alarm_border_(ui_alarm_level_.load());
  ui_draw_media_status_();
  ui_draw_battery_placeholder_();
  ui_draw_wifi_();
  ui_draw_mute_icon_();
  ui_draw_alarm_causes_(ui_alarm_cause_mask_.load());
  ui_draw_camera_name_();
}

bool BabyMonitor::parse_auth_challenge_(const std::string &h){std::string l=lowercase_(h);if(l.rfind("digest",0)==0){auth_.type=RtspAuth::Type::DIGEST;auth_.realm=find_param_(h,"realm");auth_.nonce=find_param_(h,"nonce");auth_.opaque=find_param_(h,"opaque");auth_.qop=find_param_(h,"qop");auth_.algorithm=find_param_(h,"algorithm");auth_.nonce_count=0;return !auth_.realm.empty()&&!auth_.nonce.empty()&&(auth_.algorithm.empty()||lowercase_(auth_.algorithm)=="md5");}if(l.rfind("basic",0)==0){auth_.type=RtspAuth::Type::BASIC;return true;}return false;}
std::string BabyMonitor::build_authorization_(const CameraConfig &cam,const std::string &method,const std::string &uri){if(auth_.type==RtspAuth::Type::NONE)return{};if(auth_.type==RtspAuth::Type::BASIC)return basic_authorization_(cam);std::string ha1=md5_hex_(cam.username+":"+auth_.realm+":"+cam.password),ha2=md5_hex_(method+":"+uri);std::ostringstream o;o<<"Digest username=\""<<cam.username<<"\", realm=\""<<auth_.realm<<"\", nonce=\""<<auth_.nonce<<"\", uri=\""<<uri<<"\"";if(lowercase_(auth_.qop).find("auth")!=std::string::npos){auth_.nonce_count++;char nc[9];snprintf(nc,sizeof(nc),"%08lx",(unsigned long)auth_.nonce_count);std::string cn=md5_hex_(std::to_string(esp_random())+uri).substr(0,16);std::string resp=md5_hex_(ha1+":"+auth_.nonce+":"+nc+":"+cn+":auth:"+ha2);o<<", response=\""<<resp<<"\", qop=auth, nc="<<nc<<", cnonce=\""<<cn<<"\"";}else{o<<", response=\""<<md5_hex_(ha1+":"+auth_.nonce+":"+ha2)<<"\"";}if(!auth_.opaque.empty())o<<", opaque=\""<<auth_.opaque<<"\"";o<<", algorithm=MD5";return o.str();}
std::string BabyMonitor::md5_hex_(const std::string &in)const{const mbedtls_md_info_t *info=mbedtls_md_info_from_type(MBEDTLS_MD_MD5);unsigned char d[16];if(!info||mbedtls_md(info,(const unsigned char*)in.data(),in.size(),d)!=0)return{};static const char H[]="0123456789abcdef";std::string o(32,'0');for(int i=0;i<16;i++){o[i*2]=H[d[i]>>4];o[i*2+1]=H[d[i]&15];}return o;}
std::string BabyMonitor::basic_authorization_(const CameraConfig &cam)const{std::string raw=cam.username+":"+cam.password;size_t olen=0;std::vector<unsigned char> out(((raw.size()+2)/3)*4+1);if(mbedtls_base64_encode(out.data(),out.size(),&olen,(const unsigned char*)raw.data(),raw.size())!=0)return{};return "Basic "+std::string((char*)out.data(),olen);}

bool BabyMonitor::parse_sdp_(const std::string &sdp,SdpTrack &video,SdpTrack &audio,std::string &session_control){SdpTrack *cur=nullptr;std::istringstream in(sdp);std::string line;while(std::getline(in,line)){if(!line.empty()&&line.back()=='\r')line.pop_back();if(line.rfind("m=",0)==0){cur=nullptr;std::istringstream ms(line.substr(2));std::string media,port,proto;int pt=-1;ms>>media>>port>>proto>>pt;if(media=="video")cur=&video;else if(media=="audio")cur=&audio;if(cur){cur->valid=true;cur->media=media;cur->payload_type=pt;}}else if(line.rfind("a=control:",0)==0){std::string c=trim_(line.substr(10));if(cur)cur->control=c;else session_control=c;}else if(line.rfind("a=rtpmap:",0)==0&&cur){std::string m=trim_(line.substr(9));size_t sp=m.find(' ');if(sp!=std::string::npos)cur->rtpmap=trim_(m.substr(sp+1));}else if(line.rfind("a=fmtp:",0)==0&&cur){std::string m=trim_(line.substr(7));size_t sp=m.find(' ');if(sp!=std::string::npos)cur->fmtp=trim_(m.substr(sp+1));}}if(video.valid&&video.control.empty())video.valid=false;if(audio.valid&&audio.control.empty())audio.valid=false;return video.valid||audio.valid;}
std::string BabyMonitor::resolve_control_url_(const std::string &base,const std::string &control)const{if(control.empty()||control=="*")return base;if(control.rfind("rtsp://",0)==0)return control;if(!base.empty()&&base.back()=='/')return base+control;return base+"/"+control;}
std::string BabyMonitor::request_url_(const CameraConfig &cam)const{return "rtsp://"+cam.host+":"+std::to_string(cam.port)+cam.path;}
std::string BabyMonitor::trim_(const std::string &v){size_t a=v.find_first_not_of(" \t\r\n");if(a==std::string::npos)return{};size_t b=v.find_last_not_of(" \t\r\n");return v.substr(a,b-a+1);}
std::string BabyMonitor::lowercase_(std::string v){std::transform(v.begin(),v.end(),v.begin(),[](unsigned char c){return(char)std::tolower(c);});return v;}
std::string BabyMonitor::find_param_(const std::string &src,const char *name){std::string low=lowercase_(src),key=lowercase_(name)+"=";size_t p=low.find(key);if(p==std::string::npos)return{};p+=key.size();while(p<src.size()&&src[p]==' ')p++;if(p<src.size()&&src[p]=='\"'){size_t e=src.find('\"',p+1);return e==std::string::npos?std::string{}:src.substr(p+1,e-p-1);}size_t e=src.find_first_of(", \r\n",p);return src.substr(p,e==std::string::npos?std::string::npos:e-p);}

}  // namespace esphome::baby_monitor
